occurrence_id,decision_id,unit_id,semantic_unit_id,source_path,source_line_start,source_line_end,source_sha256,target_path,target_line_start,target_line_end,target_sha256,reader_status,printed_page,assembled_pdf_page
jv-Latn-ID-JV-T001-OCC-001,JV-T001,OLP-0001,OLP-0001-P002,upstream/content/open-logic-about.tex,5,9,f1212d77679b9080a2cbf1ba03f9b71f0993db10b1b28464c423652f95b5fd33,translation/content/open-logic-about.tex,6,6,85526ca61d37a3a6a66ad783cb35e77e732f6a3ad417c36c9b2200509229d106,pending,,
jv-Latn-ID-JV-T002-OCC-001,JV-T002,OLP-0001,OLP-0001-P002,upstream/content/open-logic-about.tex,5,9,f1212d77679b9080a2cbf1ba03f9b71f0993db10b1b28464c423652f95b5fd33,translation/content/open-logic-about.tex,6,6,85526ca61d37a3a6a66ad783cb35e77e732f6a3ad417c36c9b2200509229d106,pending,,
jv-Latn-ID-JV-T003-OCC-001,JV-T003,OLP-0004,OLP-0004-P004,upstream/content/sets-functions-relations/sets/sets.tex,8,8,98a8964a95d72ab3004decdef3ee74f1dd1f221dd06dfc0e6d44eff52104f277,translation/content/sets-functions-relations/sets/sets.tex,8,8,a363c40c13928b49e4b3937c047cdb024897849d501a395ea0bd6509167fc1f8,pending,,
jv-Latn-ID-JV-T004-OCC-001,JV-T004,OLP-0005,OLP-0005-P005,upstream/content/sets-functions-relations/sets/basics.tex,12,17,232ff51f51e74fcfee836650f3c597b54bf10ba5363c648a0c05fe8222e4a865,translation/content/sets-functions-relations/sets/basics.tex,14,14,286ae2b34806efbcfc6163777624e1115c15c2497251e8b462b93bd86e86c9f9,pending,,
jv-Latn-ID-JV-T004-OCC-002,JV-T004,OLP-0005,OLP-0005-P005,upstream/content/sets-functions-relations/sets/basics.tex,12,17,232ff51f51e74fcfee836650f3c597b54bf10ba5363c648a0c05fe8222e4a865,translation/content/sets-functions-relations/sets/basics.tex,13,13,286ae2b34806efbcfc6163777624e1115c15c2497251e8b462b93bd86e86c9f9,pending,,
jv-Latn-ID-JV-T005-OCC-001,JV-T005,OLP-0005,OLP-0005-P004,upstream/content/sets-functions-relations/sets/basics.tex,9,10,232ff51f51e74fcfee836650f3c597b54bf10ba5363c648a0c05fe8222e4a865,translation/content/sets-functions-relations/sets/basics.tex,10,10,286ae2b34806efbcfc6163777624e1115c15c2497251e8b462b93bd86e86c9f9,pending,,
jv-Latn-ID-JV-T006-OCC-001,JV-T006,OLP-0006,OLP-0006-P004,upstream/content/sets-functions-relations/sets/subsets.tex,9,10,63d819c246577b3bfd8ba2a933f114b58c6549bdc4fa6ea8ffa8ab07c7fed4b7,translation/content/sets-functions-relations/sets/subsets.tex,10,10,08c140fad2bc2fdb10bf07ad6962715f58dbcaafaabfa57ef9cc76be71087842,pending,,
jv-Latn-ID-JV-T007-OCC-001,JV-T007,OLP-0006,OLP-0006-P006,upstream/content/sets-functions-relations/sets/subsets.tex,19,25,63d819c246577b3bfd8ba2a933f114b58c6549bdc4fa6ea8ffa8ab07c7fed4b7,translation/content/sets-functions-relations/sets/subsets.tex,25,25,08c140fad2bc2fdb10bf07ad6962715f58dbcaafaabfa57ef9cc76be71087842,pending,,
jv-Latn-ID-JV-T008-OCC-001,JV-T008,OLP-0006,OLP-0006-P004,upstream/content/sets-functions-relations/sets/subsets.tex,9,10,63d819c246577b3bfd8ba2a933f114b58c6549bdc4fa6ea8ffa8ab07c7fed4b7,translation/content/sets-functions-relations/sets/subsets.tex,9,10,08c140fad2bc2fdb10bf07ad6962715f58dbcaafaabfa57ef9cc76be71087842,pending,,
jv-Latn-ID-JV-T009-OCC-001,JV-T009,OLP-0005,OLP-0005-P007,upstream/content/sets-functions-relations/sets/basics.tex,26,30,232ff51f51e74fcfee836650f3c597b54bf10ba5363c648a0c05fe8222e4a865,translation/content/sets-functions-relations/sets/basics.tex,27,27,286ae2b34806efbcfc6163777624e1115c15c2497251e8b462b93bd86e86c9f9,pending,,
jv-Latn-ID-JV-T010-OCC-001,JV-T010,OLP-0005,OLP-0005-P005,upstream/content/sets-functions-relations/sets/basics.tex,12,17,232ff51f51e74fcfee836650f3c597b54bf10ba5363c648a0c05fe8222e4a865,translation/content/sets-functions-relations/sets/basics.tex,16,16,286ae2b34806efbcfc6163777624e1115c15c2497251e8b462b93bd86e86c9f9,pending,,
jv-Latn-ID-JV-T011-OCC-001,JV-T011,OLP-0005,OLP-0005-P014,upstream/content/sets-functions-relations/sets/basics.tex,98,101,232ff51f51e74fcfee836650f3c597b54bf10ba5363c648a0c05fe8222e4a865,translation/content/sets-functions-relations/sets/basics.tex,101,101,286ae2b34806efbcfc6163777624e1115c15c2497251e8b462b93bd86e86c9f9,pending,,
jv-Latn-ID-JV-T012-OCC-001,JV-T012,OLP-0031,OLP-0031-P013,upstream/content/sets-functions-relations/size-of-sets/pairing.tex,79,84,fb6cc1176e91e56cea5f5b9708723c59191813f8fe256aac8ed0457a0119a9bf,translation/content/sets-functions-relations/size-of-sets/pairing.tex,80,80,b766c4a116aba8a91e807ea82a9078112fa9cd0196247fa4af114ae689f61804,pending,,
jv-Latn-ID-JV-T013-OCC-001,JV-T013,OLP-0007,OLP-0007-P005,upstream/content/sets-functions-relations/sets/important-sets.tex,12,27,ec2115fa48ea6c6684a65bdf2f504102ca0a74b40cf88293dfc12f4ab97ada02,translation/content/sets-functions-relations/sets/important-sets.tex,18,18,dd1c24aa0812ba695c1b8a5cd5c4899b99c0e99abff9f1313048fc80e558ea2d,pending,,
jv-Latn-ID-JV-T014-OCC-001,JV-T014,OLP-0007,OLP-0007-P005,upstream/content/sets-functions-relations/sets/important-sets.tex,12,27,ec2115fa48ea6c6684a65bdf2f504102ca0a74b40cf88293dfc12f4ab97ada02,translation/content/sets-functions-relations/sets/important-sets.tex,20,20,dd1c24aa0812ba695c1b8a5cd5c4899b99c0e99abff9f1313048fc80e558ea2d,pending,,
jv-Latn-ID-JV-T015-OCC-001,JV-T015,OLP-0007,OLP-0007-P005,upstream/content/sets-functions-relations/sets/important-sets.tex,12,27,ec2115fa48ea6c6684a65bdf2f504102ca0a74b40cf88293dfc12f4ab97ada02,translation/content/sets-functions-relations/sets/important-sets.tex,22,22,dd1c24aa0812ba695c1b8a5cd5c4899b99c0e99abff9f1313048fc80e558ea2d,pending,,
jv-Latn-ID-JV-T015-OCC-002,JV-T015,OLP-0007,OLP-0007-P005,upstream/content/sets-functions-relations/sets/important-sets.tex,12,27,ec2115fa48ea6c6684a65bdf2f504102ca0a74b40cf88293dfc12f4ab97ada02,translation/content/sets-functions-relations/sets/important-sets.tex,24,24,dd1c24aa0812ba695c1b8a5cd5c4899b99c0e99abff9f1313048fc80e558ea2d,pending,,
jv-Latn-ID-JV-T016-OCC-001,JV-T016,OLP-0007,OLP-0007-P008,upstream/content/sets-functions-relations/sets/important-sets.tex,45,60,ec2115fa48ea6c6684a65bdf2f504102ca0a74b40cf88293dfc12f4ab97ada02,translation/content/sets-functions-relations/sets/important-sets.tex,50,50,dd1c24aa0812ba695c1b8a5cd5c4899b99c0e99abff9f1313048fc80e558ea2d,pending,,
jv-Latn-ID-JV-T016-OCC-002,JV-T016,OLP-0007,OLP-0007-P005,upstream/content/sets-functions-relations/sets/important-sets.tex,12,27,ec2115fa48ea6c6684a65bdf2f504102ca0a74b40cf88293dfc12f4ab97ada02,translation/content/sets-functions-relations/sets/important-sets.tex,26,26,dd1c24aa0812ba695c1b8a5cd5c4899b99c0e99abff9f1313048fc80e558ea2d,pending,,
jv-Latn-ID-JV-T017-OCC-001,JV-T017,OLP-0007,OLP-0007-P008,upstream/content/sets-functions-relations/sets/important-sets.tex,45,60,ec2115fa48ea6c6684a65bdf2f504102ca0a74b40cf88293dfc12f4ab97ada02,translation/content/sets-functions-relations/sets/important-sets.tex,48,48,dd1c24aa0812ba695c1b8a5cd5c4899b99c0e99abff9f1313048fc80e558ea2d,pending,,
jv-Latn-ID-JV-T017-OCC-002,JV-T017,OLP-0007,OLP-0007-P008,upstream/content/sets-functions-relations/sets/important-sets.tex,45,60,ec2115fa48ea6c6684a65bdf2f504102ca0a74b40cf88293dfc12f4ab97ada02,translation/content/sets-functions-relations/sets/important-sets.tex,50,50,dd1c24aa0812ba695c1b8a5cd5c4899b99c0e99abff9f1313048fc80e558ea2d,pending,,
jv-Latn-ID-JV-T018-OCC-001,JV-T018,OLP-0008,OLP-0008-P004,upstream/content/sets-functions-relations/sets/unions-and-intersections.tex,9,10,e556ac6add69b1e6d41123eb05be4adb15f2dc120a3782a721caeab42dbc4529,translation/content/sets-functions-relations/sets/unions-and-intersections.tex,10,10,948bd842a4a9aa2a64153326afb26639b422dfc2aab58a854f6d25d9f4aca4da,pending,,
jv-Latn-ID-JV-T018-OCC-002,JV-T018,OLP-0008,OLP-0008-P004,upstream/content/sets-functions-relations/sets/unions-and-intersections.tex,9,10,e556ac6add69b1e6d41123eb05be4adb15f2dc120a3782a721caeab42dbc4529,translation/content/sets-functions-relations/sets/unions-and-intersections.tex,10,10,948bd842a4a9aa2a64153326afb26639b422dfc2aab58a854f6d25d9f4aca4da,pending,,
jv-Latn-ID-JV-T019-OCC-001,JV-T019,OLP-0008,OLP-0008-P028,upstream/content/sets-functions-relations/sets/unions-and-intersections.tex,162,168,e556ac6add69b1e6d41123eb05be4adb15f2dc120a3782a721caeab42dbc4529,translation/content/sets-functions-relations/sets/unions-and-intersections.tex,176,176,948bd842a4a9aa2a64153326afb26639b422dfc2aab58a854f6d25d9f4aca4da,pending,,
jv-Latn-ID-JV-T019-OCC-002,JV-T019,OLP-0008,OLP-0008-P014,upstream/content/sets-functions-relations/sets/unions-and-intersections.tex,71,79,e556ac6add69b1e6d41123eb05be4adb15f2dc120a3782a721caeab42dbc4529,translation/content/sets-functions-relations/sets/unions-and-intersections.tex,82,82,948bd842a4a9aa2a64153326afb26639b422dfc2aab58a854f6d25d9f4aca4da,pending,,
jv-Latn-ID-JV-T020-OCC-001,JV-T020,OLP-0009,OLP-0009-P005,upstream/content/sets-functions-relations/sets/pairs-and-products.tex,12,17,935f1e0e90dc783a1d5cb3298a38aa8df49af8b424e7282b27dc2ab4e9d85610,translation/content/sets-functions-relations/sets/pairs-and-products.tex,15,15,fa816fc2b1c094a5a0f429bcf8289e8522020b6fafbf33b78581c2d2aca9df6c,pending,,
jv-Latn-ID-JV-T020-OCC-002,JV-T020,OLP-0009,OLP-0009-P004,upstream/content/sets-functions-relations/sets/pairs-and-products.tex,9,10,935f1e0e90dc783a1d5cb3298a38aa8df49af8b424e7282b27dc2ab4e9d85610,translation/content/sets-functions-relations/sets/pairs-and-products.tex,10,10,fa816fc2b1c094a5a0f429bcf8289e8522020b6fafbf33b78581c2d2aca9df6c,pending,,
jv-Latn-ID-JV-T021-OCC-001,JV-T021,OLP-0010,OLP-0010-P004,upstream/content/sets-functions-relations/sets/russells-paradox.tex,10,11,aa8e94675f56112d8952b81d17968545b54c33393bfc466745edcaca30f4453a,translation/content/sets-functions-relations/sets/russells-paradox.tex,11,11,d915c7ef109727cc547504d43c31de56416d6cf20edf0718a2f5cd33453c0ec0,pending,,
jv-Latn-ID-JV-T021-OCC-002,JV-T021,OLP-0003,OLP-0003-P004,upstream/content/sets-functions-relations/sets-functions-relations-complete.tex,7,7,f5eb4b8801890604b79298e46a8327f34ca3bb9ed673d798ec3436d349f22926,translation/content/sets-functions-relations/sets-functions-relations-complete.tex,7,7,d16ba8577497a986f68e7e390b8b3ddda02a725bae62aad33e0a726db61d543c,pending,,
jv-Latn-ID-JV-T022-OCC-001,JV-T022,OLP-0005,OLP-0005-P012,upstream/content/sets-functions-relations/sets/basics.tex,73,92,232ff51f51e74fcfee836650f3c597b54bf10ba5363c648a0c05fe8222e4a865,translation/content/sets-functions-relations/sets/basics.tex,76,76,286ae2b34806efbcfc6163777624e1115c15c2497251e8b462b93bd86e86c9f9,pending,,
jv-Latn-ID-JV-T023-OCC-001,JV-T023,OLP-0012,OLP-0012-P004,upstream/content/sets-functions-relations/relations/relations-as-sets.tex,9,10,2a67c6fb4846155e8e7cd8172fd1fb8214db96d508ceae5d70dec95d5dfcc1ff,translation/content/sets-functions-relations/relations/relations-as-sets.tex,10,10,996d70e422fda72c1bfe1d39dbcfc92520c849b97ccdf76af8b05e05d2b2b3ee,pending,,
jv-Latn-ID-JV-T023-OCC-002,JV-T023,OLP-0012,OLP-0012-P009,upstream/content/sets-functions-relations/relations/relations-as-sets.tex,55,59,2a67c6fb4846155e8e7cd8172fd1fb8214db96d508ceae5d70dec95d5dfcc1ff,translation/content/sets-functions-relations/relations/relations-as-sets.tex,61,61,996d70e422fda72c1bfe1d39dbcfc92520c849b97ccdf76af8b05e05d2b2b3ee,pending,,
jv-Latn-ID-JV-T024-OCC-001,JV-T024,OLP-0014,OLP-0014-P006,upstream/content/sets-functions-relations/relations/special-properties.tex,23,26,006f2ea0d65e5069ef1509de94dd35a477ea835c19962da22f4bef48caffbee7,translation/content/sets-functions-relations/relations/special-properties.tex,26,26,a429ff097627cb643ce9ff5a8c6208774197310499fce2898e431733593415c0,pending,,
jv-Latn-ID-JV-T024-OCC-002,JV-T024,OLP-0014,OLP-0014-P013,upstream/content/sets-functions-relations/relations/special-properties.tex,69,72,006f2ea0d65e5069ef1509de94dd35a477ea835c19962da22f4bef48caffbee7,translation/content/sets-functions-relations/relations/special-properties.tex,75,75,a429ff097627cb643ce9ff5a8c6208774197310499fce2898e431733593415c0,pending,,
jv-Latn-ID-JV-T024-OCC-003,JV-T024,OLP-0014,OLP-0014-P007,upstream/content/sets-functions-relations/relations/special-properties.tex,28,31,006f2ea0d65e5069ef1509de94dd35a477ea835c19962da22f4bef48caffbee7,translation/content/sets-functions-relations/relations/special-properties.tex,31,31,a429ff097627cb643ce9ff5a8c6208774197310499fce2898e431733593415c0,pending,,
jv-Latn-ID-JV-T025-OCC-001,JV-T025,OLP-0014,OLP-0014-P008,upstream/content/sets-functions-relations/relations/special-properties.tex,33,36,006f2ea0d65e5069ef1509de94dd35a477ea835c19962da22f4bef48caffbee7,translation/content/sets-functions-relations/relations/special-properties.tex,36,36,a429ff097627cb643ce9ff5a8c6208774197310499fce2898e431733593415c0,pending,,
jv-Latn-ID-JV-T025-OCC-002,JV-T025,OLP-0014,OLP-0014-P009,upstream/content/sets-functions-relations/relations/special-properties.tex,38,42,006f2ea0d65e5069ef1509de94dd35a477ea835c19962da22f4bef48caffbee7,translation/content/sets-functions-relations/relations/special-properties.tex,41,41,a429ff097627cb643ce9ff5a8c6208774197310499fce2898e431733593415c0,pending,,
jv-Latn-ID-JV-T025-OCC-003,JV-T025,OLP-0014,OLP-0014-P014,upstream/content/sets-functions-relations/relations/special-properties.tex,74,77,006f2ea0d65e5069ef1509de94dd35a477ea835c19962da22f4bef48caffbee7,translation/content/sets-functions-relations/relations/special-properties.tex,80,80,a429ff097627cb643ce9ff5a8c6208774197310499fce2898e431733593415c0,pending,,
jv-Latn-ID-JV-T026-OCC-001,JV-T026,OLP-0014,OLP-0014-P011,upstream/content/sets-functions-relations/relations/special-properties.tex,57,60,006f2ea0d65e5069ef1509de94dd35a477ea835c19962da22f4bef48caffbee7,translation/content/sets-functions-relations/relations/special-properties.tex,61,61,a429ff097627cb643ce9ff5a8c6208774197310499fce2898e431733593415c0,pending,,
jv-Latn-ID-JV-T026-OCC-002,JV-T026,OLP-0014,OLP-0014-P005,upstream/content/sets-functions-relations/relations/special-properties.tex,12,21,006f2ea0d65e5069ef1509de94dd35a477ea835c19962da22f4bef48caffbee7,translation/content/sets-functions-relations/relations/special-properties.tex,22,22,a429ff097627cb643ce9ff5a8c6208774197310499fce2898e431733593415c0,pending,,
jv-Latn-ID-JV-T026-OCC-003,JV-T026,OLP-0016,OLP-0016-P014,upstream/content/sets-functions-relations/relations/orders.tex,82,85,79593789022fef31c0609b9c94856e2aef5cd5e88e92864e782bb6e6e5f4bce4,translation/content/sets-functions-relations/relations/orders.tex,96,96,ed186341e68120595422008bca45a08f292eb31b1a29d8910f717ad637610ea6,pending,,
jv-Latn-ID-JV-T027-OCC-001,JV-T027,OLP-0012,OLP-0012-P010,upstream/content/sets-functions-relations/relations/relations-as-sets.tex,61,106,2a67c6fb4846155e8e7cd8172fd1fb8214db96d508ceae5d70dec95d5dfcc1ff,translation/content/sets-functions-relations/relations/relations-as-sets.tex,90,90,996d70e422fda72c1bfe1d39dbcfc92520c849b97ccdf76af8b05e05d2b2b3ee,pending,,
jv-Latn-ID-JV-T027-OCC-002,JV-T027,OLP-0012,OLP-0012-P011,upstream/content/sets-functions-relations/relations/relations-as-sets.tex,108,118,2a67c6fb4846155e8e7cd8172fd1fb8214db96d508ceae5d70dec95d5dfcc1ff,translation/content/sets-functions-relations/relations/relations-as-sets.tex,126,126,996d70e422fda72c1bfe1d39dbcfc92520c849b97ccdf76af8b05e05d2b2b3ee,pending,,
jv-Latn-ID-JV-T027-OCC-003,JV-T027,OLP-0012,OLP-0012-P011,upstream/content/sets-functions-relations/relations/relations-as-sets.tex,108,118,2a67c6fb4846155e8e7cd8172fd1fb8214db96d508ceae5d70dec95d5dfcc1ff,translation/content/sets-functions-relations/relations/relations-as-sets.tex,124,124,996d70e422fda72c1bfe1d39dbcfc92520c849b97ccdf76af8b05e05d2b2b3ee,pending,,
jv-Latn-ID-JV-T028-OCC-001,JV-T028,OLP-0010,OLP-0010-P006,upstream/content/sets-functions-relations/sets/russells-paradox.tex,21,25,aa8e94675f56112d8952b81d17968545b54c33393bfc466745edcaca30f4453a,translation/content/sets-functions-relations/sets/russells-paradox.tex,23,23,d915c7ef109727cc547504d43c31de56416d6cf20edf0718a2f5cd33453c0ec0,pending,,
jv-Latn-ID-JV-T028-OCC-002,JV-T028,OLP-0010,OLP-0010-P006,upstream/content/sets-functions-relations/sets/russells-paradox.tex,21,25,aa8e94675f56112d8952b81d17968545b54c33393bfc466745edcaca30f4453a,translation/content/sets-functions-relations/sets/russells-paradox.tex,25,25,d915c7ef109727cc547504d43c31de56416d6cf20edf0718a2f5cd33453c0ec0,pending,,
jv-Latn-ID-JV-T028-OCC-003,JV-T028,OLP-0010,OLP-0010-P013,upstream/content/sets-functions-relations/sets/russells-paradox.tex,72,77,aa8e94675f56112d8952b81d17968545b54c33393bfc466745edcaca30f4453a,translation/content/sets-functions-relations/sets/russells-paradox.tex,87,87,d915c7ef109727cc547504d43c31de56416d6cf20edf0718a2f5cd33453c0ec0,pending,,
jv-Latn-ID-JV-T029-OCC-001,JV-T029,OLP-0091,OLP-0091-P007,upstream/content/first-order-logic/natural-deduction/proof-theoretic-notions.tex,20,29,12ae1ea4a864b9a42e5fb6addcfc552bb4b74c1ba2cadced427593e4ca52f8e3,translation/content/first-order-logic/natural-deduction/proof-theoretic-notions.tex,20,30,b195149af5ff76768f850fffe6122e680b7a1cf8a97caa46ba8e420994de197a,pending,,
jv-Latn-ID-JV-T029-OCC-002,JV-T029,OLP-0091,OLP-0091-P008,upstream/content/first-order-logic/natural-deduction/proof-theoretic-notions.tex,32,37,12ae1ea4a864b9a42e5fb6addcfc552bb4b74c1ba2cadced427593e4ca52f8e3,translation/content/first-order-logic/natural-deduction/proof-theoretic-notions.tex,33,38,b195149af5ff76768f850fffe6122e680b7a1cf8a97caa46ba8e420994de197a,pending,,
jv-Latn-ID-JV-T029-OCC-003,JV-T029,OLP-0024,OLP-0024-P016,upstream/content/sets-functions-relations/functions/inverses.tex,97,114,96e36d8cd8dc4ec0e73e9507147ecfe33d7e4f368ecf46de92efb423a7d409c1,translation/content/sets-functions-relations/functions/inverses.tex,102,119,b380483105d82f296d51b071adfd7de416b6b3991dc6125febb8b7a96209750b,pending,,
jv-Latn-ID-JV-T029-OCC-004,JV-T029,OLP-0048,OLP-0048-P021,upstream/content/sets-functions-relations/arithmetization/cauchy.tex,187,213,35d0a39913340eadcab7fb9d7742b56aef0d0f29868cd65eeca9dc53694e8ac2,translation/content/sets-functions-relations/arithmetization/cauchy.tex,195,221,22572f5a494ea558fc9cc0cc9b14e0c19a7b509d1cfd64e4d73fcf5a8826e5c5,pending,,
jv-Latn-ID-JV-T030-OCC-001,JV-T030,OLP-0015,OLP-0015-P005,upstream/content/sets-functions-relations/relations/equivalence-relations.tex,11,11,d9531aa5cd774c12090fbd5c9fb289181e93cf7e9a96ecf7d4fd3fcdf5d250c7,translation/content/sets-functions-relations/relations/equivalence-relations.tex,11,11,4d6c7a7655b849cfff6b9a1ff1f5ae5c285fb3eac574352ba87be1dc1b4ea8e3,pending,,
jv-Latn-ID-JV-T030-OCC-002,JV-T030,OLP-0015,OLP-0015-P008,upstream/content/sets-functions-relations/relations/equivalence-relations.tex,23,29,d9531aa5cd774c12090fbd5c9fb289181e93cf7e9a96ecf7d4fd3fcdf5d250c7,translation/content/sets-functions-relations/relations/equivalence-relations.tex,24,24,4d6c7a7655b849cfff6b9a1ff1f5ae5c285fb3eac574352ba87be1dc1b4ea8e3,pending,,
jv-Latn-ID-JV-T030-OCC-003,JV-T030,OLP-0015,OLP-0015-P009,upstream/content/sets-functions-relations/relations/equivalence-relations.tex,31,37,d9531aa5cd774c12090fbd5c9fb289181e93cf7e9a96ecf7d4fd3fcdf5d250c7,translation/content/sets-functions-relations/relations/equivalence-relations.tex,37,37,4d6c7a7655b849cfff6b9a1ff1f5ae5c285fb3eac574352ba87be1dc1b4ea8e3,pending,,
jv-Latn-ID-JV-T030-OCC-004,JV-T030,OLP-0015,OLP-0015-P008,upstream/content/sets-functions-relations/relations/equivalence-relations.tex,23,29,d9531aa5cd774c12090fbd5c9fb289181e93cf7e9a96ecf7d4fd3fcdf5d250c7,translation/content/sets-functions-relations/relations/equivalence-relations.tex,26,26,4d6c7a7655b849cfff6b9a1ff1f5ae5c285fb3eac574352ba87be1dc1b4ea8e3,pending,,
jv-Latn-ID-JV-T031-OCC-001,JV-T031,OLP-0016,OLP-0016-P006,upstream/content/sets-functions-relations/relations/orders.tex,22,25,79593789022fef31c0609b9c94856e2aef5cd5e88e92864e782bb6e6e5f4bce4,translation/content/sets-functions-relations/relations/orders.tex,24,24,ed186341e68120595422008bca45a08f292eb31b1a29d8910f717ad637610ea6,pending,,
jv-Latn-ID-JV-T031-OCC-002,JV-T031,OLP-0016,OLP-0016-P007,upstream/content/sets-functions-relations/relations/orders.tex,27,30,79593789022fef31c0609b9c94856e2aef5cd5e88e92864e782bb6e6e5f4bce4,translation/content/sets-functions-relations/relations/orders.tex,28,28,ed186341e68120595422008bca45a08f292eb31b1a29d8910f717ad637610ea6,pending,,
jv-Latn-ID-JV-T032-OCC-001,JV-T032,OLP-0016,OLP-0016-P017,upstream/content/sets-functions-relations/relations/orders.tex,98,102,79593789022fef31c0609b9c94856e2aef5cd5e88e92864e782bb6e6e5f4bce4,translation/content/sets-functions-relations/relations/orders.tex,116,116,ed186341e68120595422008bca45a08f292eb31b1a29d8910f717ad637610ea6,pending,,
jv-Latn-ID-JV-T032-OCC-002,JV-T032,OLP-0016,OLP-0016-P013,upstream/content/sets-functions-relations/relations/orders.tex,72,80,79593789022fef31c0609b9c94856e2aef5cd5e88e92864e782bb6e6e5f4bce4,translation/content/sets-functions-relations/relations/orders.tex,83,83,ed186341e68120595422008bca45a08f292eb31b1a29d8910f717ad637610ea6,pending,,
jv-Latn-ID-JV-T032-OCC-003,JV-T032,OLP-0016,OLP-0016-P013,upstream/content/sets-functions-relations/relations/orders.tex,72,80,79593789022fef31c0609b9c94856e2aef5cd5e88e92864e782bb6e6e5f4bce4,translation/content/sets-functions-relations/relations/orders.tex,89,89,ed186341e68120595422008bca45a08f292eb31b1a29d8910f717ad637610ea6,pending,,
jv-Latn-ID-JV-T033-OCC-001,JV-T033,OLP-0017,OLP-0017-P004,upstream/content/sets-functions-relations/relations/graphs.tex,9,10,dec624ef4e71903b72a9f0b5fcc6a15a2e0f897f9ebe881dd9c9e21333aeee75,translation/content/sets-functions-relations/relations/graphs.tex,10,10,7ae7257d4e31c62a64a45aaa31e7878c961a8c6c0bcef29914378f861975632b,pending,,
jv-Latn-ID-JV-T033-OCC-002,JV-T033,OLP-0017,OLP-0017-P005,upstream/content/sets-functions-relations/relations/graphs.tex,12,22,dec624ef4e71903b72a9f0b5fcc6a15a2e0f897f9ebe881dd9c9e21333aeee75,translation/content/sets-functions-relations/relations/graphs.tex,24,24,7ae7257d4e31c62a64a45aaa31e7878c961a8c6c0bcef29914378f861975632b,pending,,
jv-Latn-ID-JV-T033-OCC-003,JV-T033,OLP-0017,OLP-0017-P005,upstream/content/sets-functions-relations/relations/graphs.tex,12,22,dec624ef4e71903b72a9f0b5fcc6a15a2e0f897f9ebe881dd9c9e21333aeee75,translation/content/sets-functions-relations/relations/graphs.tex,13,13,7ae7257d4e31c62a64a45aaa31e7878c961a8c6c0bcef29914378f861975632b,pending,,
jv-Latn-ID-JV-T033-OCC-004,JV-T033,OLP-0017,OLP-0017-P005,upstream/content/sets-functions-relations/relations/graphs.tex,12,22,dec624ef4e71903b72a9f0b5fcc6a15a2e0f897f9ebe881dd9c9e21333aeee75,translation/content/sets-functions-relations/relations/graphs.tex,14,14,7ae7257d4e31c62a64a45aaa31e7878c961a8c6c0bcef29914378f861975632b,pending,,
jv-Latn-ID-JV-T034-OCC-001,JV-T034,OLP-0018,OLP-0018-P004,upstream/content/sets-functions-relations/relations/trees.tex,9,10,a158f1ce5b84c8c3f681dd6347b22491d1b67a91e110138b9cb6833e3d9dc23c,translation/content/sets-functions-relations/relations/trees.tex,10,10,243acfc8524dba62ea1cd9aed1ed3533a3235645f841a506e9b17e12fb7aafdb,pending,,
jv-Latn-ID-JV-T034-OCC-002,JV-T034,OLP-0018,OLP-0018-P008,upstream/content/sets-functions-relations/relations/trees.tex,37,40,a158f1ce5b84c8c3f681dd6347b22491d1b67a91e110138b9cb6833e3d9dc23c,translation/content/sets-functions-relations/relations/trees.tex,39,39,243acfc8524dba62ea1cd9aed1ed3533a3235645f841a506e9b17e12fb7aafdb,pending,,
jv-Latn-ID-JV-T034-OCC-003,JV-T034,OLP-0018,OLP-0018-P008,upstream/content/sets-functions-relations/relations/trees.tex,37,40,a158f1ce5b84c8c3f681dd6347b22491d1b67a91e110138b9cb6833e3d9dc23c,translation/content/sets-functions-relations/relations/trees.tex,44,44,243acfc8524dba62ea1cd9aed1ed3533a3235645f841a506e9b17e12fb7aafdb,pending,,
jv-Latn-ID-JV-T034-OCC-004,JV-T034,OLP-0018,OLP-0018-P012,upstream/content/sets-functions-relations/relations/trees.tex,62,64,a158f1ce5b84c8c3f681dd6347b22491d1b67a91e110138b9cb6833e3d9dc23c,translation/content/sets-functions-relations/relations/trees.tex,74,74,243acfc8524dba62ea1cd9aed1ed3533a3235645f841a506e9b17e12fb7aafdb,pending,,
jv-Latn-ID-JV-T034-OCC-005,JV-T034,OLP-0018,OLP-0018-P008,upstream/content/sets-functions-relations/relations/trees.tex,37,40,a158f1ce5b84c8c3f681dd6347b22491d1b67a91e110138b9cb6833e3d9dc23c,translation/content/sets-functions-relations/relations/trees.tex,40,40,243acfc8524dba62ea1cd9aed1ed3533a3235645f841a506e9b17e12fb7aafdb,pending,,
jv-Latn-ID-JV-T034-OCC-006,JV-T034,OLP-0018,OLP-0018-P005,upstream/content/sets-functions-relations/relations/trees.tex,12,20,a158f1ce5b84c8c3f681dd6347b22491d1b67a91e110138b9cb6833e3d9dc23c,translation/content/sets-functions-relations/relations/trees.tex,16,16,243acfc8524dba62ea1cd9aed1ed3533a3235645f841a506e9b17e12fb7aafdb,pending,,
jv-Latn-ID-JV-T034-OCC-007,JV-T034,OLP-0018,OLP-0018-P018,upstream/content/sets-functions-relations/relations/trees.tex,110,119,a158f1ce5b84c8c3f681dd6347b22491d1b67a91e110138b9cb6833e3d9dc23c,translation/content/sets-functions-relations/relations/trees.tex,146,146,243acfc8524dba62ea1cd9aed1ed3533a3235645f841a506e9b17e12fb7aafdb,pending,,
jv-Latn-ID-JV-T035-OCC-001,JV-T035,OLP-0018,OLP-0018-P009,upstream/content/sets-functions-relations/relations/trees.tex,42,47,a158f1ce5b84c8c3f681dd6347b22491d1b67a91e110138b9cb6833e3d9dc23c,translation/content/sets-functions-relations/relations/trees.tex,49,49,243acfc8524dba62ea1cd9aed1ed3533a3235645f841a506e9b17e12fb7aafdb,pending,,
jv-Latn-ID-JV-T035-OCC-002,JV-T035,OLP-0018,OLP-0018-P009,upstream/content/sets-functions-relations/relations/trees.tex,42,47,a158f1ce5b84c8c3f681dd6347b22491d1b67a91e110138b9cb6833e3d9dc23c,translation/content/sets-functions-relations/relations/trees.tex,53,53,243acfc8524dba62ea1cd9aed1ed3533a3235645f841a506e9b17e12fb7aafdb,pending,,
jv-Latn-ID-JV-T035-OCC-003,JV-T035,OLP-0018,OLP-0018-P011,upstream/content/sets-functions-relations/relations/trees.tex,56,60,a158f1ce5b84c8c3f681dd6347b22491d1b67a91e110138b9cb6833e3d9dc23c,translation/content/sets-functions-relations/relations/trees.tex,67,67,243acfc8524dba62ea1cd9aed1ed3533a3235645f841a506e9b17e12fb7aafdb,pending,,
jv-Latn-ID-JV-T035-OCC-004,JV-T035,OLP-0018,OLP-0018-P012,upstream/content/sets-functions-relations/relations/trees.tex,62,64,a158f1ce5b84c8c3f681dd6347b22491d1b67a91e110138b9cb6833e3d9dc23c,translation/content/sets-functions-relations/relations/trees.tex,76,76,243acfc8524dba62ea1cd9aed1ed3533a3235645f841a506e9b17e12fb7aafdb,pending,,
jv-Latn-ID-JV-T035-OCC-005,JV-T035,OLP-0018,OLP-0018-P016,upstream/content/sets-functions-relations/relations/trees.tex,90,98,a158f1ce5b84c8c3f681dd6347b22491d1b67a91e110138b9cb6833e3d9dc23c,translation/content/sets-functions-relations/relations/trees.tex,111,111,243acfc8524dba62ea1cd9aed1ed3533a3235645f841a506e9b17e12fb7aafdb,pending,,
jv-Latn-ID-JV-T036-OCC-001,JV-T036,OLP-0019,OLP-0019-P007,upstream/content/sets-functions-relations/relations/operations.tex,22,23,73c8bdb301aca93f687a06a045533d75d30088ae711f5e1dfd577b7864f8d3d5,translation/content/sets-functions-relations/relations/operations.tex,24,24,d19bc39eee26c371133727af56f563249554bbde6b87cd35466da4ce52888eb4,pending,,
jv-Latn-ID-JV-T036-OCC-002,JV-T036,OLP-0019,OLP-0019-P008,upstream/content/sets-functions-relations/relations/operations.tex,25,26,73c8bdb301aca93f687a06a045533d75d30088ae711f5e1dfd577b7864f8d3d5,translation/content/sets-functions-relations/relations/operations.tex,27,27,d19bc39eee26c371133727af56f563249554bbde6b87cd35466da4ce52888eb4,pending,,
jv-Latn-ID-JV-T036-OCC-003,JV-T036,OLP-0019,OLP-0019-P009,upstream/content/sets-functions-relations/relations/operations.tex,28,29,73c8bdb301aca93f687a06a045533d75d30088ae711f5e1dfd577b7864f8d3d5,translation/content/sets-functions-relations/relations/operations.tex,30,30,d19bc39eee26c371133727af56f563249554bbde6b87cd35466da4ce52888eb4,pending,,
jv-Latn-ID-JV-T036-OCC-004,JV-T036,OLP-0019,OLP-0019-P010,upstream/content/sets-functions-relations/relations/operations.tex,31,33,73c8bdb301aca93f687a06a045533d75d30088ae711f5e1dfd577b7864f8d3d5,translation/content/sets-functions-relations/relations/operations.tex,33,33,d19bc39eee26c371133727af56f563249554bbde6b87cd35466da4ce52888eb4,pending,,
jv-Latn-ID-JV-T036-OCC-005,JV-T036,OLP-0019,OLP-0019-P016,upstream/content/sets-functions-relations/relations/operations.tex,50,50,73c8bdb301aca93f687a06a045533d75d30088ae711f5e1dfd577b7864f8d3d5,translation/content/sets-functions-relations/relations/operations.tex,54,54,d19bc39eee26c371133727af56f563249554bbde6b87cd35466da4ce52888eb4,pending,,
jv-Latn-ID-JV-T037-OCC-001,JV-T037,OLP-0018,OLP-0018-P015,upstream/content/sets-functions-relations/relations/trees.tex,83,88,a158f1ce5b84c8c3f681dd6347b22491d1b67a91e110138b9cb6833e3d9dc23c,translation/content/sets-functions-relations/relations/trees.tex,106,106,243acfc8524dba62ea1cd9aed1ed3533a3235645f841a506e9b17e12fb7aafdb,pending,,
jv-Latn-ID-JV-T038-OCC-001,JV-T038,OLP-0064,OLP-0064-P007,upstream/content/first-order-logic/proof-systems/introduction.tex,26,36,148266281cc87fcd3e454249b9f6c42a117a9aed0733cc5a5f2e954ffd60bb58,translation/content/first-order-logic/proof-systems/introduction.tex,26,36,567a76545f163fd86fea2647b24ab4c1d5a0d4f6a5d896ab3c52bd123895402c,pending,,
jv-Latn-ID-JV-T038-OCC-002,JV-T038,OLP-0091,OLP-0091-P007,upstream/content/first-order-logic/natural-deduction/proof-theoretic-notions.tex,20,29,12ae1ea4a864b9a42e5fb6addcfc552bb4b74c1ba2cadced427593e4ca52f8e3,translation/content/first-order-logic/natural-deduction/proof-theoretic-notions.tex,20,30,b195149af5ff76768f850fffe6122e680b7a1cf8a97caa46ba8e420994de197a,pending,,
jv-Latn-ID-JV-T038-OCC-003,JV-T038,OLP-0096,OLP-0096-P012,upstream/content/first-order-logic/natural-deduction/identity.tex,114,122,2f301d8fc8aa78831e17b9d14042c97218795d400a350b0726be3776eed17575,translation/content/first-order-logic/natural-deduction/identity.tex,115,123,9b162c1234a16fc51584d5a62f3cb70ce92cfb7ba4f3c608ac512c764290ecec,pending,,
jv-Latn-ID-JV-T039-OCC-001,JV-T039,OLP-0021,OLP-0021-P005,upstream/content/sets-functions-relations/functions/function-basics.tex,12,16,d1fa0923e303fc49a88d4e476c319d6e91a8088de44c232dcfba5878325faea3,translation/content/sets-functions-relations/functions/function-basics.tex,13,13,87892fca02e6526cc70ee50a9902c888b646b360078f03c3caebf4296e0228a6,pending,,
jv-Latn-ID-JV-T039-OCC-002,JV-T039,OLP-0021,OLP-0021-P005,upstream/content/sets-functions-relations/functions/function-basics.tex,12,16,d1fa0923e303fc49a88d4e476c319d6e91a8088de44c232dcfba5878325faea3,translation/content/sets-functions-relations/functions/function-basics.tex,13,13,87892fca02e6526cc70ee50a9902c888b646b360078f03c3caebf4296e0228a6,pending,,
jv-Latn-ID-JV-T040-OCC-001,JV-T040,OLP-0021,OLP-0021-P009,upstream/content/sets-functions-relations/functions/function-basics.tex,32,36,d1fa0923e303fc49a88d4e476c319d6e91a8088de44c232dcfba5878325faea3,translation/content/sets-functions-relations/functions/function-basics.tex,38,38,87892fca02e6526cc70ee50a9902c888b646b360078f03c3caebf4296e0228a6,pending,,
jv-Latn-ID-JV-T040-OCC-002,JV-T040,OLP-0021,OLP-0021-P009,upstream/content/sets-functions-relations/functions/function-basics.tex,32,36,d1fa0923e303fc49a88d4e476c319d6e91a8088de44c232dcfba5878325faea3,translation/content/sets-functions-relations/functions/function-basics.tex,39,39,87892fca02e6526cc70ee50a9902c888b646b360078f03c3caebf4296e0228a6,pending,,
jv-Latn-ID-JV-T040-OCC-003,JV-T040,OLP-0021,OLP-0021-P010,upstream/content/sets-functions-relations/functions/function-basics.tex,38,41,d1fa0923e303fc49a88d4e476c319d6e91a8088de44c232dcfba5878325faea3,translation/content/sets-functions-relations/functions/function-basics.tex,46,46,87892fca02e6526cc70ee50a9902c888b646b360078f03c3caebf4296e0228a6,pending,,
jv-Latn-ID-JV-T040-OCC-004,JV-T040,OLP-0021,OLP-0021-P009,upstream/content/sets-functions-relations/functions/function-basics.tex,32,36,d1fa0923e303fc49a88d4e476c319d6e91a8088de44c232dcfba5878325faea3,translation/content/sets-functions-relations/functions/function-basics.tex,41,41,87892fca02e6526cc70ee50a9902c888b646b360078f03c3caebf4296e0228a6,pending,,
jv-Latn-ID-JV-T040-OCC-005,JV-T040,OLP-0021,OLP-0021-P009,upstream/content/sets-functions-relations/functions/function-basics.tex,32,36,d1fa0923e303fc49a88d4e476c319d6e91a8088de44c232dcfba5878325faea3,translation/content/sets-functions-relations/functions/function-basics.tex,43,43,87892fca02e6526cc70ee50a9902c888b646b360078f03c3caebf4296e0228a6,pending,,
jv-Latn-ID-JV-T040-OCC-006,JV-T040,OLP-0021,OLP-0021-P006,upstream/content/sets-functions-relations/functions/function-basics.tex,18,21,d1fa0923e303fc49a88d4e476c319d6e91a8088de44c232dcfba5878325faea3,translation/content/sets-functions-relations/functions/function-basics.tex,21,21,87892fca02e6526cc70ee50a9902c888b646b360078f03c3caebf4296e0228a6,pending,,
jv-Latn-ID-JV-T040-OCC-007,JV-T040,OLP-0021,OLP-0021-P006,upstream/content/sets-functions-relations/functions/function-basics.tex,18,21,d1fa0923e303fc49a88d4e476c319d6e91a8088de44c232dcfba5878325faea3,translation/content/sets-functions-relations/functions/function-basics.tex,22,22,87892fca02e6526cc70ee50a9902c888b646b360078f03c3caebf4296e0228a6,pending,,
jv-Latn-ID-JV-T041-OCC-001,JV-T041,OLP-0022,OLP-0022-P006,upstream/content/sets-functions-relations/functions/function-kinds.tex,18,18,4d30902b7c66720afabb8b079294106a685aefba0dc02ca10d9921bb554db0ac,translation/content/sets-functions-relations/functions/function-kinds.tex,17,21,4085869284b6539bbe773dee86475063f8c4f7a6019d4501660c919cf7a32d1b,pending,,
jv-Latn-ID-JV-T041-OCC-002,JV-T041,OLP-0022,OLP-0022-P011,upstream/content/sets-functions-relations/functions/function-kinds.tex,54,54,4d30902b7c66720afabb8b079294106a685aefba0dc02ca10d9921bb554db0ac,translation/content/sets-functions-relations/functions/function-kinds.tex,63,78,4085869284b6539bbe773dee86475063f8c4f7a6019d4501660c919cf7a32d1b,pending,,
jv-Latn-ID-JV-T041-OCC-003,JV-T041,OLP-0022,OLP-0022-P018,upstream/content/sets-functions-relations/functions/function-kinds.tex,100,100,4d30902b7c66720afabb8b079294106a685aefba0dc02ca10d9921bb554db0ac,translation/content/sets-functions-relations/functions/function-kinds.tex,122,139,4085869284b6539bbe773dee86475063f8c4f7a6019d4501660c919cf7a32d1b,pending,,
jv-Latn-ID-JV-T041-OCC-004,JV-T041,OLP-0022,OLP-0022-P008,upstream/content/sets-functions-relations/functions/function-kinds.tex,36,36,4d30902b7c66720afabb8b079294106a685aefba0dc02ca10d9921bb554db0ac,translation/content/sets-functions-relations/functions/function-kinds.tex,31,43,4085869284b6539bbe773dee86475063f8c4f7a6019d4501660c919cf7a32d1b,pending,,
jv-Latn-ID-JV-T041-OCC-005,JV-T041,OLP-0022,OLP-0022-P012,upstream/content/sets-functions-relations/functions/function-kinds.tex,67,67,4d30902b7c66720afabb8b079294106a685aefba0dc02ca10d9921bb554db0ac,translation/content/sets-functions-relations/functions/function-kinds.tex,80,87,4085869284b6539bbe773dee86475063f8c4f7a6019d4501660c919cf7a32d1b,pending,,
jv-Latn-ID-JV-T041-OCC-006,JV-T041,OLP-0022,OLP-0022-P018,upstream/content/sets-functions-relations/functions/function-kinds.tex,101,101,4d30902b7c66720afabb8b079294106a685aefba0dc02ca10d9921bb554db0ac,translation/content/sets-functions-relations/functions/function-kinds.tex,122,139,4085869284b6539bbe773dee86475063f8c4f7a6019d4501660c919cf7a32d1b,pending,,
jv-Latn-ID-JV-T042-OCC-001,JV-T042,OLP-0023,OLP-0023-P007,upstream/content/sets-functions-relations/functions/functions-relations.tex,24,30,e2e46c0270c44b6f54861a4565f3829b1b5f91a7f72dca84046361e5abf622c3,translation/content/sets-functions-relations/functions/functions-relations.tex,24,24,5a9c54c58e47144f5e721ee3bfe0193ae8f0ec1edd81852117244aba4365afbc,pending,,
jv-Latn-ID-JV-T042-OCC-002,JV-T042,OLP-0023,OLP-0023-P009,upstream/content/sets-functions-relations/functions/functions-relations.tex,39,40,e2e46c0270c44b6f54861a4565f3829b1b5f91a7f72dca84046361e5abf622c3,translation/content/sets-functions-relations/functions/functions-relations.tex,39,39,5a9c54c58e47144f5e721ee3bfe0193ae8f0ec1edd81852117244aba4365afbc,pending,,
jv-Latn-ID-JV-T042-OCC-003,JV-T042,OLP-0023,OLP-0023-P015,upstream/content/sets-functions-relations/functions/functions-relations.tex,87,90,e2e46c0270c44b6f54861a4565f3829b1b5f91a7f72dca84046361e5abf622c3,translation/content/sets-functions-relations/functions/functions-relations.tex,90,90,5a9c54c58e47144f5e721ee3bfe0193ae8f0ec1edd81852117244aba4365afbc,pending,,
jv-Latn-ID-JV-T043-OCC-001,JV-T043,OLP-0024,OLP-0024-P001,upstream/content/sets-functions-relations/functions/inverses.tex,1,3,96e36d8cd8dc4ec0e73e9507147ecfe33d7e4f368ecf46de92efb423a7d409c1,translation/content/sets-functions-relations/functions/inverses.tex,3,3,b380483105d82f296d51b071adfd7de416b6b3991dc6125febb8b7a96209750b,pending,,
jv-Latn-ID-JV-T043-OCC-002,JV-T043,OLP-0024,OLP-0024-P011,upstream/content/sets-functions-relations/functions/inverses.tex,54,60,96e36d8cd8dc4ec0e73e9507147ecfe33d7e4f368ecf46de92efb423a7d409c1,translation/content/sets-functions-relations/functions/inverses.tex,57,57,b380483105d82f296d51b071adfd7de416b6b3991dc6125febb8b7a96209750b,pending,,
jv-Latn-ID-JV-T043-OCC-003,JV-T043,OLP-0024,OLP-0024-P011,upstream/content/sets-functions-relations/functions/inverses.tex,54,60,96e36d8cd8dc4ec0e73e9507147ecfe33d7e4f368ecf46de92efb423a7d409c1,translation/content/sets-functions-relations/functions/inverses.tex,59,59,b380483105d82f296d51b071adfd7de416b6b3991dc6125febb8b7a96209750b,pending,,
jv-Latn-ID-JV-T043-OCC-004,JV-T043,OLP-0025,OLP-0025-P004,upstream/content/sets-functions-relations/functions/composition.tex,9,10,1733e9f6b7f1009f7d36cb47b3f11ec8cccc28ef173a379e4d69c3de352fcf28,translation/content/sets-functions-relations/functions/composition.tex,10,10,54d6ef1e7a3f7987ae279d12a733e0f1e3077f1e5cc833e63e22555ec5a6d2fb,pending,,
jv-Latn-ID-JV-T044-OCC-001,JV-T044,OLP-0026,OLP-0026-P005,upstream/content/sets-functions-relations/functions/partial-functions.tex,12,12,0f638e25ad1f565b9256846fb8b293c03663072b69a2adc5f2cfea1e94d00933,translation/content/sets-functions-relations/functions/partial-functions.tex,12,12,d2e70e1dfb1707391147ae9f8c4ece6a394ad841762ef609de99683916d444aa,pending,,
jv-Latn-ID-JV-T044-OCC-002,JV-T044,OLP-0026,OLP-0026-P008,upstream/content/sets-functions-relations/functions/partial-functions.tex,30,35,0f638e25ad1f565b9256846fb8b293c03663072b69a2adc5f2cfea1e94d00933,translation/content/sets-functions-relations/functions/partial-functions.tex,33,33,d2e70e1dfb1707391147ae9f8c4ece6a394ad841762ef609de99683916d444aa,pending,,
jv-Latn-ID-JV-T044-OCC-003,JV-T044,OLP-0026,OLP-0026-P006,upstream/content/sets-functions-relations/functions/partial-functions.tex,14,18,0f638e25ad1f565b9256846fb8b293c03663072b69a2adc5f2cfea1e94d00933,translation/content/sets-functions-relations/functions/partial-functions.tex,16,16,d2e70e1dfb1707391147ae9f8c4ece6a394ad841762ef609de99683916d444aa,pending,,
jv-Latn-ID-JV-T044-OCC-004,JV-T044,OLP-0026,OLP-0026-P007,upstream/content/sets-functions-relations/functions/partial-functions.tex,20,28,0f638e25ad1f565b9256846fb8b293c03663072b69a2adc5f2cfea1e94d00933,translation/content/sets-functions-relations/functions/partial-functions.tex,24,24,d2e70e1dfb1707391147ae9f8c4ece6a394ad841762ef609de99683916d444aa,pending,,
jv-Latn-ID-JV-T044-OCC-005,JV-T044,OLP-0026,OLP-0026-P012,upstream/content/sets-functions-relations/functions/partial-functions.tex,58,65,0f638e25ad1f565b9256846fb8b293c03663072b69a2adc5f2cfea1e94d00933,translation/content/sets-functions-relations/functions/partial-functions.tex,62,62,d2e70e1dfb1707391147ae9f8c4ece6a394ad841762ef609de99683916d444aa,pending,,
jv-Latn-ID-JV-T045-OCC-001,JV-T045,OLP-0007,OLP-0007-P005,upstream/content/sets-functions-relations/sets/important-sets.tex,12,27,ec2115fa48ea6c6684a65bdf2f504102ca0a74b40cf88293dfc12f4ab97ada02,translation/content/sets-functions-relations/sets/important-sets.tex,18,18,dd1c24aa0812ba695c1b8a5cd5c4899b99c0e99abff9f1313048fc80e558ea2d,pending,,
jv-Latn-ID-JV-T045-OCC-002,JV-T045,OLP-0007,OLP-0007-P005,upstream/content/sets-functions-relations/sets/important-sets.tex,12,27,ec2115fa48ea6c6684a65bdf2f504102ca0a74b40cf88293dfc12f4ab97ada02,translation/content/sets-functions-relations/sets/important-sets.tex,27,27,dd1c24aa0812ba695c1b8a5cd5c4899b99c0e99abff9f1313048fc80e558ea2d,pending,,
jv-Latn-ID-JV-T046-OCC-001,JV-T046,OLP-0021,OLP-0021-P006,upstream/content/sets-functions-relations/functions/function-basics.tex,18,21,d1fa0923e303fc49a88d4e476c319d6e91a8088de44c232dcfba5878325faea3,translation/content/sets-functions-relations/functions/function-basics.tex,24,24,87892fca02e6526cc70ee50a9902c888b646b360078f03c3caebf4296e0228a6,pending,,
jv-Latn-ID-JV-T046-OCC-002,JV-T046,OLP-0031,OLP-0031-P006,upstream/content/sets-functions-relations/size-of-sets/pairing.tex,29,45,fb6cc1176e91e56cea5f5b9708723c59191813f8fe256aac8ed0457a0119a9bf,translation/content/sets-functions-relations/size-of-sets/pairing.tex,34,34,b766c4a116aba8a91e807ea82a9078112fa9cd0196247fa4af114ae689f61804,pending,,
jv-Latn-ID-JV-T047-OCC-001,JV-T047,OLP-0032,OLP-0032-P006,upstream/content/sets-functions-relations/size-of-sets/pairing-alt.tex,13,84,c26b4e0da9e2e0b0ec839470ddd1d0d5eb1b3d3922d3b6986c9a795f34328797,translation/content/sets-functions-relations/size-of-sets/pairing-alt.tex,78,78,46e6270ae27da3d4542a414e763b1ac9c32015d373737a74fabf79f3c6ffc1d7,pending,,
jv-Latn-ID-JV-T048-OCC-001,JV-T048,OLP-0029,OLP-0029-P005,upstream/content/sets-functions-relations/size-of-sets/enumerability.tex,11,11,bf6be35c0e393cb6e1d227f8e9024df4216792e663f23beb7277045487acfa67,translation/content/sets-functions-relations/size-of-sets/enumerability.tex,11,11,8072a19e227b50388b976d5adae4bab74948eabf8604755805d3531a341a0ab0,pending,,
jv-Latn-ID-JV-T048-OCC-002,JV-T048,OLP-0029,OLP-0029-P009,upstream/content/sets-functions-relations/size-of-sets/enumerability.tex,34,66,bf6be35c0e393cb6e1d227f8e9024df4216792e663f23beb7277045487acfa67,translation/content/sets-functions-relations/size-of-sets/enumerability.tex,63,63,8072a19e227b50388b976d5adae4bab74948eabf8604755805d3531a341a0ab0,pending,,
jv-Latn-ID-JV-T049-OCC-001,JV-T049,OLP-0038,OLP-0038-P017,upstream/content/sets-functions-relations/size-of-sets/enumerability-alt.tex,99,124,9a9060e57403586c0f8a81353c1d9c81049869e486b4dc032fbf32542023ba8f,translation/content/sets-functions-relations/size-of-sets/enumerability-alt.tex,101,101,c21d6658fcfec26f5253e0cd207c4c2e0091481bd34c9cab1a7d696c44a9e387,pending,,
jv-Latn-ID-JV-T050-OCC-001,JV-T050,OLP-0031,OLP-0031-P004,upstream/content/sets-functions-relations/size-of-sets/pairing.tex,9,10,fb6cc1176e91e56cea5f5b9708723c59191813f8fe256aac8ed0457a0119a9bf,translation/content/sets-functions-relations/size-of-sets/pairing.tex,10,10,b766c4a116aba8a91e807ea82a9078112fa9cd0196247fa4af114ae689f61804,pending,,
jv-Latn-ID-JV-T050-OCC-002,JV-T050,OLP-0031,OLP-0031-P008,upstream/content/sets-functions-relations/size-of-sets/pairing.tex,51,56,fb6cc1176e91e56cea5f5b9708723c59191813f8fe256aac8ed0457a0119a9bf,translation/content/sets-functions-relations/size-of-sets/pairing.tex,54,54,b766c4a116aba8a91e807ea82a9078112fa9cd0196247fa4af114ae689f61804,pending,,
jv-Latn-ID-JV-T050-OCC-003,JV-T050,OLP-0031,OLP-0031-P004,upstream/content/sets-functions-relations/size-of-sets/pairing.tex,9,10,fb6cc1176e91e56cea5f5b9708723c59191813f8fe256aac8ed0457a0119a9bf,translation/content/sets-functions-relations/size-of-sets/pairing.tex,10,10,b766c4a116aba8a91e807ea82a9078112fa9cd0196247fa4af114ae689f61804,pending,,
jv-Latn-ID-JV-T050-OCC-004,JV-T050,OLP-0031,OLP-0031-P009,upstream/content/sets-functions-relations/size-of-sets/pairing.tex,58,64,fb6cc1176e91e56cea5f5b9708723c59191813f8fe256aac8ed0457a0119a9bf,translation/content/sets-functions-relations/size-of-sets/pairing.tex,62,62,b766c4a116aba8a91e807ea82a9078112fa9cd0196247fa4af114ae689f61804,pending,,
jv-Latn-ID-JV-T051-OCC-001,JV-T051,OLP-0031,OLP-0031-P015,upstream/content/sets-functions-relations/size-of-sets/pairing.tex,91,97,fb6cc1176e91e56cea5f5b9708723c59191813f8fe256aac8ed0457a0119a9bf,translation/content/sets-functions-relations/size-of-sets/pairing.tex,92,92,b766c4a116aba8a91e807ea82a9078112fa9cd0196247fa4af114ae689f61804,pending,,
jv-Latn-ID-JV-T051-OCC-002,JV-T051,OLP-0031,OLP-0031-P015,upstream/content/sets-functions-relations/size-of-sets/pairing.tex,91,97,fb6cc1176e91e56cea5f5b9708723c59191813f8fe256aac8ed0457a0119a9bf,translation/content/sets-functions-relations/size-of-sets/pairing.tex,93,93,b766c4a116aba8a91e807ea82a9078112fa9cd0196247fa4af114ae689f61804,pending,,
jv-Latn-ID-JV-T052-OCC-001,JV-T052,OLP-0030,OLP-0030-P006,upstream/content/sets-functions-relations/size-of-sets/zig-zag.tex,13,66,514c709d325dd5496ee321828b0c4a0e7eea089a58d3f2ecde05128b9e7daf26,translation/content/sets-functions-relations/size-of-sets/zig-zag.tex,21,21,065410457b5ec0326bebf53e65f941005759a574e4a54bc53944637c8e6b6794,pending,,
jv-Latn-ID-JV-T052-OCC-002,JV-T052,OLP-0030,OLP-0030-P006,upstream/content/sets-functions-relations/size-of-sets/zig-zag.tex,13,66,514c709d325dd5496ee321828b0c4a0e7eea089a58d3f2ecde05128b9e7daf26,translation/content/sets-functions-relations/size-of-sets/zig-zag.tex,39,39,065410457b5ec0326bebf53e65f941005759a574e4a54bc53944637c8e6b6794,pending,,
jv-Latn-ID-JV-T052-OCC-003,JV-T052,OLP-0030,OLP-0030-P006,upstream/content/sets-functions-relations/size-of-sets/zig-zag.tex,13,66,514c709d325dd5496ee321828b0c4a0e7eea089a58d3f2ecde05128b9e7daf26,translation/content/sets-functions-relations/size-of-sets/zig-zag.tex,39,39,065410457b5ec0326bebf53e65f941005759a574e4a54bc53944637c8e6b6794,pending,,
jv-Latn-ID-JV-T052-OCC-004,JV-T052,OLP-0031,OLP-0031-P006,upstream/content/sets-functions-relations/size-of-sets/pairing.tex,29,45,fb6cc1176e91e56cea5f5b9708723c59191813f8fe256aac8ed0457a0119a9bf,translation/content/sets-functions-relations/size-of-sets/pairing.tex,32,32,b766c4a116aba8a91e807ea82a9078112fa9cd0196247fa4af114ae689f61804,pending,,
jv-Latn-ID-JV-T052-OCC-005,JV-T052,OLP-0032,OLP-0032-P006,upstream/content/sets-functions-relations/size-of-sets/pairing-alt.tex,13,84,c26b4e0da9e2e0b0ec839470ddd1d0d5eb1b3d3922d3b6986c9a795f34328797,translation/content/sets-functions-relations/size-of-sets/pairing-alt.tex,78,78,46e6270ae27da3d4542a414e763b1ac9c32015d373737a74fabf79f3c6ffc1d7,pending,,
jv-Latn-ID-JV-T053-OCC-001,JV-T053,OLP-0031,OLP-0031-P013,upstream/content/sets-functions-relations/size-of-sets/pairing.tex,79,84,fb6cc1176e91e56cea5f5b9708723c59191813f8fe256aac8ed0457a0119a9bf,translation/content/sets-functions-relations/size-of-sets/pairing.tex,80,80,b766c4a116aba8a91e807ea82a9078112fa9cd0196247fa4af114ae689f61804,pending,,
jv-Latn-ID-JV-T053-OCC-002,JV-T053,OLP-0031,OLP-0031-P013,upstream/content/sets-functions-relations/size-of-sets/pairing.tex,79,84,fb6cc1176e91e56cea5f5b9708723c59191813f8fe256aac8ed0457a0119a9bf,translation/content/sets-functions-relations/size-of-sets/pairing.tex,81,81,b766c4a116aba8a91e807ea82a9078112fa9cd0196247fa4af114ae689f61804,pending,,
jv-Latn-ID-JV-T054-OCC-001,JV-T054,OLP-0033,OLP-0033-P006,upstream/content/sets-functions-relations/size-of-sets/non-enumerability.tex,13,18,4471def29c2da48dcb01635adf692cd0bc89cb6885636db149f4b2d86ff4e9fa,translation/content/sets-functions-relations/size-of-sets/non-enumerability.tex,15,15,a39f69758ce2d4a2593a44b1de33f8baf40bbc2328342b81b119c87655431f38,pending,,
jv-Latn-ID-JV-T054-OCC-002,JV-T054,OLP-0033,OLP-0033-P009,upstream/content/sets-functions-relations/size-of-sets/non-enumerability.tex,33,41,4471def29c2da48dcb01635adf692cd0bc89cb6885636db149f4b2d86ff4e9fa,translation/content/sets-functions-relations/size-of-sets/non-enumerability.tex,39,39,a39f69758ce2d4a2593a44b1de33f8baf40bbc2328342b81b119c87655431f38,pending,,
jv-Latn-ID-JV-T054-OCC-003,JV-T054,OLP-0033,OLP-0033-P020,upstream/content/sets-functions-relations/size-of-sets/non-enumerability.tex,139,145,4471def29c2da48dcb01635adf692cd0bc89cb6885636db149f4b2d86ff4e9fa,translation/content/sets-functions-relations/size-of-sets/non-enumerability.tex,141,141,a39f69758ce2d4a2593a44b1de33f8baf40bbc2328342b81b119c87655431f38,pending,,
jv-Latn-ID-JV-T055-OCC-001,JV-T055,OLP-0034,OLP-0034-P005,upstream/content/sets-functions-relations/size-of-sets/reduction.tex,11,11,0d6d2e3280698668b837cef6dcf3134b86d2a4b48831ae516e6e33e42898c79a,translation/content/sets-functions-relations/size-of-sets/reduction.tex,11,11,11ff639ead636b6bf93c911baac161f576aabc515613b2a043d27eddd769c38f,pending,,
jv-Latn-ID-JV-T055-OCC-002,JV-T055,OLP-0034,OLP-0034-P007,upstream/content/sets-functions-relations/size-of-sets/reduction.tex,20,31,0d6d2e3280698668b837cef6dcf3134b86d2a4b48831ae516e6e33e42898c79a,translation/content/sets-functions-relations/size-of-sets/reduction.tex,27,27,11ff639ead636b6bf93c911baac161f576aabc515613b2a043d27eddd769c38f,pending,,
jv-Latn-ID-JV-T056-OCC-001,JV-T056,OLP-0035,OLP-0035-P005,upstream/content/sets-functions-relations/size-of-sets/equinumerous-sets.tex,11,11,025a3fc368d6873825effcb07631913762edbf2d3f9a0711d57dcd9575361251,translation/content/sets-functions-relations/size-of-sets/equinumerous-sets.tex,11,11,d98271ec9b67b12c13f379e3c616b0fa86312a5ee043621000d0243f8541f66d,pending,,
jv-Latn-ID-JV-T056-OCC-002,JV-T056,OLP-0036,OLP-0036-P006,upstream/content/sets-functions-relations/size-of-sets/comparing-size.tex,13,24,075810b1cf1c8b54266518523d4665d3deae4a4937f4e19a66a09cc0e1aaebf7,translation/content/sets-functions-relations/size-of-sets/comparing-size.tex,20,20,68eef3a8a3adb8167bb1d919e8bc8bb7e2d6f109801f2fea8360a0674dc0bbab,pending,,
jv-Latn-ID-JV-T056-OCC-003,JV-T056,OLP-0036,OLP-0036-P007,upstream/content/sets-functions-relations/size-of-sets/comparing-size.tex,26,29,075810b1cf1c8b54266518523d4665d3deae4a4937f4e19a66a09cc0e1aaebf7,translation/content/sets-functions-relations/size-of-sets/comparing-size.tex,28,28,68eef3a8a3adb8167bb1d919e8bc8bb7e2d6f109801f2fea8360a0674dc0bbab,pending,,
jv-Latn-ID-JV-T056-OCC-004,JV-T056,OLP-0036,OLP-0036-P006,upstream/content/sets-functions-relations/size-of-sets/comparing-size.tex,13,24,075810b1cf1c8b54266518523d4665d3deae4a4937f4e19a66a09cc0e1aaebf7,translation/content/sets-functions-relations/size-of-sets/comparing-size.tex,16,16,68eef3a8a3adb8167bb1d919e8bc8bb7e2d6f109801f2fea8360a0674dc0bbab,pending,,
jv-Latn-ID-JV-T057-OCC-001,JV-T057,OLP-0024,OLP-0024-P012,upstream/content/sets-functions-relations/functions/inverses.tex,62,66,96e36d8cd8dc4ec0e73e9507147ecfe33d7e4f368ecf46de92efb423a7d409c1,translation/content/sets-functions-relations/functions/inverses.tex,63,63,b380483105d82f296d51b071adfd7de416b6b3991dc6125febb8b7a96209750b,pending,,
jv-Latn-ID-JV-T057-OCC-002,JV-T057,OLP-0021,OLP-0021-P014,upstream/content/sets-functions-relations/functions/function-basics.tex,64,72,d1fa0923e303fc49a88d4e476c319d6e91a8088de44c232dcfba5878325faea3,translation/content/sets-functions-relations/functions/function-basics.tex,88,88,87892fca02e6526cc70ee50a9902c888b646b360078f03c3caebf4296e0228a6,pending,,
jv-Latn-ID-JV-T058-OCC-001,JV-T058,OLP-0041,OLP-0041-P004,upstream/content/sets-functions-relations/arithmetization/arithmetization.tex,8,8,66101685650a7c53c6bdd3913ec5211699b0c747857882953e3413ef5f305331,translation/content/sets-functions-relations/arithmetization/arithmetization.tex,8,8,64e8c174bac39ba12979a1d8627983bb9118a224ee2803609c98cc70bc590371,pending,,
jv-Latn-ID-JV-T059-OCC-001,JV-T059,OLP-0042,OLP-0042-P015,upstream/content/sets-functions-relations/arithmetization/integers.tex,57,88,f93b142146b9527128437355d7e3922204eede2ca9c75a941d3c09a9a848ce77,translation/content/sets-functions-relations/arithmetization/integers.tex,57,88,971412b9e97a2cfd6b3f4b358178ad9fb73642c1a308d0b9b18d6293d288cfdc,pending,,
jv-Latn-ID-JV-T060-OCC-001,JV-T060,OLP-0044,OLP-0044-P006,upstream/content/sets-functions-relations/arithmetization/reals.tex,16,27,3df30161417b836178ff701aa3d778b9ec7c1ba8e3a8a54f98b5584a7960f453,translation/content/sets-functions-relations/arithmetization/reals.tex,22,22,0d6121c3c4c5fef9ac72099b65f21f5bd76a470099aaeb11d295b7c7f6196eb7,pending,,
jv-Latn-ID-JV-T061-OCC-001,JV-T061,OLP-0044,OLP-0044-P006,upstream/content/sets-functions-relations/arithmetization/reals.tex,16,27,3df30161417b836178ff701aa3d778b9ec7c1ba8e3a8a54f98b5584a7960f453,translation/content/sets-functions-relations/arithmetization/reals.tex,17,17,0d6121c3c4c5fef9ac72099b65f21f5bd76a470099aaeb11d295b7c7f6196eb7,pending,,
jv-Latn-ID-JV-T062-OCC-001,JV-T062,OLP-0044,OLP-0044-P011,upstream/content/sets-functions-relations/arithmetization/reals.tex,74,74,3df30161417b836178ff701aa3d778b9ec7c1ba8e3a8a54f98b5584a7960f453,translation/content/sets-functions-relations/arithmetization/reals.tex,80,80,0d6121c3c4c5fef9ac72099b65f21f5bd76a470099aaeb11d295b7c7f6196eb7,pending,,
jv-Latn-ID-JV-T062-OCC-002,JV-T062,OLP-0044,OLP-0044-P011,upstream/content/sets-functions-relations/arithmetization/reals.tex,74,74,3df30161417b836178ff701aa3d778b9ec7c1ba8e3a8a54f98b5584a7960f453,translation/content/sets-functions-relations/arithmetization/reals.tex,81,81,0d6121c3c4c5fef9ac72099b65f21f5bd76a470099aaeb11d295b7c7f6196eb7,pending,,
jv-Latn-ID-JV-T062-OCC-003,JV-T062,OLP-0045,OLP-0045-P004,upstream/content/sets-functions-relations/arithmetization/cuts.tex,12,19,e7cb1029bcb0f0f1ac677c005af8d4e6a10df84bfff50c7483447b972324b44c,translation/content/sets-functions-relations/arithmetization/cuts.tex,15,15,d6e6809b30b06bb95ff294ba31ff55dd45bfdf9978323f463444332e7ae95c9c,pending,,
jv-Latn-ID-JV-T062-OCC-004,JV-T062,OLP-0044,OLP-0044-P011,upstream/content/sets-functions-relations/arithmetization/reals.tex,74,74,3df30161417b836178ff701aa3d778b9ec7c1ba8e3a8a54f98b5584a7960f453,translation/content/sets-functions-relations/arithmetization/reals.tex,81,81,0d6121c3c4c5fef9ac72099b65f21f5bd76a470099aaeb11d295b7c7f6196eb7,pending,,
jv-Latn-ID-JV-T062-OCC-005,JV-T062,OLP-0045,OLP-0045-P004,upstream/content/sets-functions-relations/arithmetization/cuts.tex,12,19,e7cb1029bcb0f0f1ac677c005af8d4e6a10df84bfff50c7483447b972324b44c,translation/content/sets-functions-relations/arithmetization/cuts.tex,15,15,d6e6809b30b06bb95ff294ba31ff55dd45bfdf9978323f463444332e7ae95c9c,pending,,
jv-Latn-ID-JV-T063-OCC-001,JV-T063,OLP-0007,OLP-0007-P005,upstream/content/sets-functions-relations/sets/important-sets.tex,12,27,ec2115fa48ea6c6684a65bdf2f504102ca0a74b40cf88293dfc12f4ab97ada02,translation/content/sets-functions-relations/sets/important-sets.tex,24,24,dd1c24aa0812ba695c1b8a5cd5c4899b99c0e99abff9f1313048fc80e558ea2d,pending,,
jv-Latn-ID-JV-T064-OCC-001,JV-T064,OLP-0045,OLP-0045-P004,upstream/content/sets-functions-relations/arithmetization/cuts.tex,12,19,e7cb1029bcb0f0f1ac677c005af8d4e6a10df84bfff50c7483447b972324b44c,translation/content/sets-functions-relations/arithmetization/cuts.tex,17,17,d6e6809b30b06bb95ff294ba31ff55dd45bfdf9978323f463444332e7ae95c9c,pending,,
jv-Latn-ID-JV-T064-OCC-002,JV-T064,OLP-0045,OLP-0045-P011,upstream/content/sets-functions-relations/arithmetization/cuts.tex,80,83,e7cb1029bcb0f0f1ac677c005af8d4e6a10df84bfff50c7483447b972324b44c,translation/content/sets-functions-relations/arithmetization/cuts.tex,94,94,d6e6809b30b06bb95ff294ba31ff55dd45bfdf9978323f463444332e7ae95c9c,pending,,
jv-Latn-ID-JV-T065-OCC-001,JV-T065,OLP-0045,OLP-0045-P012,upstream/content/sets-functions-relations/arithmetization/cuts.tex,85,113,e7cb1029bcb0f0f1ac677c005af8d4e6a10df84bfff50c7483447b972324b44c,translation/content/sets-functions-relations/arithmetization/cuts.tex,99,99,d6e6809b30b06bb95ff294ba31ff55dd45bfdf9978323f463444332e7ae95c9c,pending,,
jv-Latn-ID-JV-T066-OCC-001,JV-T066,OLP-0046,OLP-0046-P010,upstream/content/sets-functions-relations/arithmetization/reflections.tex,62,79,01032be342b6892c970733acf0b553216c39c5e864c0378d25fea8c5eaa11ead,translation/content/sets-functions-relations/arithmetization/reflections.tex,61,77,3c725866bac41c3a019848970cbbfbd6fc75f6738081ed4878204594944aef9a,pending,,
jv-Latn-ID-JV-T066-OCC-002,JV-T066,OLP-0046,OLP-0046-P013,upstream/content/sets-functions-relations/arithmetization/reflections.tex,99,102,01032be342b6892c970733acf0b553216c39c5e864c0378d25fea8c5eaa11ead,translation/content/sets-functions-relations/arithmetization/reflections.tex,96,98,3c725866bac41c3a019848970cbbfbd6fc75f6738081ed4878204594944aef9a,pending,,
jv-Latn-ID-JV-T067-OCC-001,JV-T067,OLP-0047,OLP-0047-P005,upstream/content/sets-functions-relations/arithmetization/checking-details.tex,18,21,d791c146f159c8e43368c12cd1a10e61a53f501baf9f3d2c606c7bd589c0ae01,translation/content/sets-functions-relations/arithmetization/checking-details.tex,20,20,bbfdea1bc3e7bec400d976a6c006b494a9a53e9772607c6148d02171c076e025,pending,,
jv-Latn-ID-JV-T067-OCC-002,JV-T067,OLP-0047,OLP-0047-P016,upstream/content/sets-functions-relations/arithmetization/checking-details.tex,111,118,d791c146f159c8e43368c12cd1a10e61a53f501baf9f3d2c606c7bd589c0ae01,translation/content/sets-functions-relations/arithmetization/checking-details.tex,113,113,bbfdea1bc3e7bec400d976a6c006b494a9a53e9772607c6148d02171c076e025,pending,,
jv-Latn-ID-JV-T068-OCC-001,JV-T068,OLP-0047,OLP-0047-P006,upstream/content/sets-functions-relations/arithmetization/checking-details.tex,23,36,d791c146f159c8e43368c12cd1a10e61a53f501baf9f3d2c606c7bd589c0ae01,translation/content/sets-functions-relations/arithmetization/checking-details.tex,27,27,bbfdea1bc3e7bec400d976a6c006b494a9a53e9772607c6148d02171c076e025,pending,,
jv-Latn-ID-JV-T068-OCC-002,JV-T068,OLP-0047,OLP-0047-P006,upstream/content/sets-functions-relations/arithmetization/checking-details.tex,23,36,d791c146f159c8e43368c12cd1a10e61a53f501baf9f3d2c606c7bd589c0ae01,translation/content/sets-functions-relations/arithmetization/checking-details.tex,29,29,bbfdea1bc3e7bec400d976a6c006b494a9a53e9772607c6148d02171c076e025,pending,,
jv-Latn-ID-JV-T068-OCC-003,JV-T068,OLP-0047,OLP-0047-P006,upstream/content/sets-functions-relations/arithmetization/checking-details.tex,23,36,d791c146f159c8e43368c12cd1a10e61a53f501baf9f3d2c606c7bd589c0ae01,translation/content/sets-functions-relations/arithmetization/checking-details.tex,31,31,bbfdea1bc3e7bec400d976a6c006b494a9a53e9772607c6148d02171c076e025,pending,,
jv-Latn-ID-JV-T068-OCC-004,JV-T068,OLP-0047,OLP-0047-P006,upstream/content/sets-functions-relations/arithmetization/checking-details.tex,23,36,d791c146f159c8e43368c12cd1a10e61a53f501baf9f3d2c606c7bd589c0ae01,translation/content/sets-functions-relations/arithmetization/checking-details.tex,33,33,bbfdea1bc3e7bec400d976a6c006b494a9a53e9772607c6148d02171c076e025,pending,,
jv-Latn-ID-JV-T068-OCC-005,JV-T068,OLP-0047,OLP-0047-P006,upstream/content/sets-functions-relations/arithmetization/checking-details.tex,23,36,d791c146f159c8e43368c12cd1a10e61a53f501baf9f3d2c606c7bd589c0ae01,translation/content/sets-functions-relations/arithmetization/checking-details.tex,34,34,bbfdea1bc3e7bec400d976a6c006b494a9a53e9772607c6148d02171c076e025,pending,,
jv-Latn-ID-JV-T068-OCC-006,JV-T068,OLP-0047,OLP-0047-P019,upstream/content/sets-functions-relations/arithmetization/checking-details.tex,127,136,d791c146f159c8e43368c12cd1a10e61a53f501baf9f3d2c606c7bd589c0ae01,translation/content/sets-functions-relations/arithmetization/checking-details.tex,135,135,bbfdea1bc3e7bec400d976a6c006b494a9a53e9772607c6148d02171c076e025,pending,,
jv-Latn-ID-JV-T069-OCC-001,JV-T069,OLP-0047,OLP-0047-P015,upstream/content/sets-functions-relations/arithmetization/checking-details.tex,101,109,d791c146f159c8e43368c12cd1a10e61a53f501baf9f3d2c606c7bd589c0ae01,translation/content/sets-functions-relations/arithmetization/checking-details.tex,109,109,bbfdea1bc3e7bec400d976a6c006b494a9a53e9772607c6148d02171c076e025,pending,,
jv-Latn-ID-JV-T070-OCC-001,JV-T070,OLP-0048,OLP-0048-P005,upstream/content/sets-functions-relations/arithmetization/cauchy.tex,11,11,35d0a39913340eadcab7fb9d7742b56aef0d0f29868cd65eeca9dc53694e8ac2,translation/content/sets-functions-relations/arithmetization/cauchy.tex,11,11,22572f5a494ea558fc9cc0cc9b14e0c19a7b509d1cfd64e4d73fcf5a8826e5c5,pending,,
jv-Latn-ID-JV-T070-OCC-002,JV-T070,OLP-0048,OLP-0048-P008,upstream/content/sets-functions-relations/arithmetization/cauchy.tex,38,73,35d0a39913340eadcab7fb9d7742b56aef0d0f29868cd65eeca9dc53694e8ac2,translation/content/sets-functions-relations/arithmetization/cauchy.tex,69,69,22572f5a494ea558fc9cc0cc9b14e0c19a7b509d1cfd64e4d73fcf5a8826e5c5,pending,,
jv-Latn-ID-JV-T071-OCC-001,JV-T071,OLP-0048,OLP-0048-P007,upstream/content/sets-functions-relations/arithmetization/cauchy.tex,21,36,35d0a39913340eadcab7fb9d7742b56aef0d0f29868cd65eeca9dc53694e8ac2,translation/content/sets-functions-relations/arithmetization/cauchy.tex,23,23,22572f5a494ea558fc9cc0cc9b14e0c19a7b509d1cfd64e4d73fcf5a8826e5c5,pending,,
jv-Latn-ID-JV-T071-OCC-002,JV-T071,OLP-0048,OLP-0048-P008,upstream/content/sets-functions-relations/arithmetization/cauchy.tex,38,73,35d0a39913340eadcab7fb9d7742b56aef0d0f29868cd65eeca9dc53694e8ac2,translation/content/sets-functions-relations/arithmetization/cauchy.tex,40,40,22572f5a494ea558fc9cc0cc9b14e0c19a7b509d1cfd64e4d73fcf5a8826e5c5,pending,,
jv-Latn-ID-JV-T072-OCC-001,JV-T072,OLP-0048,OLP-0048-P015,upstream/content/sets-functions-relations/arithmetization/cauchy.tex,149,163,35d0a39913340eadcab7fb9d7742b56aef0d0f29868cd65eeca9dc53694e8ac2,translation/content/sets-functions-relations/arithmetization/cauchy.tex,151,151,22572f5a494ea558fc9cc0cc9b14e0c19a7b509d1cfd64e4d73fcf5a8826e5c5,pending,,
jv-Latn-ID-JV-T073-OCC-001,JV-T073,OLP-0048,OLP-0048-P022,upstream/content/sets-functions-relations/arithmetization/cauchy.tex,215,224,35d0a39913340eadcab7fb9d7742b56aef0d0f29868cd65eeca9dc53694e8ac2,translation/content/sets-functions-relations/arithmetization/cauchy.tex,228,228,22572f5a494ea558fc9cc0cc9b14e0c19a7b509d1cfd64e4d73fcf5a8826e5c5,pending,,
jv-Latn-ID-JV-T074-OCC-001,JV-T074,OLP-0029,OLP-0029-P020,upstream/content/sets-functions-relations/size-of-sets/enumerability.tex,145,153,bf6be35c0e393cb6e1d227f8e9024df4216792e663f23beb7277045487acfa67,translation/content/sets-functions-relations/size-of-sets/enumerability.tex,153,156,8072a19e227b50388b976d5adae4bab74948eabf8604755805d3531a341a0ab0,pending,,
jv-Latn-ID-JV-T074-OCC-002,JV-T074,OLP-0031,OLP-0031-P015,upstream/content/sets-functions-relations/size-of-sets/pairing.tex,91,96,fb6cc1176e91e56cea5f5b9708723c59191813f8fe256aac8ed0457a0119a9bf,translation/content/sets-functions-relations/size-of-sets/pairing.tex,95,98,b766c4a116aba8a91e807ea82a9078112fa9cd0196247fa4af114ae689f61804,pending,,
jv-Latn-ID-JV-T074-OCC-003,JV-T074,OLP-0032,OLP-0032-P006,upstream/content/sets-functions-relations/size-of-sets/pairing-alt.tex,39,45,c26b4e0da9e2e0b0ec839470ddd1d0d5eb1b3d3922d3b6986c9a795f34328797,translation/content/sets-functions-relations/size-of-sets/pairing-alt.tex,39,42,46e6270ae27da3d4542a414e763b1ac9c32015d373737a74fabf79f3c6ffc1d7,pending,,
jv-Latn-ID-JV-T074-OCC-004,JV-T074,OLP-0034,OLP-0034-P011,upstream/content/sets-functions-relations/size-of-sets/reduction.tex,47,69,0d6d2e3280698668b837cef6dcf3134b86d2a4b48831ae516e6e33e42898c79a,translation/content/sets-functions-relations/size-of-sets/reduction.tex,52,55,11ff639ead636b6bf93c911baac161f576aabc515613b2a043d27eddd769c38f,pending,,
jv-Latn-ID-JV-T074-OCC-005,JV-T074,OLP-0034,OLP-0034-P015,upstream/content/sets-functions-relations/size-of-sets/reduction.tex,85,100,0d6d2e3280698668b837cef6dcf3134b86d2a4b48831ae516e6e33e42898c79a,translation/content/sets-functions-relations/size-of-sets/reduction.tex,100,103,11ff639ead636b6bf93c911baac161f576aabc515613b2a043d27eddd769c38f,pending,,
jv-Latn-ID-JV-T074-OCC-006,JV-T074,OLP-0035,OLP-0035-P015,upstream/content/sets-functions-relations/size-of-sets/equinumerous-sets.tex,68,94,025a3fc368d6873825effcb07631913762edbf2d3f9a0711d57dcd9575361251,translation/content/sets-functions-relations/size-of-sets/equinumerous-sets.tex,73,76,d98271ec9b67b12c13f379e3c616b0fa86312a5ee043621000d0243f8541f66d,pending,,
jv-Latn-ID-JV-T074-OCC-007,JV-T074,OLP-0036,OLP-0036-P014,upstream/content/sets-functions-relations/size-of-sets/comparing-size.tex,74,90,075810b1cf1c8b54266518523d4665d3deae4a4937f4e19a66a09cc0e1aaebf7,translation/content/sets-functions-relations/size-of-sets/comparing-size.tex,91,94,68eef3a8a3adb8167bb1d919e8bc8bb7e2d6f109801f2fea8360a0674dc0bbab,pending,,
jv-Latn-ID-JV-T074-OCC-008,JV-T074,OLP-0039,OLP-0039-P012,upstream/content/sets-functions-relations/size-of-sets/non-enumerability-alt.tex,61,75,a075f6c63879101314fb20fa493acfb38d78ff24095bb55914f2af4527e1ad3e,translation/content/sets-functions-relations/size-of-sets/non-enumerability-alt.tex,66,69,5af7c817395540e2fc9137f8960a116d4822026b391797d65c80c974ef9967c1,pending,,
jv-Latn-ID-JV-T074-OCC-009,JV-T074,OLP-0039,OLP-0039-P012,upstream/content/sets-functions-relations/size-of-sets/non-enumerability-alt.tex,77,84,a075f6c63879101314fb20fa493acfb38d78ff24095bb55914f2af4527e1ad3e,translation/content/sets-functions-relations/size-of-sets/non-enumerability-alt.tex,85,88,5af7c817395540e2fc9137f8960a116d4822026b391797d65c80c974ef9967c1,pending,,
jv-Latn-ID-JV-T074-OCC-010,JV-T074,OLP-0040,OLP-0040-P012,upstream/content/sets-functions-relations/size-of-sets/reduction-alt.tex,48,58,f7717d8394048096cf7a65bc87a1a1ed15861cdfb8c7edb23429d5256d954d11,translation/content/sets-functions-relations/size-of-sets/reduction-alt.tex,53,56,cc259462e3d7671ced74c079fffeb6172abf0c42a12658e819c40dcb53dab3bb,pending,,
jv-Latn-ID-JV-T075-OCC-001,JV-T075,OLP-0050,OLP-0050-P006,upstream/content/sets-functions-relations/infinite/hilberts-hotel.tex,60,64,e9a73caefcc496d7074251a3ac15f66fd577415bd3a531dd23f79375502ee0ed,translation/content/sets-functions-relations/infinite/hilberts-hotel.tex,61,61,b225d2e3c8e0035355aa3b054fb49e899d796c7f135a4ecb2b1c8f70ae41c212,pending,,
jv-Latn-ID-JV-T075-OCC-002,JV-T075,OLP-0050,OLP-0050-P004,upstream/content/sets-functions-relations/infinite/hilberts-hotel.tex,12,23,e9a73caefcc496d7074251a3ac15f66fd577415bd3a531dd23f79375502ee0ed,translation/content/sets-functions-relations/infinite/hilberts-hotel.tex,14,14,b225d2e3c8e0035355aa3b054fb49e899d796c7f135a4ecb2b1c8f70ae41c212,pending,,
jv-Latn-ID-JV-T075-OCC-003,JV-T075,OLP-0050,OLP-0050-P005,upstream/content/sets-functions-relations/infinite/hilberts-hotel.tex,25,58,e9a73caefcc496d7074251a3ac15f66fd577415bd3a531dd23f79375502ee0ed,translation/content/sets-functions-relations/infinite/hilberts-hotel.tex,26,26,b225d2e3c8e0035355aa3b054fb49e899d796c7f135a4ecb2b1c8f70ae41c212,pending,,
jv-Latn-ID-JV-T076-OCC-001,JV-T076,OLP-0054,OLP-0054-P006,upstream/content/sets-functions-relations/infinite/card-sb.tex,16,23,88534a3f2be736a704ab31343e45933edb9712fa5b4411eb102c0f4a12d656e9,translation/content/sets-functions-relations/infinite/card-sb.tex,16,16,ca8a09ce5d3ef2dab1bfc73cf9d7248cf5cf39d10bbed167ec78eba8244e96f4,pending,,
jv-Latn-ID-JV-T076-OCC-002,JV-T076,OLP-0051,OLP-0051-P005,upstream/content/sets-functions-relations/infinite/dedekind-algebra.tex,16,39,9cee716bb8cb3bfd507ed5c17bbd4477d05995af6f8f8d411087793bdaa86036,translation/content/sets-functions-relations/infinite/dedekind-algebra.tex,35,35,567111ed52d840a511a84108fd9eccd4ea6f6c24804125bc5e61fa55984329f3,pending,,
jv-Latn-ID-JV-T077-OCC-001,JV-T077,OLP-0051,OLP-0051-P003,upstream/content/sets-functions-relations/infinite/dedekind-algebra.tex,9,10,9cee716bb8cb3bfd507ed5c17bbd4477d05995af6f8f8d411087793bdaa86036,translation/content/sets-functions-relations/infinite/dedekind-algebra.tex,10,10,567111ed52d840a511a84108fd9eccd4ea6f6c24804125bc5e61fa55984329f3,pending,,
jv-Latn-ID-JV-T077-OCC-002,JV-T077,OLP-0051,OLP-0051-P005,upstream/content/sets-functions-relations/infinite/dedekind-algebra.tex,16,39,9cee716bb8cb3bfd507ed5c17bbd4477d05995af6f8f8d411087793bdaa86036,translation/content/sets-functions-relations/infinite/dedekind-algebra.tex,16,16,567111ed52d840a511a84108fd9eccd4ea6f6c24804125bc5e61fa55984329f3,pending,,
jv-Latn-ID-JV-T077-OCC-003,JV-T077,OLP-0052,OLP-0052-P004,upstream/content/sets-functions-relations/infinite/dedekind-induction.tex,9,10,ea5f6c80d70abca6f5598de3e221c2f60524c40cbf533ae8a5336d5bb7186537,translation/content/sets-functions-relations/infinite/dedekind-induction.tex,10,10,1d72a74dd465bbbb306f39a77e039bf1f5fedd9d5b462c817cacc37fb5746dac,pending,,
jv-Latn-ID-JV-T078-OCC-001,JV-T078,OLP-0052,OLP-0052-P013,upstream/content/sets-functions-relations/infinite/dedekind-induction.tex,66,80,ea5f6c80d70abca6f5598de3e221c2f60524c40cbf533ae8a5336d5bb7186537,translation/content/sets-functions-relations/infinite/dedekind-induction.tex,71,71,1d72a74dd465bbbb306f39a77e039bf1f5fedd9d5b462c817cacc37fb5746dac,pending,,
jv-Latn-ID-JV-T078-OCC-002,JV-T078,OLP-0052,OLP-0052-P013,upstream/content/sets-functions-relations/infinite/dedekind-induction.tex,66,80,ea5f6c80d70abca6f5598de3e221c2f60524c40cbf533ae8a5336d5bb7186537,translation/content/sets-functions-relations/infinite/dedekind-induction.tex,70,70,1d72a74dd465bbbb306f39a77e039bf1f5fedd9d5b462c817cacc37fb5746dac,pending,,
jv-Latn-ID-JV-T078-OCC-003,JV-T078,OLP-0053,OLP-0053-P007,upstream/content/sets-functions-relations/infinite/dedekinds-proof.tex,28,40,a7c41cebb6b7b0e2bed0d187777be4ba69fecdb17baa070975a0ca5c5c55b8bf,translation/content/sets-functions-relations/infinite/dedekinds-proof.tex,37,37,e211e01cd1a4f72c118e72aa5b50eada3ccdb25e74476c17f70990d75c968453,pending,,
jv-Latn-ID-JV-T078-OCC-004,JV-T078,OLP-0053,OLP-0053-P007,upstream/content/sets-functions-relations/infinite/dedekinds-proof.tex,28,40,a7c41cebb6b7b0e2bed0d187777be4ba69fecdb17baa070975a0ca5c5c55b8bf,translation/content/sets-functions-relations/infinite/dedekinds-proof.tex,38,38,e211e01cd1a4f72c118e72aa5b50eada3ccdb25e74476c17f70990d75c968453,pending,,
jv-Latn-ID-JV-T079-OCC-001,JV-T079,OLP-0055,OLP-0055-P004,upstream/content/propositional-logic/propositional-logic.tex,7,7,1af59702eeba2337e42385ae40315eb7761ca569b0991f0afe69ad74bd5258aa,translation/content/propositional-logic/propositional-logic.tex,7,7,a3b0158af5dc43f11f446c64f3449f00d357b10ecc595028c1be1905cf48a744,pending,,
jv-Latn-ID-JV-T080-OCC-001,JV-T080,OLP-0058,OLP-0058-P007,upstream/content/propositional-logic/syntax-and-semantics/formulas.tex,20,33,f05ab9c5e23b362dbee9f6063f096f52ebc9e7f97b29acc9c07f18788f1f8f48,translation/content/propositional-logic/syntax-and-semantics/formulas.tex,27,27,4970549092af228a0eaab6c3b16092aaaa67f3de2c7e39c1ed6d8df1eb587c11,pending,,
jv-Latn-ID-JV-T080-OCC-002,JV-T080,OLP-0058,OLP-0058-P007,upstream/content/propositional-logic/syntax-and-semantics/formulas.tex,20,33,f05ab9c5e23b362dbee9f6063f096f52ebc9e7f97b29acc9c07f18788f1f8f48,translation/content/propositional-logic/syntax-and-semantics/formulas.tex,28,28,4970549092af228a0eaab6c3b16092aaaa67f3de2c7e39c1ed6d8df1eb587c11,pending,,
jv-Latn-ID-JV-T080-OCC-003,JV-T080,OLP-0058,OLP-0058-P007,upstream/content/propositional-logic/syntax-and-semantics/formulas.tex,20,33,f05ab9c5e23b362dbee9f6063f096f52ebc9e7f97b29acc9c07f18788f1f8f48,translation/content/propositional-logic/syntax-and-semantics/formulas.tex,29,29,4970549092af228a0eaab6c3b16092aaaa67f3de2c7e39c1ed6d8df1eb587c11,pending,,
jv-Latn-ID-JV-T080-OCC-004,JV-T080,OLP-0057,OLP-0057-P006,upstream/content/propositional-logic/syntax-and-semantics/introduction.tex,13,35,3040499782b5cc91adab39a5ba93031d4daf6d05ad084e97937d6f84ebed432c,translation/content/propositional-logic/syntax-and-semantics/introduction.tex,35,35,f69fa05e7359e5b13eba8b1bcb136c039366cf036b759ac564e4d2cdb53938b0,pending,,
jv-Latn-ID-JV-T080-OCC-005,JV-T080,OLP-0058,OLP-0058-P012,upstream/content/propositional-logic/syntax-and-semantics/formulas.tex,63,76,f05ab9c5e23b362dbee9f6063f096f52ebc9e7f97b29acc9c07f18788f1f8f48,translation/content/propositional-logic/syntax-and-semantics/formulas.tex,70,70,4970549092af228a0eaab6c3b16092aaaa67f3de2c7e39c1ed6d8df1eb587c11,pending,,
jv-Latn-ID-JV-T081-OCC-001,JV-T081,OLP-0056,OLP-0056-P004,upstream/content/propositional-logic/syntax-and-semantics/syntax-and-semantics.tex,8,8,d99022091f0fa2b689b3a3e845c3908dd45c8a9c36c74f3d9c589d17d629f805,translation/content/propositional-logic/syntax-and-semantics/syntax-and-semantics.tex,8,8,2e3790b7c9cc8ef49d694c1563cb78bf08bdc8f3d7bc1939eea0d99312401032,pending,,
jv-Latn-ID-JV-T081-OCC-002,JV-T081,OLP-0056,OLP-0056-P004,upstream/content/propositional-logic/syntax-and-semantics/syntax-and-semantics.tex,8,8,d99022091f0fa2b689b3a3e845c3908dd45c8a9c36c74f3d9c589d17d629f805,translation/content/propositional-logic/syntax-and-semantics/syntax-and-semantics.tex,8,8,2e3790b7c9cc8ef49d694c1563cb78bf08bdc8f3d7bc1939eea0d99312401032,pending,,
jv-Latn-ID-JV-T081-OCC-003,JV-T081,OLP-0058,OLP-0058-P022,upstream/content/propositional-logic/syntax-and-semantics/formulas.tex,109,118,f05ab9c5e23b362dbee9f6063f096f52ebc9e7f97b29acc9c07f18788f1f8f48,translation/content/propositional-logic/syntax-and-semantics/formulas.tex,113,113,4970549092af228a0eaab6c3b16092aaaa67f3de2c7e39c1ed6d8df1eb587c11,pending,,
jv-Latn-ID-JV-T081-OCC-004,JV-T081,OLP-0058,OLP-0058-P034,upstream/content/propositional-logic/syntax-and-semantics/formulas.tex,167,171,f05ab9c5e23b362dbee9f6063f096f52ebc9e7f97b29acc9c07f18788f1f8f48,translation/content/propositional-logic/syntax-and-semantics/formulas.tex,170,170,4970549092af228a0eaab6c3b16092aaaa67f3de2c7e39c1ed6d8df1eb587c11,pending,,
jv-Latn-ID-JV-T082-OCC-001,JV-T082,OLP-0057,OLP-0057-P006,upstream/content/propositional-logic/syntax-and-semantics/introduction.tex,13,35,3040499782b5cc91adab39a5ba93031d4daf6d05ad084e97937d6f84ebed432c,translation/content/propositional-logic/syntax-and-semantics/introduction.tex,21,21,f69fa05e7359e5b13eba8b1bcb136c039366cf036b759ac564e4d2cdb53938b0,pending,,
jv-Latn-ID-JV-T082-OCC-002,JV-T082,OLP-0057,OLP-0057-P006,upstream/content/propositional-logic/syntax-and-semantics/introduction.tex,13,35,3040499782b5cc91adab39a5ba93031d4daf6d05ad084e97937d6f84ebed432c,translation/content/propositional-logic/syntax-and-semantics/introduction.tex,17,17,f69fa05e7359e5b13eba8b1bcb136c039366cf036b759ac564e4d2cdb53938b0,pending,,
jv-Latn-ID-JV-T082-OCC-003,JV-T082,OLP-0061,OLP-0061-P007,upstream/content/propositional-logic/syntax-and-semantics/valuations-sat.tex,21,57,9f0b5ecd5a8462ab5d970546602a1a0b0e46e5908c6a0f46369f93543583f882,translation/content/propositional-logic/syntax-and-semantics/valuations-sat.tex,22,22,328884b438baf6cf3be610bade5136e1dc0bf5277f6c4cc52207a39a9976a789,pending,,
jv-Latn-ID-JV-T082-OCC-004,JV-T082,OLP-0061,OLP-0061-P007,upstream/content/propositional-logic/syntax-and-semantics/valuations-sat.tex,21,57,9f0b5ecd5a8462ab5d970546602a1a0b0e46e5908c6a0f46369f93543583f882,translation/content/propositional-logic/syntax-and-semantics/valuations-sat.tex,22,22,328884b438baf6cf3be610bade5136e1dc0bf5277f6c4cc52207a39a9976a789,pending,,
jv-Latn-ID-JV-T083-OCC-001,JV-T083,OLP-0057,OLP-0057-P008,upstream/content/propositional-logic/syntax-and-semantics/introduction.tex,52,62,3040499782b5cc91adab39a5ba93031d4daf6d05ad084e97937d6f84ebed432c,translation/content/propositional-logic/syntax-and-semantics/introduction.tex,55,55,f69fa05e7359e5b13eba8b1bcb136c039366cf036b759ac564e4d2cdb53938b0,pending,,
jv-Latn-ID-JV-T083-OCC-002,JV-T083,OLP-0057,OLP-0057-P009,upstream/content/propositional-logic/syntax-and-semantics/introduction.tex,64,76,3040499782b5cc91adab39a5ba93031d4daf6d05ad084e97937d6f84ebed432c,translation/content/propositional-logic/syntax-and-semantics/introduction.tex,68,68,f69fa05e7359e5b13eba8b1bcb136c039366cf036b759ac564e4d2cdb53938b0,pending,,
jv-Latn-ID-JV-T083-OCC-003,JV-T083,OLP-0062,OLP-0062-P007,upstream/content/propositional-logic/syntax-and-semantics/semantic-notions.tex,15,32,992456e01aa355799eabea11dc7d2a49a5f1a0f0ebeef05d36f86603c0f06d39,translation/content/propositional-logic/syntax-and-semantics/semantic-notions.tex,18,18,3e8631ab02694f26e81448be1fede41cfaddd397b2457cfc19f7f48334e1267b,pending,,
jv-Latn-ID-JV-T084-OCC-001,JV-T084,OLP-0057,OLP-0057-P009,upstream/content/propositional-logic/syntax-and-semantics/introduction.tex,64,76,3040499782b5cc91adab39a5ba93031d4daf6d05ad084e97937d6f84ebed432c,translation/content/propositional-logic/syntax-and-semantics/introduction.tex,67,67,f69fa05e7359e5b13eba8b1bcb136c039366cf036b759ac564e4d2cdb53938b0,pending,,
jv-Latn-ID-JV-T084-OCC-002,JV-T084,OLP-0057,OLP-0057-P009,upstream/content/propositional-logic/syntax-and-semantics/introduction.tex,64,76,3040499782b5cc91adab39a5ba93031d4daf6d05ad084e97937d6f84ebed432c,translation/content/propositional-logic/syntax-and-semantics/introduction.tex,67,67,f69fa05e7359e5b13eba8b1bcb136c039366cf036b759ac564e4d2cdb53938b0,pending,,
jv-Latn-ID-JV-T084-OCC-003,JV-T084,OLP-0057,OLP-0057-P006,upstream/content/propositional-logic/syntax-and-semantics/introduction.tex,13,35,3040499782b5cc91adab39a5ba93031d4daf6d05ad084e97937d6f84ebed432c,translation/content/propositional-logic/syntax-and-semantics/introduction.tex,25,25,f69fa05e7359e5b13eba8b1bcb136c039366cf036b759ac564e4d2cdb53938b0,pending,,
jv-Latn-ID-JV-T085-OCC-001,JV-T085,OLP-0060,OLP-0060-P005,upstream/content/propositional-logic/syntax-and-semantics/formation-sequences.tex,11,11,fff70555c1ef515d9092e72c91496aa898f74e4dd41e4cadc82f49a30c5850f5,translation/content/propositional-logic/syntax-and-semantics/formation-sequences.tex,11,11,95b73d0939e578f0f020806ca164791fdd4438ab457119c17bfa00847716b12c,pending,,
jv-Latn-ID-JV-T085-OCC-002,JV-T085,OLP-0057,OLP-0057-P007,upstream/content/propositional-logic/syntax-and-semantics/introduction.tex,37,50,3040499782b5cc91adab39a5ba93031d4daf6d05ad084e97937d6f84ebed432c,translation/content/propositional-logic/syntax-and-semantics/introduction.tex,50,50,f69fa05e7359e5b13eba8b1bcb136c039366cf036b759ac564e4d2cdb53938b0,pending,,
jv-Latn-ID-JV-T085-OCC-003,JV-T085,OLP-0059,OLP-0059-P012,upstream/content/propositional-logic/syntax-and-semantics/preliminaries.tex,58,62,32b55f3fdc69170d1c4856c5abd86e8845d1d4993b8e649a0501475ad0c5a9dc,translation/content/propositional-logic/syntax-and-semantics/preliminaries.tex,60,60,613ea29d6507a9a5cddc76cc6373dbfe8223b14fb7d698a2e67f3be9b2b62c8b,pending,,
jv-Latn-ID-JV-T086-OCC-001,JV-T086,OLP-0059,OLP-0059-P021,upstream/content/propositional-logic/syntax-and-semantics/preliminaries.tex,91,98,32b55f3fdc69170d1c4856c5abd86e8845d1d4993b8e649a0501475ad0c5a9dc,translation/content/propositional-logic/syntax-and-semantics/preliminaries.tex,92,92,613ea29d6507a9a5cddc76cc6373dbfe8223b14fb7d698a2e67f3be9b2b62c8b,pending,,
jv-Latn-ID-JV-T086-OCC-002,JV-T086,OLP-0061,OLP-0061-P010,upstream/content/propositional-logic/syntax-and-semantics/valuations-sat.tex,133,140,9f0b5ecd5a8462ab5d970546602a1a0b0e46e5908c6a0f46369f93543583f882,translation/content/propositional-logic/syntax-and-semantics/valuations-sat.tex,133,133,328884b438baf6cf3be610bade5136e1dc0bf5277f6c4cc52207a39a9976a789,pending,,
jv-Latn-ID-JV-T086-OCC-003,JV-T086,OLP-0062,OLP-0062-P015,upstream/content/propositional-logic/syntax-and-semantics/semantic-notions.tex,83,86,992456e01aa355799eabea11dc7d2a49a5f1a0f0ebeef05d36f86603c0f06d39,translation/content/propositional-logic/syntax-and-semantics/semantic-notions.tex,84,84,3e8631ab02694f26e81448be1fede41cfaddd397b2457cfc19f7f48334e1267b,pending,,
jv-Latn-ID-JV-T087-OCC-001,JV-T087,OLP-0058,OLP-0058-P032,upstream/content/propositional-logic/syntax-and-semantics/formulas.tex,159,159,f05ab9c5e23b362dbee9f6063f096f52ebc9e7f97b29acc9c07f18788f1f8f48,translation/content/propositional-logic/syntax-and-semantics/formulas.tex,159,162,4970549092af228a0eaab6c3b16092aaaa67f3de2c7e39c1ed6d8df1eb587c11,pending,,
jv-Latn-ID-JV-T088-OCC-001,JV-T088,OLP-0064,OLP-0064-P007,upstream/content/first-order-logic/proof-systems/introduction.tex,26,36,148266281cc87fcd3e454249b9f6c42a117a9aed0733cc5a5f2e954ffd60bb58,translation/content/first-order-logic/proof-systems/introduction.tex,27,27,567a76545f163fd86fea2647b24ab4c1d5a0d4f6a5d896ab3c52bd123895402c,pending,,
jv-Latn-ID-JV-T088-OCC-002,JV-T088,OLP-0064,OLP-0064-P007,upstream/content/first-order-logic/proof-systems/introduction.tex,26,36,148266281cc87fcd3e454249b9f6c42a117a9aed0733cc5a5f2e954ffd60bb58,translation/content/first-order-logic/proof-systems/introduction.tex,31,31,567a76545f163fd86fea2647b24ab4c1d5a0d4f6a5d896ab3c52bd123895402c,pending,,
jv-Latn-ID-JV-T089-OCC-001,JV-T089,OLP-0064,OLP-0064-P009,upstream/content/first-order-logic/proof-systems/introduction.tex,50,71,148266281cc87fcd3e454249b9f6c42a117a9aed0733cc5a5f2e954ffd60bb58,translation/content/first-order-logic/proof-systems/introduction.tex,64,64,567a76545f163fd86fea2647b24ab4c1d5a0d4f6a5d896ab3c52bd123895402c,pending,,
jv-Latn-ID-JV-T089-OCC-002,JV-T089,OLP-0064,OLP-0064-P010,upstream/content/first-order-logic/proof-systems/introduction.tex,73,80,148266281cc87fcd3e454249b9f6c42a117a9aed0733cc5a5f2e954ffd60bb58,translation/content/first-order-logic/proof-systems/introduction.tex,73,73,567a76545f163fd86fea2647b24ab4c1d5a0d4f6a5d896ab3c52bd123895402c,pending,,
jv-Latn-ID-JV-T089-OCC-003,JV-T089,OLP-0064,OLP-0064-P006,upstream/content/first-order-logic/proof-systems/introduction.tex,15,24,148266281cc87fcd3e454249b9f6c42a117a9aed0733cc5a5f2e954ffd60bb58,translation/content/first-order-logic/proof-systems/introduction.tex,16,16,567a76545f163fd86fea2647b24ab4c1d5a0d4f6a5d896ab3c52bd123895402c,pending,,
jv-Latn-ID-JV-T090-OCC-001,JV-T090,OLP-0064,OLP-0064-P011,upstream/content/first-order-logic/proof-systems/introduction.tex,82,99,148266281cc87fcd3e454249b9f6c42a117a9aed0733cc5a5f2e954ffd60bb58,translation/content/first-order-logic/proof-systems/introduction.tex,82,82,567a76545f163fd86fea2647b24ab4c1d5a0d4f6a5d896ab3c52bd123895402c,pending,,
jv-Latn-ID-JV-T090-OCC-002,JV-T090,OLP-0064,OLP-0064-P011,upstream/content/first-order-logic/proof-systems/introduction.tex,82,99,148266281cc87fcd3e454249b9f6c42a117a9aed0733cc5a5f2e954ffd60bb58,translation/content/first-order-logic/proof-systems/introduction.tex,82,82,567a76545f163fd86fea2647b24ab4c1d5a0d4f6a5d896ab3c52bd123895402c,pending,,
jv-Latn-ID-JV-T090-OCC-003,JV-T090,OLP-0064,OLP-0064-P011,upstream/content/first-order-logic/proof-systems/introduction.tex,82,99,148266281cc87fcd3e454249b9f6c42a117a9aed0733cc5a5f2e954ffd60bb58,translation/content/first-order-logic/proof-systems/introduction.tex,84,84,567a76545f163fd86fea2647b24ab4c1d5a0d4f6a5d896ab3c52bd123895402c,pending,,
jv-Latn-ID-JV-T091-OCC-001,JV-T091,OLP-0065,OLP-0065-P005,upstream/content/first-order-logic/proof-systems/sequent-calculus.tex,13,13,5448a91da184ef1d41e40ec2d56b74db63d49412d8b96b3f2a39a101b0191bad,translation/content/first-order-logic/proof-systems/sequent-calculus.tex,13,13,679ff2e63a6d8fb726085dfdea9f64a10fbae06a3c70bb8a09ff38ea3a6cda51,pending,,
jv-Latn-ID-JV-T091-OCC-002,JV-T091,OLP-0065,OLP-0065-P005,upstream/content/first-order-logic/proof-systems/sequent-calculus.tex,13,13,5448a91da184ef1d41e40ec2d56b74db63d49412d8b96b3f2a39a101b0191bad,translation/content/first-order-logic/proof-systems/sequent-calculus.tex,13,13,679ff2e63a6d8fb726085dfdea9f64a10fbae06a3c70bb8a09ff38ea3a6cda51,pending,,
jv-Latn-ID-JV-T091-OCC-003,JV-T091,OLP-0065,OLP-0065-P006,upstream/content/first-order-logic/proof-systems/sequent-calculus.tex,15,35,5448a91da184ef1d41e40ec2d56b74db63d49412d8b96b3f2a39a101b0191bad,translation/content/first-order-logic/proof-systems/sequent-calculus.tex,24,24,679ff2e63a6d8fb726085dfdea9f64a10fbae06a3c70bb8a09ff38ea3a6cda51,pending,,
jv-Latn-ID-JV-T091-OCC-004,JV-T091,OLP-0065,OLP-0065-P007,upstream/content/first-order-logic/proof-systems/sequent-calculus.tex,37,50,5448a91da184ef1d41e40ec2d56b74db63d49412d8b96b3f2a39a101b0191bad,translation/content/first-order-logic/proof-systems/sequent-calculus.tex,39,39,679ff2e63a6d8fb726085dfdea9f64a10fbae06a3c70bb8a09ff38ea3a6cda51,pending,,
jv-Latn-ID-JV-T092-OCC-001,JV-T092,OLP-0066,OLP-0066-P005,upstream/content/first-order-logic/proof-systems/natural-deduction.tex,13,13,77b5d31c7b63f657e0d5492d83810bfdc21af0169a9b38ccd5302e0e4cdefdfe,translation/content/first-order-logic/proof-systems/natural-deduction.tex,13,13,f5213c50fe8ca2a688b6a789113de6c558138e651b24f377bf744f382455d188,pending,,
jv-Latn-ID-JV-T092-OCC-002,JV-T092,OLP-0066,OLP-0066-P006,upstream/content/first-order-logic/proof-systems/natural-deduction.tex,15,31,77b5d31c7b63f657e0d5492d83810bfdc21af0169a9b38ccd5302e0e4cdefdfe,translation/content/first-order-logic/proof-systems/natural-deduction.tex,25,25,f5213c50fe8ca2a688b6a789113de6c558138e651b24f377bf744f382455d188,pending,,
jv-Latn-ID-JV-T092-OCC-003,JV-T092,OLP-0066,OLP-0066-P006,upstream/content/first-order-logic/proof-systems/natural-deduction.tex,15,31,77b5d31c7b63f657e0d5492d83810bfdc21af0169a9b38ccd5302e0e4cdefdfe,translation/content/first-order-logic/proof-systems/natural-deduction.tex,18,18,f5213c50fe8ca2a688b6a789113de6c558138e651b24f377bf744f382455d188,pending,,
jv-Latn-ID-JV-T092-OCC-004,JV-T092,OLP-0066,OLP-0066-P006,upstream/content/first-order-logic/proof-systems/natural-deduction.tex,15,31,77b5d31c7b63f657e0d5492d83810bfdc21af0169a9b38ccd5302e0e4cdefdfe,translation/content/first-order-logic/proof-systems/natural-deduction.tex,20,20,f5213c50fe8ca2a688b6a789113de6c558138e651b24f377bf744f382455d188,pending,,
jv-Latn-ID-JV-T092-OCC-005,JV-T092,OLP-0066,OLP-0066-P006,upstream/content/first-order-logic/proof-systems/natural-deduction.tex,15,31,77b5d31c7b63f657e0d5492d83810bfdc21af0169a9b38ccd5302e0e4cdefdfe,translation/content/first-order-logic/proof-systems/natural-deduction.tex,22,22,f5213c50fe8ca2a688b6a789113de6c558138e651b24f377bf744f382455d188,pending,,
jv-Latn-ID-JV-T093-OCC-001,JV-T093,OLP-0066,OLP-0066-P007,upstream/content/first-order-logic/proof-systems/natural-deduction.tex,33,58,77b5d31c7b63f657e0d5492d83810bfdc21af0169a9b38ccd5302e0e4cdefdfe,translation/content/first-order-logic/proof-systems/natural-deduction.tex,33,33,f5213c50fe8ca2a688b6a789113de6c558138e651b24f377bf744f382455d188,pending,,
jv-Latn-ID-JV-T094-OCC-001,JV-T094,OLP-0064,OLP-0064-P008,upstream/content/first-order-logic/proof-systems/introduction.tex,38,48,148266281cc87fcd3e454249b9f6c42a117a9aed0733cc5a5f2e954ffd60bb58,translation/content/first-order-logic/proof-systems/introduction.tex,41,41,567a76545f163fd86fea2647b24ab4c1d5a0d4f6a5d896ab3c52bd123895402c,pending,,
jv-Latn-ID-JV-T094-OCC-002,JV-T094,OLP-0064,OLP-0064-P008,upstream/content/first-order-logic/proof-systems/introduction.tex,38,48,148266281cc87fcd3e454249b9f6c42a117a9aed0733cc5a5f2e954ffd60bb58,translation/content/first-order-logic/proof-systems/introduction.tex,40,40,567a76545f163fd86fea2647b24ab4c1d5a0d4f6a5d896ab3c52bd123895402c,pending,,
jv-Latn-ID-JV-T095-OCC-001,JV-T095,OLP-0068,OLP-0068-P006,upstream/content/first-order-logic/proof-systems/axiomatic-deduction.tex,15,36,b9637a6a1cee29ebba2f8d2cdf238d4567d8ec4b7995607abcb0ee1aef0570b9,translation/content/first-order-logic/proof-systems/axiomatic-deduction.tex,27,27,2b3bb3f0f41f039f73ffc78d56907a8b4142629a97d7d7c24c112b5a78b9e21c,pending,,
jv-Latn-ID-JV-T095-OCC-002,JV-T095,OLP-0068,OLP-0068-P007,upstream/content/first-order-logic/proof-systems/axiomatic-deduction.tex,38,44,b9637a6a1cee29ebba2f8d2cdf238d4567d8ec4b7995607abcb0ee1aef0570b9,translation/content/first-order-logic/proof-systems/axiomatic-deduction.tex,40,40,2b3bb3f0f41f039f73ffc78d56907a8b4142629a97d7d7c24c112b5a78b9e21c,pending,,
jv-Latn-ID-JV-T095-OCC-003,JV-T095,OLP-0064,OLP-0064-P008,upstream/content/first-order-logic/proof-systems/introduction.tex,38,48,148266281cc87fcd3e454249b9f6c42a117a9aed0733cc5a5f2e954ffd60bb58,translation/content/first-order-logic/proof-systems/introduction.tex,43,43,567a76545f163fd86fea2647b24ab4c1d5a0d4f6a5d896ab3c52bd123895402c,pending,,
jv-Latn-ID-JV-T095-OCC-004,JV-T095,OLP-0064,OLP-0064-P009,upstream/content/first-order-logic/proof-systems/introduction.tex,50,71,148266281cc87fcd3e454249b9f6c42a117a9aed0733cc5a5f2e954ffd60bb58,translation/content/first-order-logic/proof-systems/introduction.tex,54,54,567a76545f163fd86fea2647b24ab4c1d5a0d4f6a5d896ab3c52bd123895402c,pending,,
jv-Latn-ID-JV-T096-OCC-001,JV-T096,OLP-0067,OLP-0067-P007,upstream/content/first-order-logic/proof-systems/tableaux.tex,38,38,8c9db50bcbc7a4aa757b8d57796b2e51df04b1cabb61f46756a79f72a1780b8f,translation/content/first-order-logic/proof-systems/tableaux.tex,39,43,fee2c7294897cbcfaf087985b9c265c17872b02a6ff37f791347c3ee2f9d0b5d,pending,,
jv-Latn-ID-JV-T096-OCC-002,JV-T096,OLP-0067,OLP-0067-P008,upstream/content/first-order-logic/proof-systems/tableaux.tex,57,58,8c9db50bcbc7a4aa757b8d57796b2e51df04b1cabb61f46756a79f72a1780b8f,translation/content/first-order-logic/proof-systems/tableaux.tex,66,70,fee2c7294897cbcfaf087985b9c265c17872b02a6ff37f791347c3ee2f9d0b5d,pending,,
jv-Latn-ID-JV-T097-OCC-001,JV-T097,OLP-0070,OLP-0070-P007,upstream/content/first-order-logic/sequent-calculus/rules-and-proofs.tex,18,26,73a554964d7a3fc35a116f63e658340a8c89f9915c3f27e23f7ebd762df35859,translation/content/first-order-logic/sequent-calculus/rules-and-proofs.tex,25,25,42953a74c8670102b70a4899fd5c49c3ae572fc029cf5e1307247953249c0a9e,pending,,
jv-Latn-ID-JV-T097-OCC-002,JV-T097,OLP-0070,OLP-0070-P007,upstream/content/first-order-logic/sequent-calculus/rules-and-proofs.tex,18,26,73a554964d7a3fc35a116f63e658340a8c89f9915c3f27e23f7ebd762df35859,translation/content/first-order-logic/sequent-calculus/rules-and-proofs.tex,25,25,42953a74c8670102b70a4899fd5c49c3ae572fc029cf5e1307247953249c0a9e,pending,,
jv-Latn-ID-JV-T098-OCC-001,JV-T098,OLP-0072,OLP-0072-P008,upstream/content/first-order-logic/sequent-calculus/quantifier-rules.tex,27,32,e0047087b88b91ba65c23a76f7c8f230c4161785f4d83f07d14461341b66d90e,translation/content/first-order-logic/sequent-calculus/quantifier-rules.tex,30,30,8e4dc82586cd78a6a953a4aaffcd824fc4e943a4e4c39cfe463d7edf706695d8,pending,,
jv-Latn-ID-JV-T098-OCC-002,JV-T098,OLP-0072,OLP-0072-P012,upstream/content/first-order-logic/sequent-calculus/quantifier-rules.tex,52,54,e0047087b88b91ba65c23a76f7c8f230c4161785f4d83f07d14461341b66d90e,translation/content/first-order-logic/sequent-calculus/quantifier-rules.tex,55,55,8e4dc82586cd78a6a953a4aaffcd824fc4e943a4e4c39cfe463d7edf706695d8,pending,,
jv-Latn-ID-JV-T098-OCC-003,JV-T098,OLP-0072,OLP-0072-P008,upstream/content/first-order-logic/sequent-calculus/quantifier-rules.tex,27,32,e0047087b88b91ba65c23a76f7c8f230c4161785f4d83f07d14461341b66d90e,translation/content/first-order-logic/sequent-calculus/quantifier-rules.tex,27,27,8e4dc82586cd78a6a953a4aaffcd824fc4e943a4e4c39cfe463d7edf706695d8,pending,,
jv-Latn-ID-JV-T099-OCC-001,JV-T099,OLP-0073,OLP-0073-P005,upstream/content/first-order-logic/sequent-calculus/structural-rules.tex,13,13,5c13d5312a8b2287b54d67d2fadc6247ba499bd9b6a71255ea04891307689b06,translation/content/first-order-logic/sequent-calculus/structural-rules.tex,13,13,36d7445a82ae86544f5c0815c4223ad34ec3cde3a6a65d871c20cddb4c4eca86,pending,,
jv-Latn-ID-JV-T099-OCC-002,JV-T099,OLP-0073,OLP-0073-P007,upstream/content/first-order-logic/sequent-calculus/structural-rules.tex,23,23,5c13d5312a8b2287b54d67d2fadc6247ba499bd9b6a71255ea04891307689b06,translation/content/first-order-logic/sequent-calculus/structural-rules.tex,23,23,36d7445a82ae86544f5c0815c4223ad34ec3cde3a6a65d871c20cddb4c4eca86,pending,,
jv-Latn-ID-JV-T099-OCC-003,JV-T099,OLP-0073,OLP-0073-P009,upstream/content/first-order-logic/sequent-calculus/structural-rules.tex,37,37,5c13d5312a8b2287b54d67d2fadc6247ba499bd9b6a71255ea04891307689b06,translation/content/first-order-logic/sequent-calculus/structural-rules.tex,37,37,36d7445a82ae86544f5c0815c4223ad34ec3cde3a6a65d871c20cddb4c4eca86,pending,,
jv-Latn-ID-JV-T099-OCC-004,JV-T099,OLP-0073,OLP-0073-P006,upstream/content/first-order-logic/sequent-calculus/structural-rules.tex,15,21,5c13d5312a8b2287b54d67d2fadc6247ba499bd9b6a71255ea04891307689b06,translation/content/first-order-logic/sequent-calculus/structural-rules.tex,18,18,36d7445a82ae86544f5c0815c4223ad34ec3cde3a6a65d871c20cddb4c4eca86,pending,,
jv-Latn-ID-JV-T099-OCC-005,JV-T099,OLP-0073,OLP-0073-P014,upstream/content/first-order-logic/sequent-calculus/structural-rules.tex,68,78,5c13d5312a8b2287b54d67d2fadc6247ba499bd9b6a71255ea04891307689b06,translation/content/first-order-logic/sequent-calculus/structural-rules.tex,68,68,36d7445a82ae86544f5c0815c4223ad34ec3cde3a6a65d871c20cddb4c4eca86,pending,,
jv-Latn-ID-JV-T100-OCC-001,JV-T100,OLP-0074,OLP-0074-P007,upstream/content/first-order-logic/sequent-calculus/derivations.tex,23,35,25897d850b211443621f31a1166f443c1e00c6bcbf13002bc1b9281ca4300371,translation/content/first-order-logic/sequent-calculus/derivations.tex,33,33,fee3c2806d75fdf59ae04de5737813db354420dcf98bfde62a67344443a31db2,pending,,
jv-Latn-ID-JV-T100-OCC-002,JV-T100,OLP-0074,OLP-0074-P007,upstream/content/first-order-logic/sequent-calculus/derivations.tex,23,35,25897d850b211443621f31a1166f443c1e00c6bcbf13002bc1b9281ca4300371,translation/content/first-order-logic/sequent-calculus/derivations.tex,29,29,fee3c2806d75fdf59ae04de5737813db354420dcf98bfde62a67344443a31db2,pending,,
jv-Latn-ID-JV-T100-OCC-003,JV-T100,OLP-0074,OLP-0074-P007,upstream/content/first-order-logic/sequent-calculus/derivations.tex,23,35,25897d850b211443621f31a1166f443c1e00c6bcbf13002bc1b9281ca4300371,translation/content/first-order-logic/sequent-calculus/derivations.tex,30,30,fee3c2806d75fdf59ae04de5737813db354420dcf98bfde62a67344443a31db2,pending,,
jv-Latn-ID-JV-T101-OCC-001,JV-T101,OLP-0077,OLP-0077-P006,upstream/content/first-order-logic/sequent-calculus/proof-theoretic-notions.tex,18,18,91c07ed071c2f9c18d3f10665b163b35dcc8636e7e0f27b4586aa9df63177a53,translation/content/first-order-logic/sequent-calculus/proof-theoretic-notions.tex,20,20,f49c8f53668c69af91098708b8c87a82224eb25eeea75812462e41c871a931d0,pending,,
jv-Latn-ID-JV-T101-OCC-002,JV-T101,OLP-0077,OLP-0077-P004,upstream/content/first-order-logic/sequent-calculus/proof-theoretic-notions.tex,9,12,91c07ed071c2f9c18d3f10665b163b35dcc8636e7e0f27b4586aa9df63177a53,translation/content/first-order-logic/sequent-calculus/proof-theoretic-notions.tex,10,10,f49c8f53668c69af91098708b8c87a82224eb25eeea75812462e41c871a931d0,pending,,
jv-Latn-ID-JV-T101-OCC-003,JV-T101,OLP-0077,OLP-0077-P022,upstream/content/first-order-logic/sequent-calculus/proof-theoretic-notions.tex,147,155,91c07ed071c2f9c18d3f10665b163b35dcc8636e7e0f27b4586aa9df63177a53,translation/content/first-order-logic/sequent-calculus/proof-theoretic-notions.tex,151,151,f49c8f53668c69af91098708b8c87a82224eb25eeea75812462e41c871a931d0,pending,,
jv-Latn-ID-JV-T102-OCC-001,JV-T102,OLP-0080,OLP-0080-P006,upstream/content/first-order-logic/sequent-calculus/provability-quantifiers.tex,18,22,30d343a6b09d234683fff540afec999650f2cf4afd9ce751138b8f3b93f2fe6a,translation/content/first-order-logic/sequent-calculus/provability-quantifiers.tex,18,22,5c41d33ad801a8a01d213ca64b597650a804b438ef51f4837273a22ca110f09d,pending,,
jv-Latn-ID-JV-T103-OCC-001,JV-T103,OLP-0075,OLP-0075-P013,upstream/content/first-order-logic/sequent-calculus/proving-things.tex,177,180,8c94fddc6d2f4c5faee64e84c1216e1c1ca096719b5528ea4faff753b906d303,translation/content/first-order-logic/sequent-calculus/proving-things.tex,177,181,dfead5f68fbc8fecda36ba653b073be222ce632797de568169dedce9e33cdb73,pending,,
jv-Latn-ID-JV-T103-OCC-002,JV-T103,OLP-0077,OLP-0077-P004,upstream/content/first-order-logic/sequent-calculus/proof-theoretic-notions.tex,9,11,91c07ed071c2f9c18d3f10665b163b35dcc8636e7e0f27b4586aa9df63177a53,translation/content/first-order-logic/sequent-calculus/proof-theoretic-notions.tex,9,13,f49c8f53668c69af91098708b8c87a82224eb25eeea75812462e41c871a931d0,pending,,
jv-Latn-ID-JV-T104-OCC-001,JV-T104,OLP-0081,OLP-0081-P005,upstream/content/first-order-logic/sequent-calculus/soundness.tex,13,13,4de487cafc9d685844abb2c0b29c7b51debeb30a9b1129c7a2fa8c13ae48b151,translation/content/first-order-logic/sequent-calculus/soundness.tex,13,13,771a51a29c7c8e79971b8cc699bda691fb4b64543e1c9c9d64b611e0a7f7da4a,pending,,
jv-Latn-ID-JV-T104-OCC-002,JV-T104,OLP-0081,OLP-0081-P005,upstream/content/first-order-logic/sequent-calculus/soundness.tex,13,13,4de487cafc9d685844abb2c0b29c7b51debeb30a9b1129c7a2fa8c13ae48b151,translation/content/first-order-logic/sequent-calculus/soundness.tex,13,13,771a51a29c7c8e79971b8cc699bda691fb4b64543e1c9c9d64b611e0a7f7da4a,pending,,
jv-Latn-ID-JV-T104-OCC-003,JV-T104,OLP-0081,OLP-0081-P009,upstream/content/first-order-logic/sequent-calculus/soundness.tex,48,50,4de487cafc9d685844abb2c0b29c7b51debeb30a9b1129c7a2fa8c13ae48b151,translation/content/first-order-logic/sequent-calculus/soundness.tex,52,52,771a51a29c7c8e79971b8cc699bda691fb4b64543e1c9c9d64b611e0a7f7da4a,pending,,
jv-Latn-ID-JV-T104-OCC-004,JV-T104,OLP-0081,OLP-0081-P024,upstream/content/first-order-logic/sequent-calculus/soundness.tex,371,382,4de487cafc9d685844abb2c0b29c7b51debeb30a9b1129c7a2fa8c13ae48b151,translation/content/first-order-logic/sequent-calculus/soundness.tex,404,404,771a51a29c7c8e79971b8cc699bda691fb4b64543e1c9c9d64b611e0a7f7da4a,pending,,
jv-Latn-ID-JV-T105-OCC-001,JV-T105,OLP-0083,OLP-0083-P006,upstream/content/first-order-logic/sequent-calculus/soundness-identity.tex,13,15,0cc6d3e92d57d3070076ce2daa13aa85c6da6ac3cfb2b5d56df87bb7fef4fac3,translation/content/first-order-logic/sequent-calculus/soundness-identity.tex,14,14,11b6b0be93079ea999d9b7a2c1f39ff4b0aa025c386a76e11a796cefd4333222,pending,,
jv-Latn-ID-JV-T105-OCC-002,JV-T105,OLP-0082,OLP-0082-P010,upstream/content/first-order-logic/sequent-calculus/identity.tex,34,45,0f9d6d0731f2a74f568d49545bfeeff9373aea71d188973549054823f240f23d,translation/content/first-order-logic/sequent-calculus/identity.tex,45,45,f3a7ae0378a6bb0aba9ccc8a96db830e6ba3006d56bc45dee830ba5536d1d1fc,pending,,
jv-Latn-ID-JV-T105-OCC-003,JV-T105,OLP-0082,OLP-0082-P010,upstream/content/first-order-logic/sequent-calculus/identity.tex,34,45,0f9d6d0731f2a74f568d49545bfeeff9373aea71d188973549054823f240f23d,translation/content/first-order-logic/sequent-calculus/identity.tex,46,46,f3a7ae0378a6bb0aba9ccc8a96db830e6ba3006d56bc45dee830ba5536d1d1fc,pending,,
jv-Latn-ID-JV-T106-OCC-001,JV-T106,OLP-0081,OLP-0081-P016,upstream/content/first-order-logic/sequent-calculus/soundness.tex,154,159,4de487cafc9d685844abb2c0b29c7b51debeb30a9b1129c7a2fa8c13ae48b151,translation/content/first-order-logic/sequent-calculus/soundness.tex,165,169,771a51a29c7c8e79971b8cc699bda691fb4b64543e1c9c9d64b611e0a7f7da4a,pending,,
jv-Latn-ID-JV-T106-OCC-002,JV-T106,OLP-0081,OLP-0081-P017,upstream/content/first-order-logic/sequent-calculus/soundness.tex,282,289,4de487cafc9d685844abb2c0b29c7b51debeb30a9b1129c7a2fa8c13ae48b151,translation/content/first-order-logic/sequent-calculus/soundness.tex,312,316,771a51a29c7c8e79971b8cc699bda691fb4b64543e1c9c9d64b611e0a7f7da4a,pending,,
jv-Latn-ID-JV-T107-OCC-001,JV-T107,OLP-0089,OLP-0089-P013,upstream/content/first-order-logic/natural-deduction/proving-things.tex,116,147,d39069643439c576cb5813ef635725ac09ef83257571e380b92dfa223a801ecc,translation/content/first-order-logic/natural-deduction/proving-things.tex,153,153,ad562a558dae1511d0a0294a227c4dcef8998f0bbd3f62286a1605a30ebf757f,pending,,
jv-Latn-ID-JV-T107-OCC-002,JV-T107,OLP-0089,OLP-0089-P013,upstream/content/first-order-logic/natural-deduction/proving-things.tex,116,147,d39069643439c576cb5813ef635725ac09ef83257571e380b92dfa223a801ecc,translation/content/first-order-logic/natural-deduction/proving-things.tex,152,152,ad562a558dae1511d0a0294a227c4dcef8998f0bbd3f62286a1605a30ebf757f,pending,,
jv-Latn-ID-JV-T107-OCC-003,JV-T107,OLP-0089,OLP-0089-P015,upstream/content/first-order-logic/natural-deduction/proving-things.tex,178,265,d39069643439c576cb5813ef635725ac09ef83257571e380b92dfa223a801ecc,translation/content/first-order-logic/natural-deduction/proving-things.tex,192,192,ad562a558dae1511d0a0294a227c4dcef8998f0bbd3f62286a1605a30ebf757f,pending,,
jv-Latn-ID-JV-T108-OCC-001,JV-T108,OLP-0089,OLP-0089-P011,upstream/content/first-order-logic/natural-deduction/proving-things.tex,57,96,d39069643439c576cb5813ef635725ac09ef83257571e380b92dfa223a801ecc,translation/content/first-order-logic/natural-deduction/proving-things.tex,76,76,ad562a558dae1511d0a0294a227c4dcef8998f0bbd3f62286a1605a30ebf757f,pending,,
jv-Latn-ID-JV-T108-OCC-002,JV-T108,OLP-0089,OLP-0089-P011,upstream/content/first-order-logic/natural-deduction/proving-things.tex,57,96,d39069643439c576cb5813ef635725ac09ef83257571e380b92dfa223a801ecc,translation/content/first-order-logic/natural-deduction/proving-things.tex,78,78,ad562a558dae1511d0a0294a227c4dcef8998f0bbd3f62286a1605a30ebf757f,pending,,
jv-Latn-ID-JV-T108-OCC-003,JV-T108,OLP-0089,OLP-0089-P012,upstream/content/first-order-logic/natural-deduction/proving-things.tex,98,114,d39069643439c576cb5813ef635725ac09ef83257571e380b92dfa223a801ecc,translation/content/first-order-logic/natural-deduction/proving-things.tex,98,98,ad562a558dae1511d0a0294a227c4dcef8998f0bbd3f62286a1605a30ebf757f,pending,,
jv-Latn-ID-JV-T109-OCC-001,JV-T109,OLP-0085,OLP-0085-P008,upstream/content/first-order-logic/natural-deduction/rules-and-proofs.tex,31,36,e6e8bed6816bd64ac24342fd4d591ca0e7c1ddf82fc056b452aa87c45d810506,translation/content/first-order-logic/natural-deduction/rules-and-proofs.tex,32,36,9737415434b500f77edaa603bf4d39e5b5349fc469c024d4b9149c4924a27dc9,pending,,
jv-Latn-ID-JV-T109-OCC-002,JV-T109,OLP-0087,OLP-0087-P012,upstream/content/first-order-logic/natural-deduction/quantifier-rules.tex,58,61,eb6d95a24fce278404457d9169c033645853aab7e1c22dd4ca1fec9595068313,translation/content/first-order-logic/natural-deduction/quantifier-rules.tex,60,64,979a2225226b518223cce43dcb9e14958977d453ebb792a5b64a63f74cfcdca5,pending,,
jv-Latn-ID-JV-T109-OCC-003,JV-T109,OLP-0089,OLP-0089-P013,upstream/content/first-order-logic/natural-deduction/proving-things.tex,129,136,d39069643439c576cb5813ef635725ac09ef83257571e380b92dfa223a801ecc,translation/content/first-order-logic/natural-deduction/proving-things.tex,149,153,ad562a558dae1511d0a0294a227c4dcef8998f0bbd3f62286a1605a30ebf757f,pending,,
jv-Latn-ID-JV-T109-OCC-004,JV-T109,OLP-0089,OLP-0089-P013,upstream/content/first-order-logic/natural-deduction/proving-things.tex,116,119,d39069643439c576cb5813ef635725ac09ef83257571e380b92dfa223a801ecc,translation/content/first-order-logic/natural-deduction/proving-things.tex,117,121,ad562a558dae1511d0a0294a227c4dcef8998f0bbd3f62286a1605a30ebf757f,pending,,
jv-Latn-ID-JV-T109-OCC-005,JV-T109,OLP-0090,OLP-0090-P007,upstream/content/first-order-logic/natural-deduction/proving-things-quant.tex,35,40,962c30713b222744c165ce87f7cb8ab11d18d0e805d8d386900bfe8e8104f63f,translation/content/first-order-logic/natural-deduction/proving-things-quant.tex,38,42,8ff08199096e9191e399be37aedb60a24f42156c7ab27402cdedf59b958f7786,pending,,
jv-Latn-ID-JV-T110-OCC-001,JV-T110,OLP-0103,OLP-0103-P008,upstream/content/first-order-logic/tableaux/proving-things.tex,25,47,6940ff2f8466cfb9dc740a4e7aa2cf9551c9a3d3304aa8ebe93217d11e451e90,translation/content/first-order-logic/tableaux/proving-things.tex,40,40,3f9f89c5005b832044384ffe491023d448c1e614c634ecc1f8f25c93eb7ee85f,pending,,
jv-Latn-ID-JV-T110-OCC-002,JV-T110,OLP-0103,OLP-0103-P013,upstream/content/first-order-logic/tableaux/proving-things.tex,301,362,6940ff2f8466cfb9dc740a4e7aa2cf9551c9a3d3304aa8ebe93217d11e451e90,translation/content/first-order-logic/tableaux/proving-things.tex,303,303,3f9f89c5005b832044384ffe491023d448c1e614c634ecc1f8f25c93eb7ee85f,pending,,
jv-Latn-ID-JV-T110-OCC-003,JV-T110,OLP-0103,OLP-0103-P008,upstream/content/first-order-logic/tableaux/proving-things.tex,25,47,6940ff2f8466cfb9dc740a4e7aa2cf9551c9a3d3304aa8ebe93217d11e451e90,translation/content/first-order-logic/tableaux/proving-things.tex,43,43,3f9f89c5005b832044384ffe491023d448c1e614c634ecc1f8f25c93eb7ee85f,pending,,
jv-Latn-ID-JV-T111-OCC-001,JV-T111,OLP-0098,OLP-0098-P006,upstream/content/first-order-logic/tableaux/tableaux.tex,15,17,1c6e7018e63cae3440e85d537303288261afd422b9e13bc455b99c2d206aa1b6,translation/content/first-order-logic/tableaux/tableaux.tex,15,19,569538f64d8f5bb2fd7f074c2d1a0d8e4fe6e1fc0e1aef3f152042a0d927d148,pending,,
jv-Latn-ID-JV-T111-OCC-002,JV-T111,OLP-0101,OLP-0101-P014,upstream/content/first-order-logic/tableaux/quantifier-rules.tex,80,85,682b3f1de2569dc63657243b83a3daa8966cc1786fa44d5d2fa34da2658e2bb0,translation/content/first-order-logic/tableaux/quantifier-rules.tex,86,90,912b7b4f76fdcf6af107b9271aa2b3661c35fed14a56657d9366e60118cc5cfc,pending,,
jv-Latn-ID-JV-T111-OCC-003,JV-T111,OLP-0103,OLP-0103-P016,upstream/content/first-order-logic/tableaux/proving-things.tex,439,439,6940ff2f8466cfb9dc740a4e7aa2cf9551c9a3d3304aa8ebe93217d11e451e90,translation/content/first-order-logic/tableaux/proving-things.tex,431,435,3f9f89c5005b832044384ffe491023d448c1e614c634ecc1f8f25c93eb7ee85f,pending,,
jv-Latn-ID-JV-D001-OCC-001,JV-D001,OLP-0005,OLP-0005-P012,upstream/content/sets-functions-relations/sets/basics.tex,73,92,232ff51f51e74fcfee836650f3c597b54bf10ba5363c648a0c05fe8222e4a865,translation/content/sets-functions-relations/sets/basics.tex,73,94,286ae2b34806efbcfc6163777624e1115c15c2497251e8b462b93bd86e86c9f9,pending,,
jv-Latn-ID-JV-D001-OCC-002,JV-D001,OLP-0005,OLP-0005:review-JV-D001-002,upstream/content/sets-functions-relations/sets/basics.tex,87,87,232ff51f51e74fcfee836650f3c597b54bf10ba5363c648a0c05fe8222e4a865,editorial/ERRATA.md,8,8,f5d4f6c07c476b35c8c31ab539380077dea78defcbb0c473e43f3d99ac4d0a37,not_applicable,,
jv-Latn-ID-JV-D002-OCC-001,JV-D002,OLP-0012,OLP-0012-P010,upstream/content/sets-functions-relations/relations/relations-as-sets.tex,61,106,2a67c6fb4846155e8e7cd8172fd1fb8214db96d508ceae5d70dec95d5dfcc1ff,translation/content/sets-functions-relations/relations/relations-as-sets.tex,68,116,996d70e422fda72c1bfe1d39dbcfc92520c849b97ccdf76af8b05e05d2b2b3ee,pending,,
jv-Latn-ID-JV-D002-OCC-002,JV-D002,OLP-0012,OLP-0012:review-JV-D002-002,upstream/content/sets-functions-relations/relations/relations-as-sets.tex,98,98,2a67c6fb4846155e8e7cd8172fd1fb8214db96d508ceae5d70dec95d5dfcc1ff,editorial/ERRATA.md,5,5,f5d4f6c07c476b35c8c31ab539380077dea78defcbb0c473e43f3d99ac4d0a37,not_applicable,,
jv-Latn-ID-JV-D003-OCC-001,JV-D003,OLP-0018,OLP-0018-P016,upstream/content/sets-functions-relations/relations/trees.tex,90,98,a158f1ce5b84c8c3f681dd6347b22491d1b67a91e110138b9cb6833e3d9dc23c,translation/content/sets-functions-relations/relations/trees.tex,109,120,243acfc8524dba62ea1cd9aed1ed3533a3235645f841a506e9b17e12fb7aafdb,pending,,
jv-Latn-ID-JV-D003-OCC-002,JV-D003,OLP-0018,OLP-0018:review-JV-D003-002,upstream/content/sets-functions-relations/relations/trees.tex,94,94,a158f1ce5b84c8c3f681dd6347b22491d1b67a91e110138b9cb6833e3d9dc23c,editorial/ERRATA.md,6,6,f5d4f6c07c476b35c8c31ab539380077dea78defcbb0c473e43f3d99ac4d0a37,not_applicable,,
jv-Latn-ID-JV-D004-OCC-001,JV-D004,OLP-0016,OLP-0016-P018,upstream/content/sets-functions-relations/relations/orders.tex,104,108,79593789022fef31c0609b9c94856e2aef5cd5e88e92864e782bb6e6e5f4bce4,translation/content/sets-functions-relations/relations/orders.tex,121,126,ed186341e68120595422008bca45a08f292eb31b1a29d8910f717ad637610ea6,pending,,
jv-Latn-ID-JV-D004-OCC-002,JV-D004,OLP-0016,OLP-0016:review-JV-D004-002,upstream/content/sets-functions-relations/relations/orders.tex,105,105,79593789022fef31c0609b9c94856e2aef5cd5e88e92864e782bb6e6e5f4bce4,editorial/ERRATA.md,7,7,f5d4f6c07c476b35c8c31ab539380077dea78defcbb0c473e43f3d99ac4d0a37,not_applicable,,
jv-Latn-ID-JV-D005-OCC-001,JV-D005,OLP-0021,OLP-0021-P014,upstream/content/sets-functions-relations/functions/function-basics.tex,64,72,d1fa0923e303fc49a88d4e476c319d6e91a8088de44c232dcfba5878325faea3,translation/content/sets-functions-relations/functions/function-basics.tex,78,92,87892fca02e6526cc70ee50a9902c888b646b360078f03c3caebf4296e0228a6,pending,,
jv-Latn-ID-JV-D005-OCC-002,JV-D005,OLP-0021,OLP-0021:review-JV-D005-002,upstream/content/sets-functions-relations/functions/function-basics.tex,70,70,d1fa0923e303fc49a88d4e476c319d6e91a8088de44c232dcfba5878325faea3,editorial/ERRATA.md,10,10,f5d4f6c07c476b35c8c31ab539380077dea78defcbb0c473e43f3d99ac4d0a37,not_applicable,,
jv-Latn-ID-JV-D006-OCC-001,JV-D006,OLP-0021,OLP-0021-P017,upstream/content/sets-functions-relations/functions/function-basics.tex,92,100,d1fa0923e303fc49a88d4e476c319d6e91a8088de44c232dcfba5878325faea3,translation/content/sets-functions-relations/functions/function-basics.tex,118,131,87892fca02e6526cc70ee50a9902c888b646b360078f03c3caebf4296e0228a6,pending,,
jv-Latn-ID-JV-D006-OCC-002,JV-D006,OLP-0021,OLP-0021:review-JV-D006-002,upstream/content/sets-functions-relations/functions/function-basics.tex,95,95,d1fa0923e303fc49a88d4e476c319d6e91a8088de44c232dcfba5878325faea3,editorial/ERRATA.md,10,10,f5d4f6c07c476b35c8c31ab539380077dea78defcbb0c473e43f3d99ac4d0a37,not_applicable,,
jv-Latn-ID-JV-D007-OCC-001,JV-D007,OLP-0024,OLP-0024-P012,upstream/content/sets-functions-relations/functions/inverses.tex,62,66,96e36d8cd8dc4ec0e73e9507147ecfe33d7e4f368ecf46de92efb423a7d409c1,translation/content/sets-functions-relations/functions/inverses.tex,62,70,b380483105d82f296d51b071adfd7de416b6b3991dc6125febb8b7a96209750b,pending,,
jv-Latn-ID-JV-D007-OCC-002,JV-D007,OLP-0024,OLP-0024:review-JV-D007-002,upstream/content/sets-functions-relations/functions/inverses.tex,63,63,96e36d8cd8dc4ec0e73e9507147ecfe33d7e4f368ecf46de92efb423a7d409c1,editorial/ERRATA.md,11,11,f5d4f6c07c476b35c8c31ab539380077dea78defcbb0c473e43f3d99ac4d0a37,not_applicable,,
jv-Latn-ID-JV-D008-OCC-001,JV-D008,OLP-0023,OLP-0023-P012,upstream/content/sets-functions-relations/functions/functions-relations.tex,60,76,e2e46c0270c44b6f54861a4565f3829b1b5f91a7f72dca84046361e5abf622c3,translation/content/sets-functions-relations/functions/functions-relations.tex,60,78,5a9c54c58e47144f5e721ee3bfe0193ae8f0ec1edd81852117244aba4365afbc,pending,,
jv-Latn-ID-JV-D009-OCC-001,JV-D009,OLP-0023,OLP-0023-P016,upstream/content/sets-functions-relations/functions/functions-relations.tex,92,101,e2e46c0270c44b6f54861a4565f3829b1b5f91a7f72dca84046361e5abf622c3,translation/content/sets-functions-relations/functions/functions-relations.tex,94,106,5a9c54c58e47144f5e721ee3bfe0193ae8f0ec1edd81852117244aba4365afbc,pending,,
jv-Latn-ID-JV-D010-OCC-001,JV-D010,OLP-0031,OLP-0031-P006,upstream/content/sets-functions-relations/size-of-sets/pairing.tex,29,45,fb6cc1176e91e56cea5f5b9708723c59191813f8fe256aac8ed0457a0119a9bf,translation/content/sets-functions-relations/size-of-sets/pairing.tex,29,45,b766c4a116aba8a91e807ea82a9078112fa9cd0196247fa4af114ae689f61804,pending,,
jv-Latn-ID-JV-D010-OCC-002,JV-D010,OLP-0031,OLP-0031:review-JV-D010-002,upstream/content/sets-functions-relations/size-of-sets/pairing.tex,34,34,fb6cc1176e91e56cea5f5b9708723c59191813f8fe256aac8ed0457a0119a9bf,editorial/ERRATA.md,19,19,f5d4f6c07c476b35c8c31ab539380077dea78defcbb0c473e43f3d99ac4d0a37,not_applicable,,
jv-Latn-ID-JV-D011-OCC-001,JV-D011,OLP-0031,OLP-0031-P015,upstream/content/sets-functions-relations/size-of-sets/pairing.tex,91,97,fb6cc1176e91e56cea5f5b9708723c59191813f8fe256aac8ed0457a0119a9bf,translation/content/sets-functions-relations/size-of-sets/pairing.tex,91,98,b766c4a116aba8a91e807ea82a9078112fa9cd0196247fa4af114ae689f61804,pending,,
jv-Latn-ID-JV-D011-OCC-002,JV-D011,OLP-0031,OLP-0031:review-JV-D011-002,upstream/content/sets-functions-relations/size-of-sets/pairing.tex,93,93,fb6cc1176e91e56cea5f5b9708723c59191813f8fe256aac8ed0457a0119a9bf,editorial/ERRATA.md,19,19,f5d4f6c07c476b35c8c31ab539380077dea78defcbb0c473e43f3d99ac4d0a37,not_applicable,,
jv-Latn-ID-JV-D012-OCC-001,JV-D012,OLP-0031,OLP-0031-P017,upstream/content/sets-functions-relations/size-of-sets/pairing.tex,106,109,fb6cc1176e91e56cea5f5b9708723c59191813f8fe256aac8ed0457a0119a9bf,translation/content/sets-functions-relations/size-of-sets/pairing.tex,107,110,b766c4a116aba8a91e807ea82a9078112fa9cd0196247fa4af114ae689f61804,pending,,
jv-Latn-ID-JV-D012-OCC-002,JV-D012,OLP-0031,OLP-0031:review-JV-D012-002,upstream/content/sets-functions-relations/size-of-sets/pairing.tex,108,108,fb6cc1176e91e56cea5f5b9708723c59191813f8fe256aac8ed0457a0119a9bf,editorial/ERRATA.md,19,19,f5d4f6c07c476b35c8c31ab539380077dea78defcbb0c473e43f3d99ac4d0a37,not_applicable,,
jv-Latn-ID-JV-D013-OCC-001,JV-D013,OLP-0031,OLP-0031-P016,upstream/content/sets-functions-relations/size-of-sets/pairing.tex,99,104,fb6cc1176e91e56cea5f5b9708723c59191813f8fe256aac8ed0457a0119a9bf,translation/content/sets-functions-relations/size-of-sets/pairing.tex,100,105,b766c4a116aba8a91e807ea82a9078112fa9cd0196247fa4af114ae689f61804,pending,,
jv-Latn-ID-JV-D013-OCC-002,JV-D013,OLP-0031,OLP-0031:review-JV-D013-002,upstream/content/sets-functions-relations/size-of-sets/pairing.tex,100,100,fb6cc1176e91e56cea5f5b9708723c59191813f8fe256aac8ed0457a0119a9bf,editorial/ERRATA.md,19,19,f5d4f6c07c476b35c8c31ab539380077dea78defcbb0c473e43f3d99ac4d0a37,not_applicable,,
jv-Latn-ID-JV-D014-OCC-001,JV-D014,OLP-0032,OLP-0032-P006,upstream/content/sets-functions-relations/size-of-sets/pairing-alt.tex,13,84,c26b4e0da9e2e0b0ec839470ddd1d0d5eb1b3d3922d3b6986c9a795f34328797,translation/content/sets-functions-relations/size-of-sets/pairing-alt.tex,13,86,46e6270ae27da3d4542a414e763b1ac9c32015d373737a74fabf79f3c6ffc1d7,pending,,
jv-Latn-ID-JV-D014-OCC-002,JV-D014,OLP-0032,OLP-0032:review-JV-D014-002,upstream/content/sets-functions-relations/size-of-sets/pairing-alt.tex,21,21,c26b4e0da9e2e0b0ec839470ddd1d0d5eb1b3d3922d3b6986c9a795f34328797,editorial/ERRATA.md,20,20,f5d4f6c07c476b35c8c31ab539380077dea78defcbb0c473e43f3d99ac4d0a37,not_applicable,,
jv-Latn-ID-JV-D015-OCC-001,JV-D015,OLP-0033,OLP-0033-P008,upstream/content/sets-functions-relations/size-of-sets/non-enumerability.tex,25,31,4471def29c2da48dcb01635adf692cd0bc89cb6885636db149f4b2d86ff4e9fa,translation/content/sets-functions-relations/size-of-sets/non-enumerability.tex,25,31,a39f69758ce2d4a2593a44b1de33f8baf40bbc2328342b81b119c87655431f38,pending,,
jv-Latn-ID-JV-D015-OCC-002,JV-D015,OLP-0033,OLP-0033:review-JV-D015-002,upstream/content/sets-functions-relations/size-of-sets/non-enumerability.tex,26,26,4471def29c2da48dcb01635adf692cd0bc89cb6885636db149f4b2d86ff4e9fa,editorial/ERRATA.md,22,22,f5d4f6c07c476b35c8c31ab539380077dea78defcbb0c473e43f3d99ac4d0a37,not_applicable,,
jv-Latn-ID-JV-D016-OCC-001,JV-D016,OLP-0034,OLP-0034-P015,upstream/content/sets-functions-relations/size-of-sets/reduction.tex,85,101,0d6d2e3280698668b837cef6dcf3134b86d2a4b48831ae516e6e33e42898c79a,translation/content/sets-functions-relations/size-of-sets/reduction.tex,85,103,11ff639ead636b6bf93c911baac161f576aabc515613b2a043d27eddd769c38f,pending,,
jv-Latn-ID-JV-D016-OCC-002,JV-D016,OLP-0034,OLP-0034:review-JV-D016-002,upstream/content/sets-functions-relations/size-of-sets/reduction.tex,97,97,0d6d2e3280698668b837cef6dcf3134b86d2a4b48831ae516e6e33e42898c79a,editorial/ERRATA.md,23,23,f5d4f6c07c476b35c8c31ab539380077dea78defcbb0c473e43f3d99ac4d0a37,not_applicable,,
jv-Latn-ID-JV-D017-OCC-001,JV-D017,OLP-0034,OLP-0034-P011,upstream/content/sets-functions-relations/size-of-sets/reduction.tex,51,58,0d6d2e3280698668b837cef6dcf3134b86d2a4b48831ae516e6e33e42898c79a,translation/content/sets-functions-relations/size-of-sets/reduction.tex,51,59,11ff639ead636b6bf93c911baac161f576aabc515613b2a043d27eddd769c38f,pending,,
jv-Latn-ID-JV-D017-OCC-002,JV-D017,OLP-0034,OLP-0034:review-JV-D017-002,upstream/content/sets-functions-relations/size-of-sets/reduction.tex,52,52,0d6d2e3280698668b837cef6dcf3134b86d2a4b48831ae516e6e33e42898c79a,editorial/ERRATA.md,23,23,f5d4f6c07c476b35c8c31ab539380077dea78defcbb0c473e43f3d99ac4d0a37,not_applicable,,
jv-Latn-ID-JV-D018-OCC-001,JV-D018,OLP-0035,OLP-0035-P015,upstream/content/sets-functions-relations/size-of-sets/equinumerous-sets.tex,68,94,025a3fc368d6873825effcb07631913762edbf2d3f9a0711d57dcd9575361251,translation/content/sets-functions-relations/size-of-sets/equinumerous-sets.tex,67,95,d98271ec9b67b12c13f379e3c616b0fa86312a5ee043621000d0243f8541f66d,pending,,
jv-Latn-ID-JV-D018-OCC-002,JV-D018,OLP-0035,OLP-0035:review-JV-D018-002,upstream/content/sets-functions-relations/size-of-sets/equinumerous-sets.tex,75,75,025a3fc368d6873825effcb07631913762edbf2d3f9a0711d57dcd9575361251,editorial/ERRATA.md,24,24,f5d4f6c07c476b35c8c31ab539380077dea78defcbb0c473e43f3d99ac4d0a37,not_applicable,,
jv-Latn-ID-JV-D019-OCC-001,JV-D019,OLP-0036,OLP-0036-P014,upstream/content/sets-functions-relations/size-of-sets/comparing-size.tex,70,105,075810b1cf1c8b54266518523d4665d3deae4a4937f4e19a66a09cc0e1aaebf7,translation/content/sets-functions-relations/size-of-sets/comparing-size.tex,71,109,68eef3a8a3adb8167bb1d919e8bc8bb7e2d6f109801f2fea8360a0674dc0bbab,pending,,
jv-Latn-ID-JV-D019-OCC-002,JV-D019,OLP-0036,OLP-0036:review-JV-D019-002,upstream/content/sets-functions-relations/size-of-sets/comparing-size.tex,88,88,075810b1cf1c8b54266518523d4665d3deae4a4937f4e19a66a09cc0e1aaebf7,editorial/ERRATA.md,25,25,f5d4f6c07c476b35c8c31ab539380077dea78defcbb0c473e43f3d99ac4d0a37,not_applicable,,
jv-Latn-ID-JV-D020-OCC-001,JV-D020,OLP-0036,OLP-0036-P010,upstream/content/sets-functions-relations/size-of-sets/comparing-size.tex,42,54,075810b1cf1c8b54266518523d4665d3deae4a4937f4e19a66a09cc0e1aaebf7,translation/content/sets-functions-relations/size-of-sets/comparing-size.tex,43,55,68eef3a8a3adb8167bb1d919e8bc8bb7e2d6f109801f2fea8360a0674dc0bbab,pending,,
jv-Latn-ID-JV-D020-OCC-002,JV-D020,OLP-0036,OLP-0036:review-JV-D020-002,upstream/content/sets-functions-relations/size-of-sets/comparing-size.tex,45,45,075810b1cf1c8b54266518523d4665d3deae4a4937f4e19a66a09cc0e1aaebf7,editorial/ERRATA.md,25,25,f5d4f6c07c476b35c8c31ab539380077dea78defcbb0c473e43f3d99ac4d0a37,not_applicable,,
jv-Latn-ID-JV-D021-OCC-001,JV-D021,OLP-0038,OLP-0038-P007,upstream/content/sets-functions-relations/size-of-sets/enumerability-alt.tex,21,32,9a9060e57403586c0f8a81353c1d9c81049869e486b4dc032fbf32542023ba8f,translation/content/sets-functions-relations/size-of-sets/enumerability-alt.tex,21,33,c21d6658fcfec26f5253e0cd207c4c2e0091481bd34c9cab1a7d696c44a9e387,pending,,
jv-Latn-ID-JV-D021-OCC-002,JV-D021,OLP-0038,OLP-0038:review-JV-D021-002,upstream/content/sets-functions-relations/size-of-sets/enumerability-alt.tex,21,21,9a9060e57403586c0f8a81353c1d9c81049869e486b4dc032fbf32542023ba8f,editorial/ERRATA.md,26,26,f5d4f6c07c476b35c8c31ab539380077dea78defcbb0c473e43f3d99ac4d0a37,not_applicable,,
jv-Latn-ID-JV-D022-OCC-001,JV-D022,OLP-0039,OLP-0039-P012,upstream/content/sets-functions-relations/size-of-sets/non-enumerability-alt.tex,61,97,a075f6c63879101314fb20fa493acfb38d78ff24095bb55914f2af4527e1ad3e,translation/content/sets-functions-relations/size-of-sets/non-enumerability-alt.tex,62,103,5af7c817395540e2fc9137f8960a116d4822026b391797d65c80c974ef9967c1,pending,,
jv-Latn-ID-JV-D022-OCC-002,JV-D022,OLP-0039,OLP-0039:review-JV-D022-002,upstream/content/sets-functions-relations/size-of-sets/non-enumerability-alt.tex,64,64,a075f6c63879101314fb20fa493acfb38d78ff24095bb55914f2af4527e1ad3e,editorial/ERRATA.md,27,27,f5d4f6c07c476b35c8c31ab539380077dea78defcbb0c473e43f3d99ac4d0a37,not_applicable,,
jv-Latn-ID-JV-D023-OCC-001,JV-D023,OLP-0040,OLP-0040-P011,upstream/content/sets-functions-relations/size-of-sets/reduction-alt.tex,48,50,f7717d8394048096cf7a65bc87a1a1ed15861cdfb8c7edb23429d5256d954d11,translation/content/sets-functions-relations/size-of-sets/reduction-alt.tex,48,50,cc259462e3d7671ced74c079fffeb6172abf0c42a12658e819c40dcb53dab3bb,pending,,
jv-Latn-ID-JV-D023-OCC-002,JV-D023,OLP-0040,OLP-0040:review-JV-D023-002,upstream/content/sets-functions-relations/size-of-sets/reduction-alt.tex,50,50,f7717d8394048096cf7a65bc87a1a1ed15861cdfb8c7edb23429d5256d954d11,editorial/ERRATA.md,28,28,f5d4f6c07c476b35c8c31ab539380077dea78defcbb0c473e43f3d99ac4d0a37,not_applicable,,
jv-Latn-ID-JV-D024-OCC-001,JV-D024,OLP-0043,OLP-0043-P006,upstream/content/sets-functions-relations/arithmetization/rationals.tex,47,60,7140495368042fcbc55907e6ee568c5bc8b7066e44a01a50cbf4202acebe71d2,translation/content/sets-functions-relations/arithmetization/rationals.tex,47,63,13fc10116f29b795e812ba33cac569f68b0ea58ef1104f7e8324cb22e752ca89,pending,,
jv-Latn-ID-JV-D024-OCC-002,JV-D024,OLP-0043,OLP-0043:review-JV-D024-002,upstream/content/sets-functions-relations/arithmetization/rationals.tex,54,54,7140495368042fcbc55907e6ee568c5bc8b7066e44a01a50cbf4202acebe71d2,editorial/ERRATA.md,29,29,f5d4f6c07c476b35c8c31ab539380077dea78defcbb0c473e43f3d99ac4d0a37,not_applicable,,
jv-Latn-ID-JV-D025-OCC-001,JV-D025,OLP-0044,OLP-0044-P012,upstream/content/sets-functions-relations/arithmetization/reals.tex,76,80,3df30161417b836178ff701aa3d778b9ec7c1ba8e3a8a54f98b5584a7960f453,translation/content/sets-functions-relations/arithmetization/reals.tex,83,97,0d6121c3c4c5fef9ac72099b65f21f5bd76a470099aaeb11d295b7c7f6196eb7,pending,,
jv-Latn-ID-JV-D025-OCC-002,JV-D025,OLP-0044,OLP-0044:review-JV-D025-002,upstream/content/sets-functions-relations/arithmetization/reals.tex,80,80,3df30161417b836178ff701aa3d778b9ec7c1ba8e3a8a54f98b5584a7960f453,editorial/ERRATA.md,30,30,f5d4f6c07c476b35c8c31ab539380077dea78defcbb0c473e43f3d99ac4d0a37,not_applicable,,
jv-Latn-ID-JV-D026-OCC-001,JV-D026,OLP-0044,OLP-0044-P006,upstream/content/sets-functions-relations/arithmetization/reals.tex,16,27,3df30161417b836178ff701aa3d778b9ec7c1ba8e3a8a54f98b5584a7960f453,translation/content/sets-functions-relations/arithmetization/reals.tex,16,27,0d6121c3c4c5fef9ac72099b65f21f5bd76a470099aaeb11d295b7c7f6196eb7,pending,,
jv-Latn-ID-JV-D026-OCC-002,JV-D026,OLP-0044,OLP-0044:review-JV-D026-002,upstream/content/sets-functions-relations/arithmetization/reals.tex,24,24,3df30161417b836178ff701aa3d778b9ec7c1ba8e3a8a54f98b5584a7960f453,editorial/ERRATA.md,30,30,f5d4f6c07c476b35c8c31ab539380077dea78defcbb0c473e43f3d99ac4d0a37,not_applicable,,
jv-Latn-ID-JV-D027-OCC-001,JV-D027,OLP-0045,OLP-0045-P010,upstream/content/sets-functions-relations/arithmetization/cuts.tex,58,78,e7cb1029bcb0f0f1ac677c005af8d4e6a10df84bfff50c7483447b972324b44c,translation/content/sets-functions-relations/arithmetization/cuts.tex,62,90,d6e6809b30b06bb95ff294ba31ff55dd45bfdf9978323f463444332e7ae95c9c,pending,,
jv-Latn-ID-JV-D027-OCC-002,JV-D027,OLP-0045,OLP-0045:review-JV-D027-002,upstream/content/sets-functions-relations/arithmetization/cuts.tex,64,64,e7cb1029bcb0f0f1ac677c005af8d4e6a10df84bfff50c7483447b972324b44c,editorial/ERRATA.md,31,31,f5d4f6c07c476b35c8c31ab539380077dea78defcbb0c473e43f3d99ac4d0a37,not_applicable,,
jv-Latn-ID-JV-D028-OCC-001,JV-D028,OLP-0046,OLP-0046-P011,upstream/content/sets-functions-relations/arithmetization/reflections.tex,81,90,01032be342b6892c970733acf0b553216c39c5e864c0378d25fea8c5eaa11ead,translation/content/sets-functions-relations/arithmetization/reflections.tex,79,87,3c725866bac41c3a019848970cbbfbd6fc75f6738081ed4878204594944aef9a,pending,,
jv-Latn-ID-JV-D029-OCC-001,JV-D029,OLP-0047,OLP-0047-P022,upstream/content/sets-functions-relations/arithmetization/checking-details.tex,145,151,d791c146f159c8e43368c12cd1a10e61a53f501baf9f3d2c606c7bd589c0ae01,translation/content/sets-functions-relations/arithmetization/checking-details.tex,146,153,bbfdea1bc3e7bec400d976a6c006b494a9a53e9772607c6148d02171c076e025,pending,,
jv-Latn-ID-JV-D029-OCC-002,JV-D029,OLP-0047,OLP-0047:review-JV-D029-002,upstream/content/sets-functions-relations/arithmetization/checking-details.tex,150,150,d791c146f159c8e43368c12cd1a10e61a53f501baf9f3d2c606c7bd589c0ae01,editorial/ERRATA.md,32,32,f5d4f6c07c476b35c8c31ab539380077dea78defcbb0c473e43f3d99ac4d0a37,not_applicable,,
jv-Latn-ID-JV-D030-OCC-001,JV-D030,OLP-0047,OLP-0047-P025,upstream/content/sets-functions-relations/arithmetization/checking-details.tex,170,173,d791c146f159c8e43368c12cd1a10e61a53f501baf9f3d2c606c7bd589c0ae01,translation/content/sets-functions-relations/arithmetization/checking-details.tex,172,177,bbfdea1bc3e7bec400d976a6c006b494a9a53e9772607c6148d02171c076e025,pending,,
jv-Latn-ID-JV-D030-OCC-002,JV-D030,OLP-0047,OLP-0047:review-JV-D030-002,upstream/content/sets-functions-relations/arithmetization/checking-details.tex,170,170,d791c146f159c8e43368c12cd1a10e61a53f501baf9f3d2c606c7bd589c0ae01,editorial/ERRATA.md,32,32,f5d4f6c07c476b35c8c31ab539380077dea78defcbb0c473e43f3d99ac4d0a37,not_applicable,,
jv-Latn-ID-JV-D031-OCC-001,JV-D031,OLP-0048,OLP-0048-P008,upstream/content/sets-functions-relations/arithmetization/cauchy.tex,38,73,35d0a39913340eadcab7fb9d7742b56aef0d0f29868cd65eeca9dc53694e8ac2,translation/content/sets-functions-relations/arithmetization/cauchy.tex,37,69,22572f5a494ea558fc9cc0cc9b14e0c19a7b509d1cfd64e4d73fcf5a8826e5c5,pending,,
jv-Latn-ID-JV-D031-OCC-002,JV-D031,OLP-0048,OLP-0048:review-JV-D031-002,upstream/content/sets-functions-relations/arithmetization/cauchy.tex,56,56,35d0a39913340eadcab7fb9d7742b56aef0d0f29868cd65eeca9dc53694e8ac2,editorial/ERRATA.md,34,34,f5d4f6c07c476b35c8c31ab539380077dea78defcbb0c473e43f3d99ac4d0a37,not_applicable,,
jv-Latn-ID-JV-D032-OCC-001,JV-D032,OLP-0048,OLP-0048-P012,upstream/content/sets-functions-relations/arithmetization/cauchy.tex,109,125,35d0a39913340eadcab7fb9d7742b56aef0d0f29868cd65eeca9dc53694e8ac2,translation/content/sets-functions-relations/arithmetization/cauchy.tex,105,122,22572f5a494ea558fc9cc0cc9b14e0c19a7b509d1cfd64e4d73fcf5a8826e5c5,pending,,
jv-Latn-ID-JV-D032-OCC-002,JV-D032,OLP-0048,OLP-0048:review-JV-D032-002,upstream/content/sets-functions-relations/arithmetization/cauchy.tex,110,110,35d0a39913340eadcab7fb9d7742b56aef0d0f29868cd65eeca9dc53694e8ac2,editorial/ERRATA.md,34,34,f5d4f6c07c476b35c8c31ab539380077dea78defcbb0c473e43f3d99ac4d0a37,not_applicable,,
jv-Latn-ID-JV-D033-OCC-001,JV-D033,OLP-0048,OLP-0048-P015,upstream/content/sets-functions-relations/arithmetization/cauchy.tex,149,163,35d0a39913340eadcab7fb9d7742b56aef0d0f29868cd65eeca9dc53694e8ac2,translation/content/sets-functions-relations/arithmetization/cauchy.tex,146,165,22572f5a494ea558fc9cc0cc9b14e0c19a7b509d1cfd64e4d73fcf5a8826e5c5,pending,,
jv-Latn-ID-JV-D033-OCC-002,JV-D033,OLP-0048,OLP-0048:review-JV-D033-002,upstream/content/sets-functions-relations/arithmetization/cauchy.tex,150,150,35d0a39913340eadcab7fb9d7742b56aef0d0f29868cd65eeca9dc53694e8ac2,editorial/ERRATA.md,34,34,f5d4f6c07c476b35c8c31ab539380077dea78defcbb0c473e43f3d99ac4d0a37,not_applicable,,
jv-Latn-ID-JV-D034-OCC-001,JV-D034,OLP-0048,OLP-0048-P015,upstream/content/sets-functions-relations/arithmetization/cauchy.tex,149,163,35d0a39913340eadcab7fb9d7742b56aef0d0f29868cd65eeca9dc53694e8ac2,translation/content/sets-functions-relations/arithmetization/cauchy.tex,146,165,22572f5a494ea558fc9cc0cc9b14e0c19a7b509d1cfd64e4d73fcf5a8826e5c5,pending,,
jv-Latn-ID-JV-D034-OCC-002,JV-D034,OLP-0048,OLP-0048:review-JV-D034-002,upstream/content/sets-functions-relations/arithmetization/cauchy.tex,162,162,35d0a39913340eadcab7fb9d7742b56aef0d0f29868cd65eeca9dc53694e8ac2,editorial/ERRATA.md,34,34,f5d4f6c07c476b35c8c31ab539380077dea78defcbb0c473e43f3d99ac4d0a37,not_applicable,,
jv-Latn-ID-JV-D035-OCC-001,JV-D035,OLP-0048,OLP-0048-P020,upstream/content/sets-functions-relations/arithmetization/cauchy.tex,181,185,35d0a39913340eadcab7fb9d7742b56aef0d0f29868cd65eeca9dc53694e8ac2,translation/content/sets-functions-relations/arithmetization/cauchy.tex,185,193,22572f5a494ea558fc9cc0cc9b14e0c19a7b509d1cfd64e4d73fcf5a8826e5c5,pending,,
jv-Latn-ID-JV-D035-OCC-002,JV-D035,OLP-0048,OLP-0048:review-JV-D035-002,upstream/content/sets-functions-relations/arithmetization/cauchy.tex,182,182,35d0a39913340eadcab7fb9d7742b56aef0d0f29868cd65eeca9dc53694e8ac2,editorial/ERRATA.md,34,34,f5d4f6c07c476b35c8c31ab539380077dea78defcbb0c473e43f3d99ac4d0a37,not_applicable,,
jv-Latn-ID-JV-D036-OCC-001,JV-D036,OLP-0029,OLP-0029-P020,upstream/content/sets-functions-relations/size-of-sets/enumerability.tex,140,162,bf6be35c0e393cb6e1d227f8e9024df4216792e663f23beb7277045487acfa67,translation/content/sets-functions-relations/size-of-sets/enumerability.tex,139,164,8072a19e227b50388b976d5adae4bab74948eabf8604755805d3531a341a0ab0,pending,,
jv-Latn-ID-JV-D036-OCC-002,JV-D036,OLP-0029,OLP-0029:review-JV-D036-002,upstream/content/sets-functions-relations/size-of-sets/enumerability.tex,151,151,bf6be35c0e393cb6e1d227f8e9024df4216792e663f23beb7277045487acfa67,editorial/ERRATA.md,18,18,f5d4f6c07c476b35c8c31ab539380077dea78defcbb0c473e43f3d99ac4d0a37,not_applicable,,
jv-Latn-ID-JV-D037-OCC-001,JV-D037,OLP-0058,OLP-0058-P032,upstream/content/propositional-logic/syntax-and-semantics/formulas.tex,158,159,f05ab9c5e23b362dbee9f6063f096f52ebc9e7f97b29acc9c07f18788f1f8f48,translation/content/propositional-logic/syntax-and-semantics/formulas.tex,159,162,4970549092af228a0eaab6c3b16092aaaa67f3de2c7e39c1ed6d8df1eb587c11,pending,,
jv-Latn-ID-JV-D037-OCC-002,JV-D037,OLP-0058,OLP-0058:review-JV-D037-002,upstream/content/propositional-logic/syntax-and-semantics/formulas.tex,159,159,f05ab9c5e23b362dbee9f6063f096f52ebc9e7f97b29acc9c07f18788f1f8f48,editorial/ERRATA.md,38,38,f5d4f6c07c476b35c8c31ab539380077dea78defcbb0c473e43f3d99ac4d0a37,not_applicable,,
jv-Latn-ID-JV-D038-OCC-001,JV-D038,OLP-0067,OLP-0067-P007,upstream/content/first-order-logic/proof-systems/tableaux.tex,31,42,8c9db50bcbc7a4aa757b8d57796b2e51df04b1cabb61f46756a79f72a1780b8f,translation/content/first-order-logic/proof-systems/tableaux.tex,32,46,fee2c7294897cbcfaf087985b9c265c17872b02a6ff37f791347c3ee2f9d0b5d,pending,,
jv-Latn-ID-JV-D038-OCC-002,JV-D038,OLP-0067,OLP-0067:review-JV-D038-002,upstream/content/first-order-logic/proof-systems/tableaux.tex,38,38,8c9db50bcbc7a4aa757b8d57796b2e51df04b1cabb61f46756a79f72a1780b8f,editorial/ERRATA.md,39,39,f5d4f6c07c476b35c8c31ab539380077dea78defcbb0c473e43f3d99ac4d0a37,not_applicable,,
jv-Latn-ID-JV-D039-OCC-001,JV-D039,OLP-0067,OLP-0067-P008,upstream/content/first-order-logic/proof-systems/tableaux.tex,44,63,8c9db50bcbc7a4aa757b8d57796b2e51df04b1cabb61f46756a79f72a1780b8f,translation/content/first-order-logic/proof-systems/tableaux.tex,48,71,fee2c7294897cbcfaf087985b9c265c17872b02a6ff37f791347c3ee2f9d0b5d,pending,,
jv-Latn-ID-JV-D039-OCC-002,JV-D039,OLP-0067,OLP-0067:review-JV-D039-002,upstream/content/first-order-logic/proof-systems/tableaux.tex,57,57,8c9db50bcbc7a4aa757b8d57796b2e51df04b1cabb61f46756a79f72a1780b8f,editorial/ERRATA.md,39,39,f5d4f6c07c476b35c8c31ab539380077dea78defcbb0c473e43f3d99ac4d0a37,not_applicable,,
jv-Latn-ID-JV-D040-OCC-001,JV-D040,OLP-0075,OLP-0075-P013,upstream/content/first-order-logic/sequent-calculus/proving-things.tex,158,215,8c94fddc6d2f4c5faee64e84c1216e1c1ca096719b5528ea4faff753b906d303,translation/content/first-order-logic/sequent-calculus/proving-things.tex,158,216,dfead5f68fbc8fecda36ba653b073be222ce632797de568169dedce9e33cdb73,pending,,
jv-Latn-ID-JV-D040-OCC-002,JV-D040,OLP-0075,OLP-0075:review-JV-D040-002,upstream/content/first-order-logic/sequent-calculus/proving-things.tex,177,177,8c94fddc6d2f4c5faee64e84c1216e1c1ca096719b5528ea4faff753b906d303,editorial/ERRATA.md,40,40,f5d4f6c07c476b35c8c31ab539380077dea78defcbb0c473e43f3d99ac4d0a37,not_applicable,,
jv-Latn-ID-JV-D041-OCC-001,JV-D041,OLP-0077,OLP-0077-P004,upstream/content/first-order-logic/sequent-calculus/proof-theoretic-notions.tex,9,12,91c07ed071c2f9c18d3f10665b163b35dcc8636e7e0f27b4586aa9df63177a53,translation/content/first-order-logic/sequent-calculus/proof-theoretic-notions.tex,9,14,f49c8f53668c69af91098708b8c87a82224eb25eeea75812462e41c871a931d0,pending,,
jv-Latn-ID-JV-D041-OCC-002,JV-D041,OLP-0077,OLP-0077:review-JV-D041-002,upstream/content/first-order-logic/sequent-calculus/proof-theoretic-notions.tex,11,11,91c07ed071c2f9c18d3f10665b163b35dcc8636e7e0f27b4586aa9df63177a53,editorial/ERRATA.md,41,41,f5d4f6c07c476b35c8c31ab539380077dea78defcbb0c473e43f3d99ac4d0a37,not_applicable,,
jv-Latn-ID-JV-D042-OCC-001,JV-D042,OLP-0081,OLP-0081-P016,upstream/content/first-order-logic/sequent-calculus/soundness.tex,114,242,4de487cafc9d685844abb2c0b29c7b51debeb30a9b1129c7a2fa8c13ae48b151,translation/content/first-order-logic/sequent-calculus/soundness.tex,121,264,771a51a29c7c8e79971b8cc699bda691fb4b64543e1c9c9d64b611e0a7f7da4a,pending,,
jv-Latn-ID-JV-D042-OCC-002,JV-D042,OLP-0081,OLP-0081:review-JV-D042-002,upstream/content/first-order-logic/sequent-calculus/soundness.tex,156,156,4de487cafc9d685844abb2c0b29c7b51debeb30a9b1129c7a2fa8c13ae48b151,editorial/ERRATA.md,42,42,f5d4f6c07c476b35c8c31ab539380077dea78defcbb0c473e43f3d99ac4d0a37,not_applicable,,
jv-Latn-ID-JV-D043-OCC-001,JV-D043,OLP-0081,OLP-0081-P017,upstream/content/first-order-logic/sequent-calculus/soundness.tex,244,332,4de487cafc9d685844abb2c0b29c7b51debeb30a9b1129c7a2fa8c13ae48b151,translation/content/first-order-logic/sequent-calculus/soundness.tex,266,364,771a51a29c7c8e79971b8cc699bda691fb4b64543e1c9c9d64b611e0a7f7da4a,pending,,
jv-Latn-ID-JV-D043-OCC-002,JV-D043,OLP-0081,OLP-0081:review-JV-D043-002,upstream/content/first-order-logic/sequent-calculus/soundness.tex,288,288,4de487cafc9d685844abb2c0b29c7b51debeb30a9b1129c7a2fa8c13ae48b151,editorial/ERRATA.md,42,42,f5d4f6c07c476b35c8c31ab539380077dea78defcbb0c473e43f3d99ac4d0a37,not_applicable,,
jv-Latn-ID-JV-D044-OCC-001,JV-D044,OLP-0085,OLP-0085-P008,upstream/content/first-order-logic/natural-deduction/rules-and-proofs.tex,31,43,e6e8bed6816bd64ac24342fd4d591ca0e7c1ddf82fc056b452aa87c45d810506,translation/content/first-order-logic/natural-deduction/rules-and-proofs.tex,30,45,9737415434b500f77edaa603bf4d39e5b5349fc469c024d4b9149c4924a27dc9,pending,,
jv-Latn-ID-JV-D044-OCC-002,JV-D044,OLP-0085,OLP-0085:review-JV-D044-002,upstream/content/first-order-logic/natural-deduction/rules-and-proofs.tex,33,33,e6e8bed6816bd64ac24342fd4d591ca0e7c1ddf82fc056b452aa87c45d810506,editorial/ERRATA.md,43,43,f5d4f6c07c476b35c8c31ab539380077dea78defcbb0c473e43f3d99ac4d0a37,not_applicable,,
jv-Latn-ID-JV-D045-OCC-001,JV-D045,OLP-0087,OLP-0087-P012,upstream/content/first-order-logic/natural-deduction/quantifier-rules.tex,58,61,eb6d95a24fce278404457d9169c033645853aab7e1c22dd4ca1fec9595068313,translation/content/first-order-logic/natural-deduction/quantifier-rules.tex,58,65,979a2225226b518223cce43dcb9e14958977d453ebb792a5b64a63f74cfcdca5,pending,,
jv-Latn-ID-JV-D045-OCC-002,JV-D045,OLP-0087,OLP-0087:review-JV-D045-002,upstream/content/first-order-logic/natural-deduction/quantifier-rules.tex,58,58,eb6d95a24fce278404457d9169c033645853aab7e1c22dd4ca1fec9595068313,editorial/ERRATA.md,44,44,f5d4f6c07c476b35c8c31ab539380077dea78defcbb0c473e43f3d99ac4d0a37,not_applicable,,
jv-Latn-ID-JV-D046-OCC-001,JV-D046,OLP-0089,OLP-0089-P013,upstream/content/first-order-logic/natural-deduction/proving-things.tex,116,147,d39069643439c576cb5813ef635725ac09ef83257571e380b92dfa223a801ecc,translation/content/first-order-logic/natural-deduction/proving-things.tex,116,154,ad562a558dae1511d0a0294a227c4dcef8998f0bbd3f62286a1605a30ebf757f,pending,,
jv-Latn-ID-JV-D046-OCC-002,JV-D046,OLP-0089,OLP-0089:review-JV-D046-002,upstream/content/first-order-logic/natural-deduction/proving-things.tex,133,133,d39069643439c576cb5813ef635725ac09ef83257571e380b92dfa223a801ecc,editorial/ERRATA.md,45,45,f5d4f6c07c476b35c8c31ab539380077dea78defcbb0c473e43f3d99ac4d0a37,not_applicable,,
jv-Latn-ID-JV-D047-OCC-001,JV-D047,OLP-0089,OLP-0089-P013,upstream/content/first-order-logic/natural-deduction/proving-things.tex,116,147,d39069643439c576cb5813ef635725ac09ef83257571e380b92dfa223a801ecc,translation/content/first-order-logic/natural-deduction/proving-things.tex,116,154,ad562a558dae1511d0a0294a227c4dcef8998f0bbd3f62286a1605a30ebf757f,pending,,
jv-Latn-ID-JV-D047-OCC-002,JV-D047,OLP-0089,OLP-0089:review-JV-D047-002,upstream/content/first-order-logic/natural-deduction/proving-things.tex,118,118,d39069643439c576cb5813ef635725ac09ef83257571e380b92dfa223a801ecc,editorial/ERRATA.md,45,45,f5d4f6c07c476b35c8c31ab539380077dea78defcbb0c473e43f3d99ac4d0a37,not_applicable,,
jv-Latn-ID-JV-D048-OCC-001,JV-D048,OLP-0090,OLP-0090-P007,upstream/content/first-order-logic/natural-deduction/proving-things-quant.tex,20,86,962c30713b222744c165ce87f7cb8ab11d18d0e805d8d386900bfe8e8104f63f,translation/content/first-order-logic/natural-deduction/proving-things-quant.tex,20,90,8ff08199096e9191e399be37aedb60a24f42156c7ab27402cdedf59b958f7786,pending,,
jv-Latn-ID-JV-D048-OCC-002,JV-D048,OLP-0090,OLP-0090:review-JV-D048-002,upstream/content/first-order-logic/natural-deduction/proving-things-quant.tex,39,39,962c30713b222744c165ce87f7cb8ab11d18d0e805d8d386900bfe8e8104f63f,editorial/ERRATA.md,46,46,f5d4f6c07c476b35c8c31ab539380077dea78defcbb0c473e43f3d99ac4d0a37,not_applicable,,
jv-Latn-ID-JV-D049-OCC-001,JV-D049,OLP-0098,OLP-0098-P006,upstream/content/first-order-logic/tableaux/tableaux.tex,15,17,1c6e7018e63cae3440e85d537303288261afd422b9e13bc455b99c2d206aa1b6,translation/content/first-order-logic/tableaux/tableaux.tex,15,19,569538f64d8f5bb2fd7f074c2d1a0d8e4fe6e1fc0e1aef3f152042a0d927d148,pending,,
jv-Latn-ID-JV-D049-OCC-002,JV-D049,OLP-0098,OLP-0098:review-JV-D049-002,upstream/content/first-order-logic/tableaux/tableaux.tex,15,15,1c6e7018e63cae3440e85d537303288261afd422b9e13bc455b99c2d206aa1b6,editorial/ERRATA.md,47,47,f5d4f6c07c476b35c8c31ab539380077dea78defcbb0c473e43f3d99ac4d0a37,not_applicable,,
jv-Latn-ID-JV-D050-OCC-001,JV-D050,OLP-0101,OLP-0101-P014,upstream/content/first-order-logic/tableaux/quantifier-rules.tex,79,107,682b3f1de2569dc63657243b83a3daa8966cc1786fa44d5d2fa34da2658e2bb0,translation/content/first-order-logic/tableaux/quantifier-rules.tex,82,114,912b7b4f76fdcf6af107b9271aa2b3661c35fed14a56657d9366e60118cc5cfc,pending,,
jv-Latn-ID-JV-D050-OCC-002,JV-D050,OLP-0101,OLP-0101:review-JV-D050-002,upstream/content/first-order-logic/tableaux/quantifier-rules.tex,80,80,682b3f1de2569dc63657243b83a3daa8966cc1786fa44d5d2fa34da2658e2bb0,editorial/ERRATA.md,48,48,f5d4f6c07c476b35c8c31ab539380077dea78defcbb0c473e43f3d99ac4d0a37,not_applicable,,
jv-Latn-ID-JV-D051-OCC-001,JV-D051,OLP-0103,OLP-0103-P016,upstream/content/first-order-logic/tableaux/proving-things.tex,428,444,6940ff2f8466cfb9dc740a4e7aa2cf9551c9a3d3304aa8ebe93217d11e451e90,translation/content/first-order-logic/tableaux/proving-things.tex,431,451,3f9f89c5005b832044384ffe491023d448c1e614c634ecc1f8f25c93eb7ee85f,pending,,
jv-Latn-ID-JV-D051-OCC-002,JV-D051,OLP-0103,OLP-0103:review-JV-D051-002,upstream/content/first-order-logic/tableaux/proving-things.tex,439,439,6940ff2f8466cfb9dc740a4e7aa2cf9551c9a3d3304aa8ebe93217d11e451e90,editorial/ERRATA.md,49,49,f5d4f6c07c476b35c8c31ab539380077dea78defcbb0c473e43f3d99ac4d0a37,not_applicable,,
