decision_id,record_type,occurrence_index,unit_id,section,source_path,source_line,target_path,target_line_start,target_line_end,segment_id,script,locale,chosen_rendering,decision_status,review_priority,accepted_reader_release,accepted_pdf_page,page_binding_status,expert_question
JV-T001,terminology_decision,1,OLP-0001,open-logic-about,upstream/content/open-logic-about.tex,1,translation/content/open-logic-about.tex,6,6,,Latn,jv-Latn-ID,logika,attested,tracked,,,pending_next_accepted_reader_pagination,"For formal written Javanese, is “logika” clear and idiomatic for the constrained sense “logic”, or should one of these be preferred: nalar?"
JV-T002,terminology_decision,1,OLP-0001,open-logic-about,upstream/content/open-logic-about.tex,7,translation/content/open-logic-about.tex,6,6,,Latn,jv-Latn-ID,logika formal,attested,tracked,,,pending_next_accepted_reader_pagination,"For formal written Javanese, is “logika formal” clear and idiomatic for the constrained sense “formal logic”, or should one of these be preferred: nalar formal, logika resmi?"
JV-T003,terminology_decision,1,OLP-0004,sets-functions-relations/sets/sets,upstream/content/sets-functions-relations/sets/sets.tex,1,translation/content/sets-functions-relations/sets/sets.tex,8,8,,Latn,jv-Latn-ID,himpunan,provisional_borrowing,tracked,,,pending_next_accepted_reader_pagination,"For formal written Javanese, is “himpunan” clear and idiomatic for the constrained sense “set”, or should one of these be preferred: kumpulan, set?"
JV-T004,terminology_decision,1,OLP-0005,sets-functions-relations/sets/basics,,,translation/content/sets-functions-relations/sets/basics.tex,14,14,,Latn,jv-Latn-ID,anggota; unsur (definitional synonym),provisional_specialization,tracked,,,pending_next_accepted_reader_pagination,"For formal written Javanese, is “anggota; unsur (definitional synonym)” clear and idiomatic for the constrained sense “element/member”, or should one of these be preferred: unsur, elemen?"
JV-T004,terminology_decision,2,OLP-0005,sets-functions-relations/sets/basics,,,translation/content/sets-functions-relations/sets/basics.tex,13,13,,Latn,jv-Latn-ID,anggota; unsur (definitional synonym),provisional_specialization,tracked,,,pending_next_accepted_reader_pagination,"For formal written Javanese, is “anggota; unsur (definitional synonym)” clear and idiomatic for the constrained sense “element/member”, or should one of these be preferred: unsur, elemen?"
JV-T005,terminology_decision,1,OLP-0005,sets-functions-relations/sets/basics,upstream/content/sets-functions-relations/sets/basics.tex,10,translation/content/sets-functions-relations/sets/basics.tex,10,10,,Latn,jv-Latn-ID,ekstensionalitas,provisional_borrowing,tracked,,,pending_next_accepted_reader_pagination,"For formal written Javanese, is “ekstensionalitas” clear and idiomatic for the constrained sense “extensionality”, or should one of these be preferred: prinsip kesamaan anggota, ekstensualitas?"
JV-T006,terminology_decision,1,OLP-0006,sets-functions-relations/sets/subsets,upstream/content/sets-functions-relations/sets/subsets.tex,3,translation/content/sets-functions-relations/sets/subsets.tex,10,10,,Latn,jv-Latn-ID,subhimpunan,provisional_borrowing,tracked,,,pending_next_accepted_reader_pagination,"For formal written Javanese, is “subhimpunan” clear and idiomatic for the constrained sense “subset”, or should one of these be preferred: bagean himpunan, subset?"
JV-T007,terminology_decision,1,OLP-0006,sets-functions-relations/sets/subsets,upstream/content/sets-functions-relations/sets/subsets.tex,24,translation/content/sets-functions-relations/sets/subsets.tex,25,25,,Latn,jv-Latn-ID,subhimpunan sejati,provisional_specialization,tracked,,,pending_next_accepted_reader_pagination,"For formal written Javanese, is “subhimpunan sejati” clear and idiomatic for the constrained sense “proper subset”, or should one of these be preferred: subhimpunan murni?"
JV-T009,terminology_decision,1,OLP-0005,sets-functions-relations/sets/basics,,,translation/content/sets-functions-relations/sets/basics.tex,27,27,,Latn,jv-Latn-ID,yen lan mung yen,provisional_composition,tracked,,,pending_next_accepted_reader_pagination,"For formal written Javanese, is “yen lan mung yen” clear and idiomatic for the constrained sense “if and only if”, or should one of these be preferred: yen lan kosok baline, yen wae?"
JV-T010,terminology_decision,1,OLP-0005,sets-functions-relations/sets/basics,upstream/content/sets-functions-relations/sets/basics.tex,16,translation/content/sets-functions-relations/sets/basics.tex,16,16,,Latn,jv-Latn-ID,kosong,provisional_specialization,tracked,,,pending_next_accepted_reader_pagination,"For formal written Javanese, is “kosong” clear and idiomatic for the constrained sense “empty”, or should one of these be preferred: sepi, tanpa anggota?"
JV-T011,terminology_decision,1,OLP-0005,sets-functions-relations/sets/basics,upstream/content/sets-functions-relations/sets/basics.tex,99,translation/content/sets-functions-relations/sets/basics.tex,101,101,,Latn,jv-Latn-ID,bukti / buktekna,provisional_specialization,tracked,,,pending_next_accepted_reader_pagination,"For formal written Javanese, is “bukti / buktekna” clear and idiomatic for the constrained sense “proof / prove”, or should one of these be preferred: pambuktian; mbuktekake, derivasi?"
JV-T012,terminology_decision,1,OLP-0031,sets-functions-relations/size-of-sets/pairing,,,translation/content/sets-functions-relations/size-of-sets/pairing.tex,80,80,,Latn,jv-Latn-ID,bener / salah,provisional_specialization,tracked,,,pending_next_accepted_reader_pagination,"For formal written Javanese, is “bener / salah” clear and idiomatic for the constrained sense “true / false”, or should one of these be preferred: bener; kleru, benar; palsu?"
JV-T013,terminology_decision,1,OLP-0007,sets-functions-relations/sets/important-sets,upstream/content/sets-functions-relations/sets/important-sets.tex,18,translation/content/sets-functions-relations/sets/important-sets.tex,18,18,,Latn,jv-Latn-ID,wilangan natural,provisional_borrowing,tracked,,,pending_next_accepted_reader_pagination,"For formal written Javanese, is “wilangan natural” clear and idiomatic for the constrained sense “natural number”, or should one of these be preferred: wilangan alam, wilangan asli?"
JV-T014,terminology_decision,1,OLP-0007,sets-functions-relations/sets/important-sets,upstream/content/sets-functions-relations/sets/important-sets.tex,20,translation/content/sets-functions-relations/sets/important-sets.tex,20,20,,Latn,jv-Latn-ID,wilangan wutuh,provisional_composition,tracked,,,pending_next_accepted_reader_pagination,"For formal written Javanese, is “wilangan wutuh” clear and idiomatic for the constrained sense “integer”, or should one of these be preferred: integer, wilangan bulat?"
JV-T015,terminology_decision,1,OLP-0007,sets-functions-relations/sets/important-sets,upstream/content/sets-functions-relations/sets/important-sets.tex,22,translation/content/sets-functions-relations/sets/important-sets.tex,22,22,,Latn,jv-Latn-ID,wilangan rasional / wilangan real,provisional_borrowing,tracked,,,pending_next_accepted_reader_pagination,"For formal written Javanese, is “wilangan rasional / wilangan real” clear and idiomatic for the constrained sense “rational / real number”, or should one of these be preferred: rasional; riil, wilangan nyata?"
JV-T015,terminology_decision,2,OLP-0007,sets-functions-relations/sets/important-sets,upstream/content/sets-functions-relations/sets/important-sets.tex,24,translation/content/sets-functions-relations/sets/important-sets.tex,24,24,,Latn,jv-Latn-ID,wilangan rasional / wilangan real,provisional_borrowing,tracked,,,pending_next_accepted_reader_pagination,"For formal written Javanese, is “wilangan rasional / wilangan real” clear and idiomatic for the constrained sense “rational / real number”, or should one of these be preferred: rasional; riil, wilangan nyata?"
JV-T016,terminology_decision,1,OLP-0007,sets-functions-relations/sets/important-sets,upstream/content/sets-functions-relations/sets/important-sets.tex,26,translation/content/sets-functions-relations/sets/important-sets.tex,50,50,,Latn,jv-Latn-ID,winates / tanpa wates,provisional_specialization,tracked,,,pending_next_accepted_reader_pagination,"For formal written Javanese, is “winates / tanpa wates” clear and idiomatic for the constrained sense “finite / infinite”, or should one of these be preferred: finit; infinit, winates; ora winates?"
JV-T016,terminology_decision,2,OLP-0007,sets-functions-relations/sets/important-sets,upstream/content/sets-functions-relations/sets/important-sets.tex,26,translation/content/sets-functions-relations/sets/important-sets.tex,26,26,,Latn,jv-Latn-ID,winates / tanpa wates,provisional_specialization,tracked,,,pending_next_accepted_reader_pagination,"For formal written Javanese, is “winates / tanpa wates” clear and idiomatic for the constrained sense “finite / infinite”, or should one of these be preferred: finit; infinit, winates; ora winates?"
JV-T017,terminology_decision,1,OLP-0007,sets-functions-relations/sets/important-sets,upstream/content/sets-functions-relations/sets/important-sets.tex,46,translation/content/sets-functions-relations/sets/important-sets.tex,48,48,,Latn,jv-Latn-ID,rerangken / urutan,provisional_specialization,tracked,,,pending_next_accepted_reader_pagination,"For formal written Javanese, is “rerangken / urutan” clear and idiomatic for the constrained sense “string / sequence”, or should one of these be preferred: senar; sekuens, urutan?"
JV-T017,terminology_decision,2,OLP-0007,sets-functions-relations/sets/important-sets,upstream/content/sets-functions-relations/sets/important-sets.tex,48,translation/content/sets-functions-relations/sets/important-sets.tex,50,50,,Latn,jv-Latn-ID,rerangken / urutan,provisional_specialization,tracked,,,pending_next_accepted_reader_pagination,"For formal written Javanese, is “rerangken / urutan” clear and idiomatic for the constrained sense “string / sequence”, or should one of these be preferred: senar; sekuens, urutan?"
JV-T018,terminology_decision,1,OLP-0008,sets-functions-relations/sets/unions-and-intersections,upstream/content/sets-functions-relations/sets/unions-and-intersections.tex,3,translation/content/sets-functions-relations/sets/unions-and-intersections.tex,10,10,,Latn,jv-Latn-ID,gabungan / irisan,provisional_borrowing,tracked,,,pending_next_accepted_reader_pagination,"For formal written Javanese, is “gabungan / irisan” clear and idiomatic for the constrained sense “union / intersection”, or should one of these be preferred: union; interseksi, panyawijan; irisan?"
JV-T018,terminology_decision,2,OLP-0008,sets-functions-relations/sets/unions-and-intersections,upstream/content/sets-functions-relations/sets/unions-and-intersections.tex,3,translation/content/sets-functions-relations/sets/unions-and-intersections.tex,10,10,,Latn,jv-Latn-ID,gabungan / irisan,provisional_borrowing,tracked,,,pending_next_accepted_reader_pagination,"For formal written Javanese, is “gabungan / irisan” clear and idiomatic for the constrained sense “union / intersection”, or should one of these be preferred: union; interseksi, panyawijan; irisan?"
JV-T019,terminology_decision,1,OLP-0008,sets-functions-relations/sets/unions-and-intersections,upstream/content/sets-functions-relations/sets/unions-and-intersections.tex,163,translation/content/sets-functions-relations/sets/unions-and-intersections.tex,176,176,,Latn,jv-Latn-ID,selisih himpunan / pisah,provisional_specialization,tracked,,,pending_next_accepted_reader_pagination,"For formal written Javanese, is “selisih himpunan / pisah” clear and idiomatic for the constrained sense “set difference / disjoint”, or should one of these be preferred: bedane himpunan, ora sesambungan?"
JV-T019,terminology_decision,2,OLP-0008,sets-functions-relations/sets/unions-and-intersections,upstream/content/sets-functions-relations/sets/unions-and-intersections.tex,77,translation/content/sets-functions-relations/sets/unions-and-intersections.tex,82,82,,Latn,jv-Latn-ID,selisih himpunan / pisah,provisional_specialization,tracked,,,pending_next_accepted_reader_pagination,"For formal written Javanese, is “selisih himpunan / pisah” clear and idiomatic for the constrained sense “set difference / disjoint”, or should one of these be preferred: bedane himpunan, ora sesambungan?"
JV-T020,terminology_decision,1,OLP-0009,sets-functions-relations/sets/pairs-and-products,upstream/content/sets-functions-relations/sets/pairs-and-products.tex,14,translation/content/sets-functions-relations/sets/pairs-and-products.tex,15,15,,Latn,jv-Latn-ID,pasangan urut / produk Kartesius,provisional_borrowing,tracked,,,pending_next_accepted_reader_pagination,"For formal written Javanese, is “pasangan urut / produk Kartesius” clear and idiomatic for the constrained sense “ordered pair / Cartesian product”, or should one of these be preferred: pasangan katata, asil kaping Kartesius?"
JV-T020,terminology_decision,2,OLP-0009,sets-functions-relations/sets/pairs-and-products,upstream/content/sets-functions-relations/sets/pairs-and-products.tex,10,translation/content/sets-functions-relations/sets/pairs-and-products.tex,10,10,,Latn,jv-Latn-ID,pasangan urut / produk Kartesius,provisional_borrowing,tracked,,,pending_next_accepted_reader_pagination,"For formal written Javanese, is “pasangan urut / produk Kartesius” clear and idiomatic for the constrained sense “ordered pair / Cartesian product”, or should one of these be preferred: pasangan katata, asil kaping Kartesius?"
JV-T021,terminology_decision,1,OLP-0010,sets-functions-relations/sets/russells-paradox,upstream/content/sets-functions-relations/sets/russells-paradox.tex,3,translation/content/sets-functions-relations/sets/russells-paradox.tex,11,11,,Latn,jv-Latn-ID,paradoks / teori himpunan naif,provisional_borrowing,tracked,,,pending_next_accepted_reader_pagination,"For formal written Javanese, is “paradoks / teori himpunan naif” clear and idiomatic for the constrained sense “paradox / naive set theory”, or should one of these be preferred: paradoks; teori set naif?"
JV-T021,terminology_decision,2,OLP-0003,sets-functions-relations/sets-functions-relations-complete,upstream/content/sets-functions-relations/sets-functions-relations-complete.tex,10,translation/content/sets-functions-relations/sets-functions-relations-complete.tex,7,7,,Latn,jv-Latn-ID,paradoks / teori himpunan naif,provisional_borrowing,tracked,,,pending_next_accepted_reader_pagination,"For formal written Javanese, is “paradoks / teori himpunan naif” clear and idiomatic for the constrained sense “paradox / naive set theory”, or should one of these be preferred: paradoks; teori set naif?"
JV-T022,terminology_decision,1,OLP-0005,sets-functions-relations/sets/basics,upstream/content/sets-functions-relations/sets/basics.tex,76,translation/content/sets-functions-relations/sets/basics.tex,76,76,,Latn,jv-Latn-ID,wilangan sampurna / pembagi sejati,provisional_specialization,tracked,,,pending_next_accepted_reader_pagination,"For formal written Javanese, is “wilangan sampurna / pembagi sejati” clear and idiomatic for the constrained sense “perfect number / proper divisor”, or should one of these be preferred: wilangan perfek, pembagi murni?"
JV-T023,terminology_decision,1,OLP-0012,sets-functions-relations/relations/relations-as-sets,upstream/content/sets-functions-relations/relations/relations-as-sets.tex,1,translation/content/sets-functions-relations/relations/relations-as-sets.tex,10,10,,Latn,jv-Latn-ID,relasi / relasi biner,provisional_specialization,tracked,,,pending_next_accepted_reader_pagination,"For formal written Javanese, is “relasi / relasi biner” clear and idiomatic for the constrained sense “relation / binary relation”, or should one of these be preferred: sesambungan, relasi loro panggonan?"
JV-T023,terminology_decision,2,OLP-0012,sets-functions-relations/relations/relations-as-sets,upstream/content/sets-functions-relations/relations/relations-as-sets.tex,55,translation/content/sets-functions-relations/relations/relations-as-sets.tex,61,61,,Latn,jv-Latn-ID,relasi / relasi biner,provisional_specialization,tracked,,,pending_next_accepted_reader_pagination,"For formal written Javanese, is “relasi / relasi biner” clear and idiomatic for the constrained sense “relation / binary relation”, or should one of these be preferred: sesambungan, relasi loro panggonan?"
JV-T024,terminology_decision,1,OLP-0014,sets-functions-relations/relations/special-properties,upstream/content/sets-functions-relations/relations/special-properties.tex,24,translation/content/sets-functions-relations/relations/special-properties.tex,26,26,,Latn,jv-Latn-ID,refleksif / irrefleksif / transitif,provisional_borrowing,tracked,,,pending_next_accepted_reader_pagination,"For formal written Javanese, is “refleksif / irrefleksif / transitif” clear and idiomatic for the constrained sense “reflexive / irreflexive / transitive”, or should one of these be preferred: reflektif; nonrefleksif; transitif?"
JV-T024,terminology_decision,2,OLP-0014,sets-functions-relations/relations/special-properties,upstream/content/sets-functions-relations/relations/special-properties.tex,70,translation/content/sets-functions-relations/relations/special-properties.tex,75,75,,Latn,jv-Latn-ID,refleksif / irrefleksif / transitif,provisional_borrowing,tracked,,,pending_next_accepted_reader_pagination,"For formal written Javanese, is “refleksif / irrefleksif / transitif” clear and idiomatic for the constrained sense “reflexive / irreflexive / transitive”, or should one of these be preferred: reflektif; nonrefleksif; transitif?"
JV-T024,terminology_decision,3,OLP-0014,sets-functions-relations/relations/special-properties,upstream/content/sets-functions-relations/relations/special-properties.tex,29,translation/content/sets-functions-relations/relations/special-properties.tex,31,31,,Latn,jv-Latn-ID,refleksif / irrefleksif / transitif,provisional_borrowing,tracked,,,pending_next_accepted_reader_pagination,"For formal written Javanese, is “refleksif / irrefleksif / transitif” clear and idiomatic for the constrained sense “reflexive / irreflexive / transitive”, or should one of these be preferred: reflektif; nonrefleksif; transitif?"
JV-T025,terminology_decision,1,OLP-0014,sets-functions-relations/relations/special-properties,upstream/content/sets-functions-relations/relations/special-properties.tex,34,translation/content/sets-functions-relations/relations/special-properties.tex,36,36,,Latn,jv-Latn-ID,simetris / antisimetris / asimetris,provisional_borrowing,tracked,,,pending_next_accepted_reader_pagination,"For formal written Javanese, is “simetris / antisimetris / asimetris” clear and idiomatic for the constrained sense “symmetric / anti-symmetric / asymmetric”, or should one of these be preferred: sawujud; antisawujud; asawujud?"
JV-T025,terminology_decision,2,OLP-0014,sets-functions-relations/relations/special-properties,upstream/content/sets-functions-relations/relations/special-properties.tex,46,translation/content/sets-functions-relations/relations/special-properties.tex,41,41,,Latn,jv-Latn-ID,simetris / antisimetris / asimetris,provisional_borrowing,tracked,,,pending_next_accepted_reader_pagination,"For formal written Javanese, is “simetris / antisimetris / asimetris” clear and idiomatic for the constrained sense “symmetric / anti-symmetric / asymmetric”, or should one of these be preferred: sawujud; antisawujud; asawujud?"
JV-T025,terminology_decision,3,OLP-0014,sets-functions-relations/relations/special-properties,upstream/content/sets-functions-relations/relations/special-properties.tex,75,translation/content/sets-functions-relations/relations/special-properties.tex,80,80,,Latn,jv-Latn-ID,simetris / antisimetris / asimetris,provisional_borrowing,tracked,,,pending_next_accepted_reader_pagination,"For formal written Javanese, is “simetris / antisimetris / asimetris” clear and idiomatic for the constrained sense “symmetric / anti-symmetric / asymmetric”, or should one of these be preferred: sawujud; antisawujud; asawujud?"
JV-T026,terminology_decision,1,OLP-0014,sets-functions-relations/relations/special-properties,upstream/content/sets-functions-relations/relations/special-properties.tex,58,translation/content/sets-functions-relations/relations/special-properties.tex,61,61,,Latn,jv-Latn-ID,koneks / tatanan / tatanan ketat,provisional_specialization,tracked,,,pending_next_accepted_reader_pagination,"For formal written Javanese, is “koneks / tatanan / tatanan ketat” clear and idiomatic for the constrained sense “connected / order / strict order”, or should one of these be preferred: kasambung, urutan; urutan ketat?"
JV-T026,terminology_decision,2,OLP-0014,sets-functions-relations/relations/special-properties,upstream/content/sets-functions-relations/relations/special-properties.tex,20,translation/content/sets-functions-relations/relations/special-properties.tex,22,22,,Latn,jv-Latn-ID,koneks / tatanan / tatanan ketat,provisional_specialization,tracked,,,pending_next_accepted_reader_pagination,"For formal written Javanese, is “koneks / tatanan / tatanan ketat” clear and idiomatic for the constrained sense “connected / order / strict order”, or should one of these be preferred: kasambung, urutan; urutan ketat?"
JV-T026,terminology_decision,3,OLP-0016,sets-functions-relations/relations/orders,upstream/content/sets-functions-relations/relations/orders.tex,82,translation/content/sets-functions-relations/relations/orders.tex,96,96,,Latn,jv-Latn-ID,koneks / tatanan / tatanan ketat,provisional_specialization,tracked,,,pending_next_accepted_reader_pagination,"For formal written Javanese, is “koneks / tatanan / tatanan ketat” clear and idiomatic for the constrained sense “connected / order / strict order”, or should one of these be preferred: kasambung, urutan; urutan ketat?"
JV-T027,terminology_decision,1,OLP-0012,sets-functions-relations/relations/relations-as-sets,upstream/content/sets-functions-relations/relations/relations-as-sets.tex,83,translation/content/sets-functions-relations/relations/relations-as-sets.tex,90,90,,Latn,jv-Latn-ID,relasi identitas / relasi universal / relasi kosong,provisional_borrowing,tracked,,,pending_next_accepted_reader_pagination,"For formal written Javanese, is “relasi identitas / relasi universal / relasi kosong” clear and idiomatic for the constrained sense “identity relation / universal relation / empty relation”, or should one of these be preferred: relasi dhiri; relasi kabeh; relasi suwung?"
JV-T027,terminology_decision,2,OLP-0012,sets-functions-relations/relations/relations-as-sets,upstream/content/sets-functions-relations/relations/relations-as-sets.tex,115,translation/content/sets-functions-relations/relations/relations-as-sets.tex,126,126,,Latn,jv-Latn-ID,relasi identitas / relasi universal / relasi kosong,provisional_borrowing,tracked,,,pending_next_accepted_reader_pagination,"For formal written Javanese, is “relasi identitas / relasi universal / relasi kosong” clear and idiomatic for the constrained sense “identity relation / universal relation / empty relation”, or should one of these be preferred: relasi dhiri; relasi kabeh; relasi suwung?"
JV-T027,terminology_decision,3,OLP-0012,sets-functions-relations/relations/relations-as-sets,upstream/content/sets-functions-relations/relations/relations-as-sets.tex,113,translation/content/sets-functions-relations/relations/relations-as-sets.tex,124,124,,Latn,jv-Latn-ID,relasi identitas / relasi universal / relasi kosong,provisional_borrowing,tracked,,,pending_next_accepted_reader_pagination,"For formal written Javanese, is “relasi identitas / relasi universal / relasi kosong” clear and idiomatic for the constrained sense “identity relation / universal relation / empty relation”, or should one of these be preferred: relasi dhiri; relasi kabeh; relasi suwung?"
JV-T028,terminology_decision,1,OLP-0010,sets-functions-relations/sets/russells-paradox,upstream/content/sets-functions-relations/sets/russells-paradox.tex,22,translation/content/sets-functions-relations/sets/russells-paradox.tex,23,23,,Latn,jv-Latn-ID,komprehensi / kontradiksi / aksioma,provisional_borrowing,tracked,,,pending_next_accepted_reader_pagination,"For formal written Javanese, is “komprehensi / kontradiksi / aksioma” clear and idiomatic for the constrained sense “comprehension / contradiction / axiom”, or should one of these be preferred: pangumpulan adhedhasar sipat, suwal; postulat?"
JV-T028,terminology_decision,2,OLP-0010,sets-functions-relations/sets/russells-paradox,upstream/content/sets-functions-relations/sets/russells-paradox.tex,24,translation/content/sets-functions-relations/sets/russells-paradox.tex,25,25,,Latn,jv-Latn-ID,komprehensi / kontradiksi / aksioma,provisional_borrowing,tracked,,,pending_next_accepted_reader_pagination,"For formal written Javanese, is “komprehensi / kontradiksi / aksioma” clear and idiomatic for the constrained sense “comprehension / contradiction / axiom”, or should one of these be preferred: pangumpulan adhedhasar sipat, suwal; postulat?"
JV-T028,terminology_decision,3,OLP-0010,sets-functions-relations/sets/russells-paradox,upstream/content/sets-functions-relations/sets/russells-paradox.tex,76,translation/content/sets-functions-relations/sets/russells-paradox.tex,87,87,,Latn,jv-Latn-ID,komprehensi / kontradiksi / aksioma,provisional_borrowing,tracked,,,pending_next_accepted_reader_pagination,"For formal written Javanese, is “komprehensi / kontradiksi / aksioma” clear and idiomatic for the constrained sense “comprehension / contradiction / axiom”, or should one of these be preferred: pangumpulan adhedhasar sipat, suwal; postulat?"
JV-T030,terminology_decision,1,OLP-0015,sets-functions-relations/relations/equivalence-relations,upstream/content/sets-functions-relations/relations/equivalence-relations.tex,11,translation/content/sets-functions-relations/relations/equivalence-relations.tex,11,11,,Latn,jv-Latn-ID,relasi ekuivalensi / kelas ekuivalensi / kuosien / partisi,provisional_borrowing,tracked,,,pending_next_accepted_reader_pagination,"For formal written Javanese, is “relasi ekuivalensi / kelas ekuivalensi / kuosien / partisi” clear and idiomatic for the constrained sense “equivalence relation / class / quotient / partition”, or should one of these be preferred: kelas padha; himpunan bagi; pamerangan?"
JV-T030,terminology_decision,2,OLP-0015,sets-functions-relations/relations/equivalence-relations,upstream/content/sets-functions-relations/relations/equivalence-relations.tex,5,translation/content/sets-functions-relations/relations/equivalence-relations.tex,24,24,,Latn,jv-Latn-ID,relasi ekuivalensi / kelas ekuivalensi / kuosien / partisi,provisional_borrowing,tracked,,,pending_next_accepted_reader_pagination,"For formal written Javanese, is “relasi ekuivalensi / kelas ekuivalensi / kuosien / partisi” clear and idiomatic for the constrained sense “equivalence relation / class / quotient / partition”, or should one of these be preferred: kelas padha; himpunan bagi; pamerangan?"
JV-T030,terminology_decision,3,OLP-0015,sets-functions-relations/relations/equivalence-relations,upstream/content/sets-functions-relations/relations/equivalence-relations.tex,34,translation/content/sets-functions-relations/relations/equivalence-relations.tex,37,37,,Latn,jv-Latn-ID,relasi ekuivalensi / kelas ekuivalensi / kuosien / partisi,provisional_borrowing,tracked,,,pending_next_accepted_reader_pagination,"For formal written Javanese, is “relasi ekuivalensi / kelas ekuivalensi / kuosien / partisi” clear and idiomatic for the constrained sense “equivalence relation / class / quotient / partition”, or should one of these be preferred: kelas padha; himpunan bagi; pamerangan?"
JV-T030,terminology_decision,4,OLP-0015,sets-functions-relations/relations/equivalence-relations,upstream/content/sets-functions-relations/relations/equivalence-relations.tex,25,translation/content/sets-functions-relations/relations/equivalence-relations.tex,26,26,,Latn,jv-Latn-ID,relasi ekuivalensi / kelas ekuivalensi / kuosien / partisi,provisional_borrowing,tracked,,,pending_next_accepted_reader_pagination,"For formal written Javanese, is “relasi ekuivalensi / kelas ekuivalensi / kuosien / partisi” clear and idiomatic for the constrained sense “equivalence relation / class / quotient / partition”, or should one of these be preferred: kelas padha; himpunan bagi; pamerangan?"
JV-T031,terminology_decision,1,OLP-0016,sets-functions-relations/relations/orders,upstream/content/sets-functions-relations/relations/orders.tex,22,translation/content/sets-functions-relations/relations/orders.tex,24,24,,Latn,jv-Latn-ID,pratatanan / tatanan parsial / tatanan total utawa linear,provisional_composition,tracked,,,pending_next_accepted_reader_pagination,"For formal written Javanese, is “pratatanan / tatanan parsial / tatanan total utawa linear” clear and idiomatic for the constrained sense “preorder / partial order / total or linear order”, or should one of these be preferred: praurutan; urutan sebagean; urutan linear?"
JV-T031,terminology_decision,2,OLP-0016,sets-functions-relations/relations/orders,upstream/content/sets-functions-relations/relations/orders.tex,27,translation/content/sets-functions-relations/relations/orders.tex,28,28,,Latn,jv-Latn-ID,pratatanan / tatanan parsial / tatanan total utawa linear,provisional_composition,tracked,,,pending_next_accepted_reader_pagination,"For formal written Javanese, is “pratatanan / tatanan parsial / tatanan total utawa linear” clear and idiomatic for the constrained sense “preorder / partial order / total or linear order”, or should one of these be preferred: praurutan; urutan sebagean; urutan linear?"
JV-T032,terminology_decision,1,OLP-0016,sets-functions-relations/relations/orders,upstream/content/sets-functions-relations/relations/orders.tex,100,translation/content/sets-functions-relations/relations/orders.tex,116,116,,Latn,jv-Latn-ID,tutupan refleksif / ekstensi / perangan wiwitan,provisional_specialization,tracked,,,pending_next_accepted_reader_pagination,"For formal written Javanese, is “tutupan refleksif / ekstensi / perangan wiwitan” clear and idiomatic for the constrained sense “reflexive closure / extension / initial segment”, or should one of these be preferred: panutupan refleksif; perluasan; segmen wiwitan?"
JV-T032,terminology_decision,2,OLP-0016,sets-functions-relations/relations/orders,upstream/content/sets-functions-relations/relations/orders.tex,73,translation/content/sets-functions-relations/relations/orders.tex,83,83,,Latn,jv-Latn-ID,tutupan refleksif / ekstensi / perangan wiwitan,provisional_specialization,tracked,,,pending_next_accepted_reader_pagination,"For formal written Javanese, is “tutupan refleksif / ekstensi / perangan wiwitan” clear and idiomatic for the constrained sense “reflexive closure / extension / initial segment”, or should one of these be preferred: panutupan refleksif; perluasan; segmen wiwitan?"
JV-T032,terminology_decision,3,OLP-0016,sets-functions-relations/relations/orders,upstream/content/sets-functions-relations/relations/orders.tex,77,translation/content/sets-functions-relations/relations/orders.tex,89,89,,Latn,jv-Latn-ID,tutupan refleksif / ekstensi / perangan wiwitan,provisional_specialization,tracked,,,pending_next_accepted_reader_pagination,"For formal written Javanese, is “tutupan refleksif / ekstensi / perangan wiwitan” clear and idiomatic for the constrained sense “reflexive closure / extension / initial segment”, or should one of these be preferred: panutupan refleksif; perluasan; segmen wiwitan?"
JV-T033,terminology_decision,1,OLP-0017,sets-functions-relations/relations/graphs,upstream/content/sets-functions-relations/relations/graphs.tex,3,translation/content/sets-functions-relations/relations/graphs.tex,10,10,,Latn,jv-Latn-ID,graf / graf mawa arah / simpul / rusuk,provisional_borrowing,tracked,,,pending_next_accepted_reader_pagination,"For formal written Javanese, is “graf / graf mawa arah / simpul / rusuk” clear and idiomatic for the constrained sense “graph / directed graph / vertex / edge”, or should one of these be preferred: grafa; titik; sisi?"
JV-T033,terminology_decision,2,OLP-0017,sets-functions-relations/relations/graphs,upstream/content/sets-functions-relations/relations/graphs.tex,21,translation/content/sets-functions-relations/relations/graphs.tex,24,24,,Latn,jv-Latn-ID,graf / graf mawa arah / simpul / rusuk,provisional_borrowing,tracked,,,pending_next_accepted_reader_pagination,"For formal written Javanese, is “graf / graf mawa arah / simpul / rusuk” clear and idiomatic for the constrained sense “graph / directed graph / vertex / edge”, or should one of these be preferred: grafa; titik; sisi?"
JV-T033,terminology_decision,3,OLP-0017,sets-functions-relations/relations/graphs,upstream/content/sets-functions-relations/relations/graphs.tex,13,translation/content/sets-functions-relations/relations/graphs.tex,13,13,,Latn,jv-Latn-ID,graf / graf mawa arah / simpul / rusuk,provisional_borrowing,tracked,,,pending_next_accepted_reader_pagination,"For formal written Javanese, is “graf / graf mawa arah / simpul / rusuk” clear and idiomatic for the constrained sense “graph / directed graph / vertex / edge”, or should one of these be preferred: grafa; titik; sisi?"
JV-T033,terminology_decision,4,OLP-0017,sets-functions-relations/relations/graphs,upstream/content/sets-functions-relations/relations/graphs.tex,13,translation/content/sets-functions-relations/relations/graphs.tex,14,14,,Latn,jv-Latn-ID,graf / graf mawa arah / simpul / rusuk,provisional_borrowing,tracked,,,pending_next_accepted_reader_pagination,"For formal written Javanese, is “graf / graf mawa arah / simpul / rusuk” clear and idiomatic for the constrained sense “graph / directed graph / vertex / edge”, or should one of these be preferred: grafa; titik; sisi?"
JV-T034,terminology_decision,1,OLP-0018,sets-functions-relations/relations/trees,upstream/content/sets-functions-relations/relations/trees.tex,3,translation/content/sets-functions-relations/relations/trees.tex,10,10,,Latn,jv-Latn-ID,wit / oyod / leluhur / anak / induk / pang / subwit,provisional_specialization,tracked,,,pending_next_accepted_reader_pagination,"For formal written Javanese, is “wit / oyod / leluhur / anak / induk / pang / subwit” clear and idiomatic for the constrained sense “tree / root / ancestor / child / parent / branch / subtree”, or should one of these be preferred: uwit; pucuk; turunan; cabang?"
JV-T034,terminology_decision,2,OLP-0018,sets-functions-relations/relations/trees,upstream/content/sets-functions-relations/relations/trees.tex,37,translation/content/sets-functions-relations/relations/trees.tex,39,39,,Latn,jv-Latn-ID,wit / oyod / leluhur / anak / induk / pang / subwit,provisional_specialization,tracked,,,pending_next_accepted_reader_pagination,"For formal written Javanese, is “wit / oyod / leluhur / anak / induk / pang / subwit” clear and idiomatic for the constrained sense “tree / root / ancestor / child / parent / branch / subtree”, or should one of these be preferred: uwit; pucuk; turunan; cabang?"
JV-T034,terminology_decision,3,OLP-0018,sets-functions-relations/relations/trees,upstream/content/sets-functions-relations/relations/trees.tex,40,translation/content/sets-functions-relations/relations/trees.tex,44,44,,Latn,jv-Latn-ID,wit / oyod / leluhur / anak / induk / pang / subwit,provisional_specialization,tracked,,,pending_next_accepted_reader_pagination,"For formal written Javanese, is “wit / oyod / leluhur / anak / induk / pang / subwit” clear and idiomatic for the constrained sense “tree / root / ancestor / child / parent / branch / subtree”, or should one of these be preferred: uwit; pucuk; turunan; cabang?"
JV-T034,terminology_decision,4,OLP-0018,sets-functions-relations/relations/trees,upstream/content/sets-functions-relations/relations/trees.tex,28,translation/content/sets-functions-relations/relations/trees.tex,74,74,,Latn,jv-Latn-ID,wit / oyod / leluhur / anak / induk / pang / subwit,provisional_specialization,tracked,,,pending_next_accepted_reader_pagination,"For formal written Javanese, is “wit / oyod / leluhur / anak / induk / pang / subwit” clear and idiomatic for the constrained sense “tree / root / ancestor / child / parent / branch / subtree”, or should one of these be preferred: uwit; pucuk; turunan; cabang?"
JV-T034,terminology_decision,5,OLP-0018,sets-functions-relations/relations/trees,upstream/content/sets-functions-relations/relations/trees.tex,38,translation/content/sets-functions-relations/relations/trees.tex,40,40,,Latn,jv-Latn-ID,wit / oyod / leluhur / anak / induk / pang / subwit,provisional_specialization,tracked,,,pending_next_accepted_reader_pagination,"For formal written Javanese, is “wit / oyod / leluhur / anak / induk / pang / subwit” clear and idiomatic for the constrained sense “tree / root / ancestor / child / parent / branch / subtree”, or should one of these be preferred: uwit; pucuk; turunan; cabang?"
JV-T034,terminology_decision,6,OLP-0018,sets-functions-relations/relations/trees,upstream/content/sets-functions-relations/relations/trees.tex,87,translation/content/sets-functions-relations/relations/trees.tex,16,16,,Latn,jv-Latn-ID,wit / oyod / leluhur / anak / induk / pang / subwit,provisional_specialization,tracked,,,pending_next_accepted_reader_pagination,"For formal written Javanese, is “wit / oyod / leluhur / anak / induk / pang / subwit” clear and idiomatic for the constrained sense “tree / root / ancestor / child / parent / branch / subtree”, or should one of these be preferred: uwit; pucuk; turunan; cabang?"
JV-T034,terminology_decision,7,OLP-0018,sets-functions-relations/relations/trees,upstream/content/sets-functions-relations/relations/trees.tex,116,translation/content/sets-functions-relations/relations/trees.tex,146,146,,Latn,jv-Latn-ID,wit / oyod / leluhur / anak / induk / pang / subwit,provisional_specialization,tracked,,,pending_next_accepted_reader_pagination,"For formal written Javanese, is “wit / oyod / leluhur / anak / induk / pang / subwit” clear and idiomatic for the constrained sense “tree / root / ancestor / child / parent / branch / subtree”, or should one of these be preferred: uwit; pucuk; turunan; cabang?"
JV-T035,terminology_decision,1,OLP-0018,sets-functions-relations/relations/trees,upstream/content/sets-functions-relations/relations/trees.tex,44,translation/content/sets-functions-relations/relations/trees.tex,49,49,,Latn,jv-Latn-ID,anggota paling cilik / katata kanthi becik / panerus / pandhisik / rantai,provisional_composition,tracked,,,pending_next_accepted_reader_pagination,"For formal written Javanese, is “anggota paling cilik / katata kanthi becik / panerus / pandhisik / rantai” clear and idiomatic for the constrained sense “least element / well-ordered / successor / predecessor / chain”, or should one of these be preferred: unsur minimal; katata apik; sabanjure; sadurunge; rentengan?"
JV-T035,terminology_decision,2,OLP-0018,sets-functions-relations/relations/trees,upstream/content/sets-functions-relations/relations/trees.tex,46,translation/content/sets-functions-relations/relations/trees.tex,53,53,,Latn,jv-Latn-ID,anggota paling cilik / katata kanthi becik / panerus / pandhisik / rantai,provisional_composition,tracked,,,pending_next_accepted_reader_pagination,"For formal written Javanese, is “anggota paling cilik / katata kanthi becik / panerus / pandhisik / rantai” clear and idiomatic for the constrained sense “least element / well-ordered / successor / predecessor / chain”, or should one of these be preferred: unsur minimal; katata apik; sabanjure; sadurunge; rentengan?"
JV-T035,terminology_decision,3,OLP-0018,sets-functions-relations/relations/trees,upstream/content/sets-functions-relations/relations/trees.tex,56,translation/content/sets-functions-relations/relations/trees.tex,67,67,,Latn,jv-Latn-ID,anggota paling cilik / katata kanthi becik / panerus / pandhisik / rantai,provisional_composition,tracked,,,pending_next_accepted_reader_pagination,"For formal written Javanese, is “anggota paling cilik / katata kanthi becik / panerus / pandhisik / rantai” clear and idiomatic for the constrained sense “least element / well-ordered / successor / predecessor / chain”, or should one of these be preferred: unsur minimal; katata apik; sabanjure; sadurunge; rentengan?"
JV-T035,terminology_decision,4,OLP-0018,sets-functions-relations/relations/trees,upstream/content/sets-functions-relations/relations/trees.tex,63,translation/content/sets-functions-relations/relations/trees.tex,76,76,,Latn,jv-Latn-ID,anggota paling cilik / katata kanthi becik / panerus / pandhisik / rantai,provisional_composition,tracked,,,pending_next_accepted_reader_pagination,"For formal written Javanese, is “anggota paling cilik / katata kanthi becik / panerus / pandhisik / rantai” clear and idiomatic for the constrained sense “least element / well-ordered / successor / predecessor / chain”, or should one of these be preferred: unsur minimal; katata apik; sabanjure; sadurunge; rentengan?"
JV-T035,terminology_decision,5,OLP-0018,sets-functions-relations/relations/trees,upstream/content/sets-functions-relations/relations/trees.tex,92,translation/content/sets-functions-relations/relations/trees.tex,111,111,,Latn,jv-Latn-ID,anggota paling cilik / katata kanthi becik / panerus / pandhisik / rantai,provisional_composition,tracked,,,pending_next_accepted_reader_pagination,"For formal written Javanese, is “anggota paling cilik / katata kanthi becik / panerus / pandhisik / rantai” clear and idiomatic for the constrained sense “least element / well-ordered / successor / predecessor / chain”, or should one of these be preferred: unsur minimal; katata apik; sabanjure; sadurunge; rentengan?"
JV-T036,terminology_decision,1,OLP-0019,sets-functions-relations/relations/operations,upstream/content/sets-functions-relations/relations/operations.tex,22,translation/content/sets-functions-relations/relations/operations.tex,24,24,,Latn,jv-Latn-ID,invers / produk relatif / watesan / aplikasi / tutupan transitif,provisional_borrowing,tracked,,,pending_next_accepted_reader_pagination,"For formal written Javanese, is “invers / produk relatif / watesan / aplikasi / tutupan transitif” clear and idiomatic for the constrained sense “inverse / relative product / restriction / application / transitive closure”, or should one of these be preferred: walikan; komposisi relasi; pembatasan; citra; panutupan transitif?"
JV-T036,terminology_decision,2,OLP-0019,sets-functions-relations/relations/operations,upstream/content/sets-functions-relations/relations/operations.tex,25,translation/content/sets-functions-relations/relations/operations.tex,27,27,,Latn,jv-Latn-ID,invers / produk relatif / watesan / aplikasi / tutupan transitif,provisional_borrowing,tracked,,,pending_next_accepted_reader_pagination,"For formal written Javanese, is “invers / produk relatif / watesan / aplikasi / tutupan transitif” clear and idiomatic for the constrained sense “inverse / relative product / restriction / application / transitive closure”, or should one of these be preferred: walikan; komposisi relasi; pembatasan; citra; panutupan transitif?"
JV-T036,terminology_decision,3,OLP-0019,sets-functions-relations/relations/operations,upstream/content/sets-functions-relations/relations/operations.tex,28,translation/content/sets-functions-relations/relations/operations.tex,30,30,,Latn,jv-Latn-ID,invers / produk relatif / watesan / aplikasi / tutupan transitif,provisional_borrowing,tracked,,,pending_next_accepted_reader_pagination,"For formal written Javanese, is “invers / produk relatif / watesan / aplikasi / tutupan transitif” clear and idiomatic for the constrained sense “inverse / relative product / restriction / application / transitive closure”, or should one of these be preferred: walikan; komposisi relasi; pembatasan; citra; panutupan transitif?"
JV-T036,terminology_decision,4,OLP-0019,sets-functions-relations/relations/operations,upstream/content/sets-functions-relations/relations/operations.tex,31,translation/content/sets-functions-relations/relations/operations.tex,33,33,,Latn,jv-Latn-ID,invers / produk relatif / watesan / aplikasi / tutupan transitif,provisional_borrowing,tracked,,,pending_next_accepted_reader_pagination,"For formal written Javanese, is “invers / produk relatif / watesan / aplikasi / tutupan transitif” clear and idiomatic for the constrained sense “inverse / relative product / restriction / application / transitive closure”, or should one of these be preferred: walikan; komposisi relasi; pembatasan; citra; panutupan transitif?"
JV-T036,terminology_decision,5,OLP-0019,sets-functions-relations/relations/operations,upstream/content/sets-functions-relations/relations/operations.tex,50,translation/content/sets-functions-relations/relations/operations.tex,54,54,,Latn,jv-Latn-ID,invers / produk relatif / watesan / aplikasi / tutupan transitif,provisional_borrowing,tracked,,,pending_next_accepted_reader_pagination,"For formal written Javanese, is “invers / produk relatif / watesan / aplikasi / tutupan transitif” clear and idiomatic for the constrained sense “inverse / relative product / restriction / application / transitive closure”, or should one of these be preferred: walikan; komposisi relasi; pembatasan; citra; panutupan transitif?"
JV-T037,terminology_decision,1,OLP-0018,sets-functions-relations/relations/trees,upstream/content/sets-functions-relations/relations/trees.tex,87,translation/content/sets-functions-relations/relations/trees.tex,106,106,,Latn,jv-Latn-ID,winates cacah paneruse ing saben simpul,provisional_descriptive_term,tracked,,,pending_next_accepted_reader_pagination,"For formal written Javanese, is “winates cacah paneruse ing saben simpul” clear and idiomatic for the constrained sense “finitely branching”, or should one of these be preferred: wit kang cabange winates?"
JV-T039,terminology_decision,1,OLP-0021,sets-functions-relations/functions/function-basics,upstream/content/sets-functions-relations/functions/function-basics.tex,1,translation/content/sets-functions-relations/functions/function-basics.tex,13,13,,Latn,jv-Latn-ID,fungsi / pemetaan,provisional_specialization_and_borrowing,tracked,,,pending_next_accepted_reader_pagination,"For formal written Javanese, is “fungsi / pemetaan” clear and idiomatic for the constrained sense “function / mapping”, or should one of these be preferred: paedah; peta?"
JV-T039,terminology_decision,2,OLP-0021,sets-functions-relations/functions/function-basics,upstream/content/sets-functions-relations/functions/function-basics.tex,29,translation/content/sets-functions-relations/functions/function-basics.tex,13,13,,Latn,jv-Latn-ID,fungsi / pemetaan,provisional_specialization_and_borrowing,tracked,,,pending_next_accepted_reader_pagination,"For formal written Javanese, is “fungsi / pemetaan” clear and idiomatic for the constrained sense “function / mapping”, or should one of these be preferred: paedah; peta?"
JV-T040,terminology_decision,1,OLP-0021,sets-functions-relations/functions/function-basics,upstream/content/sets-functions-relations/functions/function-basics.tex,32,translation/content/sets-functions-relations/functions/function-basics.tex,38,38,,Latn,jv-Latn-ID,domain / kodomain / jangkauan / argumen / nilai / masukan / asil,provisional_borrowing_and_specialization,tracked,,,pending_next_accepted_reader_pagination,"For formal written Javanese, is “domain / kodomain / jangkauan / argumen / nilai / masukan / asil” clear and idiomatic for the constrained sense “domain / codomain / range / argument / value / input / output”, or should one of these be preferred: laladan asal; laladan tujuan; hasil; parameter; mlebu; metu?"
JV-T040,terminology_decision,2,OLP-0021,sets-functions-relations/functions/function-basics,upstream/content/sets-functions-relations/functions/function-basics.tex,32,translation/content/sets-functions-relations/functions/function-basics.tex,39,39,,Latn,jv-Latn-ID,domain / kodomain / jangkauan / argumen / nilai / masukan / asil,provisional_borrowing_and_specialization,tracked,,,pending_next_accepted_reader_pagination,"For formal written Javanese, is “domain / kodomain / jangkauan / argumen / nilai / masukan / asil” clear and idiomatic for the constrained sense “domain / codomain / range / argument / value / input / output”, or should one of these be preferred: laladan asal; laladan tujuan; hasil; parameter; mlebu; metu?"
JV-T040,terminology_decision,3,OLP-0021,sets-functions-relations/functions/function-basics,upstream/content/sets-functions-relations/functions/function-basics.tex,38,translation/content/sets-functions-relations/functions/function-basics.tex,46,46,,Latn,jv-Latn-ID,domain / kodomain / jangkauan / argumen / nilai / masukan / asil,provisional_borrowing_and_specialization,tracked,,,pending_next_accepted_reader_pagination,"For formal written Javanese, is “domain / kodomain / jangkauan / argumen / nilai / masukan / asil” clear and idiomatic for the constrained sense “domain / codomain / range / argument / value / input / output”, or should one of these be preferred: laladan asal; laladan tujuan; hasil; parameter; mlebu; metu?"
JV-T040,terminology_decision,4,OLP-0021,sets-functions-relations/functions/function-basics,upstream/content/sets-functions-relations/functions/function-basics.tex,33,translation/content/sets-functions-relations/functions/function-basics.tex,41,41,,Latn,jv-Latn-ID,domain / kodomain / jangkauan / argumen / nilai / masukan / asil,provisional_borrowing_and_specialization,tracked,,,pending_next_accepted_reader_pagination,"For formal written Javanese, is “domain / kodomain / jangkauan / argumen / nilai / masukan / asil” clear and idiomatic for the constrained sense “domain / codomain / range / argument / value / input / output”, or should one of these be preferred: laladan asal; laladan tujuan; hasil; parameter; mlebu; metu?"
JV-T040,terminology_decision,5,OLP-0021,sets-functions-relations/functions/function-basics,upstream/content/sets-functions-relations/functions/function-basics.tex,35,translation/content/sets-functions-relations/functions/function-basics.tex,43,43,,Latn,jv-Latn-ID,domain / kodomain / jangkauan / argumen / nilai / masukan / asil,provisional_borrowing_and_specialization,tracked,,,pending_next_accepted_reader_pagination,"For formal written Javanese, is “domain / kodomain / jangkauan / argumen / nilai / masukan / asil” clear and idiomatic for the constrained sense “domain / codomain / range / argument / value / input / output”, or should one of these be preferred: laladan asal; laladan tujuan; hasil; parameter; mlebu; metu?"
JV-T040,terminology_decision,6,OLP-0021,sets-functions-relations/functions/function-basics,upstream/content/sets-functions-relations/functions/function-basics.tex,18,translation/content/sets-functions-relations/functions/function-basics.tex,21,21,,Latn,jv-Latn-ID,domain / kodomain / jangkauan / argumen / nilai / masukan / asil,provisional_borrowing_and_specialization,tracked,,,pending_next_accepted_reader_pagination,"For formal written Javanese, is “domain / kodomain / jangkauan / argumen / nilai / masukan / asil” clear and idiomatic for the constrained sense “domain / codomain / range / argument / value / input / output”, or should one of these be preferred: laladan asal; laladan tujuan; hasil; parameter; mlebu; metu?"
JV-T040,terminology_decision,7,OLP-0021,sets-functions-relations/functions/function-basics,upstream/content/sets-functions-relations/functions/function-basics.tex,19,translation/content/sets-functions-relations/functions/function-basics.tex,22,22,,Latn,jv-Latn-ID,domain / kodomain / jangkauan / argumen / nilai / masukan / asil,provisional_borrowing_and_specialization,tracked,,,pending_next_accepted_reader_pagination,"For formal written Javanese, is “domain / kodomain / jangkauan / argumen / nilai / masukan / asil” clear and idiomatic for the constrained sense “domain / codomain / range / argument / value / input / output”, or should one of these be preferred: laladan asal; laladan tujuan; hasil; parameter; mlebu; metu?"
JV-T042,terminology_decision,1,OLP-0023,sets-functions-relations/functions/functions-relations,upstream/content/sets-functions-relations/functions/functions-relations.tex,39,translation/content/sets-functions-relations/functions/functions-relations.tex,24,24,,Latn,jv-Latn-ID,graf fungsi; fungsional; citra,provisional_specialization,tracked,,,pending_next_accepted_reader_pagination,"For formal written Javanese, is “graf fungsi; fungsional; citra” clear and idiomatic for the constrained sense “function graph; functional; image”, or should one of these be preferred: relasi fungsi; functional; gambar?"
JV-T042,terminology_decision,2,OLP-0023,sets-functions-relations/functions/functions-relations,upstream/content/sets-functions-relations/functions/functions-relations.tex,78,translation/content/sets-functions-relations/functions/functions-relations.tex,39,39,,Latn,jv-Latn-ID,graf fungsi; fungsional; citra,provisional_specialization,tracked,,,pending_next_accepted_reader_pagination,"For formal written Javanese, is “graf fungsi; fungsional; citra” clear and idiomatic for the constrained sense “function graph; functional; image”, or should one of these be preferred: relasi fungsi; functional; gambar?"
JV-T042,terminology_decision,3,OLP-0023,sets-functions-relations/functions/functions-relations,upstream/content/sets-functions-relations/functions/functions-relations.tex,78,translation/content/sets-functions-relations/functions/functions-relations.tex,90,90,,Latn,jv-Latn-ID,graf fungsi; fungsional; citra,provisional_specialization,tracked,,,pending_next_accepted_reader_pagination,"For formal written Javanese, is “graf fungsi; fungsional; citra” clear and idiomatic for the constrained sense “function graph; functional; image”, or should one of these be preferred: relasi fungsi; functional; gambar?"
JV-T043,terminology_decision,1,OLP-0024,sets-functions-relations/functions/inverses,upstream/content/sets-functions-relations/functions/inverses.tex,3,translation/content/sets-functions-relations/functions/inverses.tex,3,3,,Latn,jv-Latn-ID,invers; invers kiwa; invers tengen; komposisi,provisional_borrowing_and_calque,tracked,,,pending_next_accepted_reader_pagination,"For formal written Javanese, is “invers; invers kiwa; invers tengen; komposisi” clear and idiomatic for the constrained sense “inverse; left inverse; right inverse; composition”, or should one of these be preferred: walikan kiwa; walikan tengen; rangkepan?"
JV-T043,terminology_decision,2,OLP-0024,sets-functions-relations/functions/inverses,upstream/content/sets-functions-relations/functions/inverses.tex,57,translation/content/sets-functions-relations/functions/inverses.tex,57,57,,Latn,jv-Latn-ID,invers; invers kiwa; invers tengen; komposisi,provisional_borrowing_and_calque,tracked,,,pending_next_accepted_reader_pagination,"For formal written Javanese, is “invers; invers kiwa; invers tengen; komposisi” clear and idiomatic for the constrained sense “inverse; left inverse; right inverse; composition”, or should one of these be preferred: walikan kiwa; walikan tengen; rangkepan?"
JV-T043,terminology_decision,3,OLP-0024,sets-functions-relations/functions/inverses,upstream/content/sets-functions-relations/functions/inverses.tex,59,translation/content/sets-functions-relations/functions/inverses.tex,59,59,,Latn,jv-Latn-ID,invers; invers kiwa; invers tengen; komposisi,provisional_borrowing_and_calque,tracked,,,pending_next_accepted_reader_pagination,"For formal written Javanese, is “invers; invers kiwa; invers tengen; komposisi” clear and idiomatic for the constrained sense “inverse; left inverse; right inverse; composition”, or should one of these be preferred: walikan kiwa; walikan tengen; rangkepan?"
JV-T043,terminology_decision,4,OLP-0025,sets-functions-relations/functions/composition,upstream/content/sets-functions-relations/functions/composition.tex,3,translation/content/sets-functions-relations/functions/composition.tex,10,10,,Latn,jv-Latn-ID,invers; invers kiwa; invers tengen; komposisi,provisional_borrowing_and_calque,tracked,,,pending_next_accepted_reader_pagination,"For formal written Javanese, is “invers; invers kiwa; invers tengen; komposisi” clear and idiomatic for the constrained sense “inverse; left inverse; right inverse; composition”, or should one of these be preferred: walikan kiwa; walikan tengen; rangkepan?"
JV-T044,terminology_decision,1,OLP-0026,sets-functions-relations/functions/partial-functions,upstream/content/sets-functions-relations/functions/partial-functions.tex,12,translation/content/sets-functions-relations/functions/partial-functions.tex,12,12,,Latn,jv-Latn-ID,fungsi parsial; total; ditetepake; ora ditetepake; serial,provisional_borrowing_and_specialization,tracked,,,pending_next_accepted_reader_pagination,"For formal written Javanese, is “fungsi parsial; total; ditetepake; ora ditetepake; serial” clear and idiomatic for the constrained sense “partial function; total; defined; undefined; serial”, or should one of these be preferred: fungsi sebagian; sakabehe; ana nilaine?"
JV-T044,terminology_decision,2,OLP-0026,sets-functions-relations/functions/partial-functions,upstream/content/sets-functions-relations/functions/partial-functions.tex,33,translation/content/sets-functions-relations/functions/partial-functions.tex,33,33,,Latn,jv-Latn-ID,fungsi parsial; total; ditetepake; ora ditetepake; serial,provisional_borrowing_and_specialization,tracked,,,pending_next_accepted_reader_pagination,"For formal written Javanese, is “fungsi parsial; total; ditetepake; ora ditetepake; serial” clear and idiomatic for the constrained sense “partial function; total; defined; undefined; serial”, or should one of these be preferred: fungsi sebagian; sakabehe; ana nilaine?"
JV-T044,terminology_decision,3,OLP-0026,sets-functions-relations/functions/partial-functions,upstream/content/sets-functions-relations/functions/partial-functions.tex,16,translation/content/sets-functions-relations/functions/partial-functions.tex,16,16,,Latn,jv-Latn-ID,fungsi parsial; total; ditetepake; ora ditetepake; serial,provisional_borrowing_and_specialization,tracked,,,pending_next_accepted_reader_pagination,"For formal written Javanese, is “fungsi parsial; total; ditetepake; ora ditetepake; serial” clear and idiomatic for the constrained sense “partial function; total; defined; undefined; serial”, or should one of these be preferred: fungsi sebagian; sakabehe; ana nilaine?"
JV-T044,terminology_decision,4,OLP-0026,sets-functions-relations/functions/partial-functions,upstream/content/sets-functions-relations/functions/partial-functions.tex,24,translation/content/sets-functions-relations/functions/partial-functions.tex,24,24,,Latn,jv-Latn-ID,fungsi parsial; total; ditetepake; ora ditetepake; serial,provisional_borrowing_and_specialization,tracked,,,pending_next_accepted_reader_pagination,"For formal written Javanese, is “fungsi parsial; total; ditetepake; ora ditetepake; serial” clear and idiomatic for the constrained sense “partial function; total; defined; undefined; serial”, or should one of these be preferred: fungsi sebagian; sakabehe; ana nilaine?"
JV-T044,terminology_decision,5,OLP-0026,sets-functions-relations/functions/partial-functions,upstream/content/sets-functions-relations/functions/partial-functions.tex,63,translation/content/sets-functions-relations/functions/partial-functions.tex,62,62,,Latn,jv-Latn-ID,fungsi parsial; total; ditetepake; ora ditetepake; serial,provisional_borrowing_and_specialization,tracked,,,pending_next_accepted_reader_pagination,"For formal written Javanese, is “fungsi parsial; total; ditetepake; ora ditetepake; serial” clear and idiomatic for the constrained sense “partial function; total; defined; undefined; serial”, or should one of these be preferred: fungsi sebagian; sakabehe; ana nilaine?"
JV-T045,terminology_decision,1,OLP-0007,sets-functions-relations/sets/important-sets,upstream/content/sets-functions-relations/sets/important-sets.tex,18,translation/content/sets-functions-relations/sets/important-sets.tex,18,18,,Latn,jv-Latn-ID,wilangan; cacah; jinis,attested_general_lexemes,tracked,,,pending_next_accepted_reader_pagination,"For formal written Javanese, is “wilangan; cacah; jinis” clear and idiomatic for the constrained sense “number; count; kind”, or should one of these be preferred: nomer; jumlah; kategori?"
JV-T045,terminology_decision,2,OLP-0007,sets-functions-relations/sets/important-sets,upstream/content/sets-functions-relations/size-of-sets/enumerability.tex,37,translation/content/sets-functions-relations/sets/important-sets.tex,27,27,,Latn,jv-Latn-ID,wilangan; cacah; jinis,attested_general_lexemes,tracked,,,pending_next_accepted_reader_pagination,"For formal written Javanese, is “wilangan; cacah; jinis” clear and idiomatic for the constrained sense “number; count; kind”, or should one of these be preferred: nomer; jumlah; kategori?"
JV-T046,terminology_decision,1,OLP-0021,sets-functions-relations/functions/function-basics,upstream/content/sets-functions-relations/functions/function-basics.tex,20,translation/content/sets-functions-relations/functions/function-basics.tex,24,24,,Latn,jv-Latn-ID,ping-pingan; paran; gunggung,attested_arithmetic_lexemes,tracked,,,pending_next_accepted_reader_pagination,"For formal written Javanese, is “ping-pingan; paran; gunggung” clear and idiomatic for the constrained sense “multiplication; division; numerical sum”, or should one of these be preferred: perkalian; pambagian; jumlah?"
JV-T046,terminology_decision,2,OLP-0031,sets-functions-relations/size-of-sets/pairing,upstream/content/sets-functions-relations/functions/function-basics.tex,20,translation/content/sets-functions-relations/size-of-sets/pairing.tex,34,34,,Latn,jv-Latn-ID,ping-pingan; paran; gunggung,attested_arithmetic_lexemes,tracked,,,pending_next_accepted_reader_pagination,"For formal written Javanese, is “ping-pingan; paran; gunggung” clear and idiomatic for the constrained sense “multiplication; division; numerical sum”, or should one of these be preferred: perkalian; pambagian; jumlah?"
JV-T047,terminology_decision,1,OLP-0032,sets-functions-relations/size-of-sets/pairing-alt,,,translation/content/sets-functions-relations/size-of-sets/pairing-alt.tex,78,78,,Latn,jv-Latn-ID,rambang (numerical alternative); himpunan pangkat (retained); technical term undecided,mixed_attestation_with_scope_limits,tracked,,,pending_next_accepted_reader_pagination,"For formal written Javanese, is “rambang (numerical alternative); himpunan pangkat (retained); technical term undecided” clear and idiomatic for the constrained sense “numerical power; power set; algebraic or logical term”, or should one of these be preferred: pangkat; power set; suku?"
JV-T048,terminology_decision,1,OLP-0029,sets-functions-relations/size-of-sets/enumerability,upstream/content/sets-functions-relations/size-of-sets/enumerability.tex,3,translation/content/sets-functions-relations/size-of-sets/enumerability.tex,11,11,,Latn,jv-Latn-ID,"enumerasi; bisa didhaptar; enumerabilitas; bisa dietung (countable sense, source-defined)",provisional_borrowing_and_descriptive_rendering,tracked,,,pending_next_accepted_reader_pagination,"For formal written Javanese, is “enumerasi; bisa didhaptar; enumerabilitas; bisa dietung (countable sense, source-defined)” clear and idiomatic for the constrained sense “enumeration; enumerable; enumerability; countability”, or should one of these be preferred: pendhaptaran; bisa kaetung; kacacah?"
JV-T048,terminology_decision,2,OLP-0029,sets-functions-relations/size-of-sets/enumerability,upstream/content/sets-functions-relations/size-of-sets/enumerability.tex,11,translation/content/sets-functions-relations/size-of-sets/enumerability.tex,63,63,,Latn,jv-Latn-ID,"enumerasi; bisa didhaptar; enumerabilitas; bisa dietung (countable sense, source-defined)",provisional_borrowing_and_descriptive_rendering,tracked,,,pending_next_accepted_reader_pagination,"For formal written Javanese, is “enumerasi; bisa didhaptar; enumerabilitas; bisa dietung (countable sense, source-defined)” clear and idiomatic for the constrained sense “enumeration; enumerable; enumerability; countability”, or should one of these be preferred: pendhaptaran; bisa kaetung; kacacah?"
JV-T049,terminology_decision,1,OLP-0038,sets-functions-relations/size-of-sets/enumerability-alt,,,translation/content/sets-functions-relations/size-of-sets/enumerability-alt.tex,101,101,,Latn,jv-Latn-ID,fungsi pambunderan munggah,provisional_descriptive_rendering,tracked,,,pending_next_accepted_reader_pagination,"For formal written Javanese, is “fungsi pambunderan munggah” clear and idiomatic for the constrained sense “ceiling function”, or should one of these be preferred: fungsi plafon, ceiling?"
JV-T050,terminology_decision,1,OLP-0031,sets-functions-relations/size-of-sets/pairing,upstream/content/sets-functions-relations/size-of-sets/pairing.tex,10,translation/content/sets-functions-relations/size-of-sets/pairing.tex,10,10,,Latn,jv-Latn-ID,fungsi pasangan; ngodeake; kode; ngudhari kode,provisional_borrowing_and_specialization,tracked,,,pending_next_accepted_reader_pagination,"For formal written Javanese, is “fungsi pasangan; ngodeake; kode; ngudhari kode” clear and idiomatic for the constrained sense “pairing function; encode; code; decode”, or should one of these be preferred: fungsi masangake; enkode; sandhi; dekode?"
JV-T050,terminology_decision,2,OLP-0031,sets-functions-relations/size-of-sets/pairing,upstream/content/sets-functions-relations/size-of-sets/pairing.tex,54,translation/content/sets-functions-relations/size-of-sets/pairing.tex,54,54,,Latn,jv-Latn-ID,fungsi pasangan; ngodeake; kode; ngudhari kode,provisional_borrowing_and_specialization,tracked,,,pending_next_accepted_reader_pagination,"For formal written Javanese, is “fungsi pasangan; ngodeake; kode; ngudhari kode” clear and idiomatic for the constrained sense “pairing function; encode; code; decode”, or should one of these be preferred: fungsi masangake; enkode; sandhi; dekode?"
JV-T050,terminology_decision,3,OLP-0031,sets-functions-relations/size-of-sets/pairing,upstream/content/sets-functions-relations/size-of-sets/pairing.tex,10,translation/content/sets-functions-relations/size-of-sets/pairing.tex,10,10,,Latn,jv-Latn-ID,fungsi pasangan; ngodeake; kode; ngudhari kode,provisional_borrowing_and_specialization,tracked,,,pending_next_accepted_reader_pagination,"For formal written Javanese, is “fungsi pasangan; ngodeake; kode; ngudhari kode” clear and idiomatic for the constrained sense “pairing function; encode; code; decode”, or should one of these be preferred: fungsi masangake; enkode; sandhi; dekode?"
JV-T050,terminology_decision,4,OLP-0031,sets-functions-relations/size-of-sets/pairing,upstream/content/sets-functions-relations/size-of-sets/pairing.tex,62,translation/content/sets-functions-relations/size-of-sets/pairing.tex,62,62,,Latn,jv-Latn-ID,fungsi pasangan; ngodeake; kode; ngudhari kode,provisional_borrowing_and_specialization,tracked,,,pending_next_accepted_reader_pagination,"For formal written Javanese, is “fungsi pasangan; ngodeake; kode; ngudhari kode” clear and idiomatic for the constrained sense “pairing function; encode; code; decode”, or should one of these be preferred: fungsi masangake; enkode; sandhi; dekode?"
JV-T051,terminology_decision,1,OLP-0031,sets-functions-relations/size-of-sets/pairing,upstream/content/sets-functions-relations/size-of-sets/pairing.tex,92,translation/content/sets-functions-relations/size-of-sets/pairing.tex,92,92,,Latn,jv-Latn-ID,kowinates; komplemen,provisional_coinage_and_borrowing,tracked,,,pending_next_accepted_reader_pagination,"For formal written Javanese, is “kowinates; komplemen” clear and idiomatic for the constrained sense “cofinite; complement”, or should one of these be preferred: komplemen winates, cofinite?"
JV-T051,terminology_decision,2,OLP-0031,sets-functions-relations/size-of-sets/pairing,upstream/content/sets-functions-relations/size-of-sets/pairing.tex,93,translation/content/sets-functions-relations/size-of-sets/pairing.tex,93,93,,Latn,jv-Latn-ID,kowinates; komplemen,provisional_coinage_and_borrowing,tracked,,,pending_next_accepted_reader_pagination,"For formal written Javanese, is “kowinates; komplemen” clear and idiomatic for the constrained sense “cofinite; complement”, or should one of these be preferred: komplemen winates, cofinite?"
JV-T052,terminology_decision,1,OLP-0030,sets-functions-relations/size-of-sets/zig-zag,upstream/content/sets-functions-relations/size-of-sets/zig-zag.tex,21,translation/content/sets-functions-relations/size-of-sets/zig-zag.tex,21,21,,Latn,jv-Latn-ID,larikan rong dimensi; baris; kolom; wilangan segitiga; rambang,mixed_provisional_and_attested,tracked,,,pending_next_accepted_reader_pagination,"For formal written Javanese, is “larikan rong dimensi; baris; kolom; wilangan segitiga; rambang” clear and idiomatic for the constrained sense “array; row; column; triangular number; numerical power”, or should one of these be preferred: tabel rong dimensi; lajur; angka segitiga; pangkat?"
JV-T052,terminology_decision,2,OLP-0030,sets-functions-relations/size-of-sets/zig-zag,upstream/content/sets-functions-relations/size-of-sets/zig-zag.tex,39,translation/content/sets-functions-relations/size-of-sets/zig-zag.tex,39,39,,Latn,jv-Latn-ID,larikan rong dimensi; baris; kolom; wilangan segitiga; rambang,mixed_provisional_and_attested,tracked,,,pending_next_accepted_reader_pagination,"For formal written Javanese, is “larikan rong dimensi; baris; kolom; wilangan segitiga; rambang” clear and idiomatic for the constrained sense “array; row; column; triangular number; numerical power”, or should one of these be preferred: tabel rong dimensi; lajur; angka segitiga; pangkat?"
JV-T052,terminology_decision,3,OLP-0030,sets-functions-relations/size-of-sets/zig-zag,upstream/content/sets-functions-relations/size-of-sets/zig-zag.tex,39,translation/content/sets-functions-relations/size-of-sets/zig-zag.tex,39,39,,Latn,jv-Latn-ID,larikan rong dimensi; baris; kolom; wilangan segitiga; rambang,mixed_provisional_and_attested,tracked,,,pending_next_accepted_reader_pagination,"For formal written Javanese, is “larikan rong dimensi; baris; kolom; wilangan segitiga; rambang” clear and idiomatic for the constrained sense “array; row; column; triangular number; numerical power”, or should one of these be preferred: tabel rong dimensi; lajur; angka segitiga; pangkat?"
JV-T052,terminology_decision,4,OLP-0031,sets-functions-relations/size-of-sets/pairing,upstream/content/sets-functions-relations/size-of-sets/pairing.tex,32,translation/content/sets-functions-relations/size-of-sets/pairing.tex,32,32,,Latn,jv-Latn-ID,larikan rong dimensi; baris; kolom; wilangan segitiga; rambang,mixed_provisional_and_attested,tracked,,,pending_next_accepted_reader_pagination,"For formal written Javanese, is “larikan rong dimensi; baris; kolom; wilangan segitiga; rambang” clear and idiomatic for the constrained sense “array; row; column; triangular number; numerical power”, or should one of these be preferred: tabel rong dimensi; lajur; angka segitiga; pangkat?"
JV-T052,terminology_decision,5,OLP-0032,sets-functions-relations/size-of-sets/pairing-alt,upstream/content/sets-functions-relations/size-of-sets/pairing.tex,32,translation/content/sets-functions-relations/size-of-sets/pairing-alt.tex,78,78,,Latn,jv-Latn-ID,larikan rong dimensi; baris; kolom; wilangan segitiga; rambang,mixed_provisional_and_attested,tracked,,,pending_next_accepted_reader_pagination,"For formal written Javanese, is “larikan rong dimensi; baris; kolom; wilangan segitiga; rambang” clear and idiomatic for the constrained sense “array; row; column; triangular number; numerical power”, or should one of these be preferred: tabel rong dimensi; lajur; angka segitiga; pangkat?"
JV-T053,terminology_decision,1,OLP-0031,sets-functions-relations/size-of-sets/pairing,upstream/content/sets-functions-relations/size-of-sets/pairing.tex,80,translation/content/sets-functions-relations/size-of-sets/pairing.tex,80,80,,Latn,jv-Latn-ID,tabel kabeneran; fungsi kabeneran,provisional_specialization,tracked,,,pending_next_accepted_reader_pagination,"For formal written Javanese, is “tabel kabeneran; fungsi kabeneran” clear and idiomatic for the constrained sense “truth table; truth function”, or should one of these be preferred: tabel bener-salah, fungsi nilai kabeneran?"
JV-T053,terminology_decision,2,OLP-0031,sets-functions-relations/size-of-sets/pairing,upstream/content/sets-functions-relations/size-of-sets/pairing.tex,81,translation/content/sets-functions-relations/size-of-sets/pairing.tex,81,81,,Latn,jv-Latn-ID,tabel kabeneran; fungsi kabeneran,provisional_specialization,tracked,,,pending_next_accepted_reader_pagination,"For formal written Javanese, is “tabel kabeneran; fungsi kabeneran” clear and idiomatic for the constrained sense “truth table; truth function”, or should one of these be preferred: tabel bener-salah, fungsi nilai kabeneran?"
JV-T054,terminology_decision,1,OLP-0033,sets-functions-relations/size-of-sets/non-enumerability,upstream/content/sets-functions-relations/size-of-sets/non-enumerability.tex,39,translation/content/sets-functions-relations/size-of-sets/non-enumerability.tex,15,15,,Latn,jv-Latn-ID,ora bisa didhaptar; metodhe diagonal; diagonalisasi,provisional_descriptive_rendering_and_borrowing,tracked,,,pending_next_accepted_reader_pagination,"For formal written Javanese, is “ora bisa didhaptar; metodhe diagonal; diagonalisasi” clear and idiomatic for the constrained sense “non-enumerable; diagonal method; diagonalization”, or should one of these be preferred: ora kaetung; cara diagonal?"
JV-T054,terminology_decision,2,OLP-0033,sets-functions-relations/size-of-sets/non-enumerability,upstream/content/sets-functions-relations/size-of-sets/non-enumerability.tex,140,translation/content/sets-functions-relations/size-of-sets/non-enumerability.tex,39,39,,Latn,jv-Latn-ID,ora bisa didhaptar; metodhe diagonal; diagonalisasi,provisional_descriptive_rendering_and_borrowing,tracked,,,pending_next_accepted_reader_pagination,"For formal written Javanese, is “ora bisa didhaptar; metodhe diagonal; diagonalisasi” clear and idiomatic for the constrained sense “non-enumerable; diagonal method; diagonalization”, or should one of these be preferred: ora kaetung; cara diagonal?"
JV-T054,terminology_decision,3,OLP-0033,sets-functions-relations/size-of-sets/non-enumerability,upstream/content/sets-functions-relations/size-of-sets/non-enumerability.tex,140,translation/content/sets-functions-relations/size-of-sets/non-enumerability.tex,141,141,,Latn,jv-Latn-ID,ora bisa didhaptar; metodhe diagonal; diagonalisasi,provisional_descriptive_rendering_and_borrowing,tracked,,,pending_next_accepted_reader_pagination,"For formal written Javanese, is “ora bisa didhaptar; metodhe diagonal; diagonalisasi” clear and idiomatic for the constrained sense “non-enumerable; diagonal method; diagonalization”, or should one of these be preferred: ora kaetung; cara diagonal?"
JV-T055,terminology_decision,1,OLP-0034,sets-functions-relations/size-of-sets/reduction,upstream/content/sets-functions-relations/size-of-sets/reduction.tex,3,translation/content/sets-functions-relations/size-of-sets/reduction.tex,11,11,,Latn,jv-Latn-ID,reduksi; ngreduksi,provisional_borrowing,tracked,,,pending_next_accepted_reader_pagination,"For formal written Javanese, is “reduksi; ngreduksi” clear and idiomatic for the constrained sense “reduction; reduce”, or should one of these be preferred: pangurangan; nyuda?"
JV-T055,terminology_decision,2,OLP-0034,sets-functions-relations/size-of-sets/reduction,upstream/content/sets-functions-relations/size-of-sets/reduction.tex,27,translation/content/sets-functions-relations/size-of-sets/reduction.tex,27,27,,Latn,jv-Latn-ID,reduksi; ngreduksi,provisional_borrowing,tracked,,,pending_next_accepted_reader_pagination,"For formal written Javanese, is “reduksi; ngreduksi” clear and idiomatic for the constrained sense “reduction; reduce”, or should one of these be preferred: pangurangan; nyuda?"
JV-T056,terminology_decision,1,OLP-0035,sets-functions-relations/size-of-sets/equinumerous-sets,upstream/content/sets-functions-relations/size-of-sets/equinumerous-sets.tex,3,translation/content/sets-functions-relations/size-of-sets/equinumerous-sets.tex,11,11,,Latn,jv-Latn-ID,padha cacahe; gedhene himpunan; ora luwih gedhe tinimbang; luwih cilik tinimbang,provisional_formal_specialization,tracked,,,pending_next_accepted_reader_pagination,"For formal written Javanese, is “padha cacahe; gedhene himpunan; ora luwih gedhe tinimbang; luwih cilik tinimbang” clear and idiomatic for the constrained sense “equinumerous; equinumerosity; cardinal size comparison”, or should one of these be preferred: ekuinumerus; padha gedhene; kardinalitas?"
JV-T056,terminology_decision,2,OLP-0036,sets-functions-relations/size-of-sets/comparing-size,upstream/content/sets-functions-relations/size-of-sets/equinumerous-sets.tex,11,translation/content/sets-functions-relations/size-of-sets/comparing-size.tex,20,20,,Latn,jv-Latn-ID,padha cacahe; gedhene himpunan; ora luwih gedhe tinimbang; luwih cilik tinimbang,provisional_formal_specialization,tracked,,,pending_next_accepted_reader_pagination,"For formal written Javanese, is “padha cacahe; gedhene himpunan; ora luwih gedhe tinimbang; luwih cilik tinimbang” clear and idiomatic for the constrained sense “equinumerous; equinumerosity; cardinal size comparison”, or should one of these be preferred: ekuinumerus; padha gedhene; kardinalitas?"
JV-T056,terminology_decision,3,OLP-0036,sets-functions-relations/size-of-sets/comparing-size,upstream/content/sets-functions-relations/size-of-sets/equinumerous-sets.tex,11,translation/content/sets-functions-relations/size-of-sets/comparing-size.tex,28,28,,Latn,jv-Latn-ID,padha cacahe; gedhene himpunan; ora luwih gedhe tinimbang; luwih cilik tinimbang,provisional_formal_specialization,tracked,,,pending_next_accepted_reader_pagination,"For formal written Javanese, is “padha cacahe; gedhene himpunan; ora luwih gedhe tinimbang; luwih cilik tinimbang” clear and idiomatic for the constrained sense “equinumerous; equinumerosity; cardinal size comparison”, or should one of these be preferred: ekuinumerus; padha gedhene; kardinalitas?"
JV-T056,terminology_decision,4,OLP-0036,sets-functions-relations/size-of-sets/comparing-size,upstream/content/sets-functions-relations/size-of-sets/equinumerous-sets.tex,11,translation/content/sets-functions-relations/size-of-sets/comparing-size.tex,16,16,,Latn,jv-Latn-ID,padha cacahe; gedhene himpunan; ora luwih gedhe tinimbang; luwih cilik tinimbang,provisional_formal_specialization,tracked,,,pending_next_accepted_reader_pagination,"For formal written Javanese, is “padha cacahe; gedhene himpunan; ora luwih gedhe tinimbang; luwih cilik tinimbang” clear and idiomatic for the constrained sense “equinumerous; equinumerosity; cardinal size comparison”, or should one of these be preferred: ekuinumerus; padha gedhene; kardinalitas?"
JV-T057,terminology_decision,1,OLP-0024,sets-functions-relations/functions/inverses,,,translation/content/sets-functions-relations/functions/inverses.tex,63,63,,Latn,jv-Latn-ID,A ora kosong; oyod kuadrat utama kang ora negatif; x ajeg; relasi antarane A lan B kang kaemot ing A×B; watesan fungsi mung ing koordinat masukan,confirmed_source_corrections,tracked,,,pending_next_accepted_reader_pagination,"For formal written Javanese, is “A ora kosong; oyod kuadrat utama kang ora negatif; x ajeg; relasi antarane A lan B kang kaemot ing A×B; watesan fungsi mung ing koordinat masukan” clear and idiomatic for the constrained sense “source repairs in Functions: left inverse, principal square root, input variable, graph relation, function restriction”, or should one of these be preferred: retain literal source defect plus errata-only note, silent correction?"
JV-T057,terminology_decision,2,OLP-0021,sets-functions-relations/functions/function-basics,,,translation/content/sets-functions-relations/functions/function-basics.tex,88,88,,Latn,jv-Latn-ID,A ora kosong; oyod kuadrat utama kang ora negatif; x ajeg; relasi antarane A lan B kang kaemot ing A×B; watesan fungsi mung ing koordinat masukan,confirmed_source_corrections,tracked,,,pending_next_accepted_reader_pagination,"For formal written Javanese, is “A ora kosong; oyod kuadrat utama kang ora negatif; x ajeg; relasi antarane A lan B kang kaemot ing A×B; watesan fungsi mung ing koordinat masukan” clear and idiomatic for the constrained sense “source repairs in Functions: left inverse, principal square root, input variable, graph relation, function restriction”, or should one of these be preferred: retain literal source defect plus errata-only note, silent correction?"
JV-T058,terminology_decision,1,OLP-0041,sets-functions-relations/arithmetization/arithmetization,upstream/content/sets-functions-relations/arithmetization/arithmetization.tex,2,translation/content/sets-functions-relations/arithmetization/arithmetization.tex,8,8,,Latn,jv-Latn-ID,aritmetisasi,provisional_borrowing,tracked,,,pending_next_accepted_reader_pagination,"For formal written Javanese, is “aritmetisasi” clear and idiomatic for the constrained sense “arithmetization”, or should one of these be preferred: pambangunan aritmetika, arithmetization?"
JV-T060,terminology_decision,1,OLP-0044,sets-functions-relations/arithmetization/reals,upstream/content/sets-functions-relations/arithmetization/reals.tex,22,translation/content/sets-functions-relations/arithmetization/reals.tex,22,22,,Latn,jv-Latn-ID,wilangan irasional,provisional_borrowing,tracked,,,pending_next_accepted_reader_pagination,"For formal written Javanese, is “wilangan irasional” clear and idiomatic for the constrained sense “irrational number”, or should one of these be preferred: wilangan dudu rasional, wilangan ora rasional?"
JV-T061,terminology_decision,1,OLP-0044,sets-functions-relations/arithmetization/reals,upstream/content/sets-functions-relations/arithmetization/reals.tex,17,translation/content/sets-functions-relations/arithmetization/reals.tex,17,17,,Latn,jv-Latn-ID,lapangan katata,provisional_technical_compound,tracked,,,pending_next_accepted_reader_pagination,"For formal written Javanese, is “lapangan katata” clear and idiomatic for the constrained sense “ordered field”, or should one of these be preferred: medan katata, lapangan berurutan?"
JV-T062,terminology_decision,1,OLP-0044,sets-functions-relations/arithmetization/reals,upstream/content/sets-functions-relations/arithmetization/reals.tex,74,translation/content/sets-functions-relations/arithmetization/reals.tex,80,80,,Latn,jv-Latn-ID,Sipat Kajangkepan; wates ndhuwur; wates ngisor; wates ndhuwur paling cilik; wates ngisor paling gedhe,provisional_descriptive_rendering,tracked,,,pending_next_accepted_reader_pagination,"For formal written Javanese, is “Sipat Kajangkepan; wates ndhuwur; wates ngisor; wates ndhuwur paling cilik; wates ngisor paling gedhe” clear and idiomatic for the constrained sense “Completeness Property; upper bound; lower bound; least upper bound; greatest lower bound”, or should one of these be preferred: sipat jangkep, sipat wates ndhuwur paling cilik?"
JV-T062,terminology_decision,2,OLP-0044,sets-functions-relations/arithmetization/reals,upstream/content/sets-functions-relations/arithmetization/reals.tex,74,translation/content/sets-functions-relations/arithmetization/reals.tex,81,81,,Latn,jv-Latn-ID,Sipat Kajangkepan; wates ndhuwur; wates ngisor; wates ndhuwur paling cilik; wates ngisor paling gedhe,provisional_descriptive_rendering,tracked,,,pending_next_accepted_reader_pagination,"For formal written Javanese, is “Sipat Kajangkepan; wates ndhuwur; wates ngisor; wates ndhuwur paling cilik; wates ngisor paling gedhe” clear and idiomatic for the constrained sense “Completeness Property; upper bound; lower bound; least upper bound; greatest lower bound”, or should one of these be preferred: sipat jangkep, sipat wates ndhuwur paling cilik?"
JV-T062,terminology_decision,3,OLP-0045,sets-functions-relations/arithmetization/cuts,upstream/content/sets-functions-relations/arithmetization/cuts.tex,15,translation/content/sets-functions-relations/arithmetization/cuts.tex,15,15,,Latn,jv-Latn-ID,Sipat Kajangkepan; wates ndhuwur; wates ngisor; wates ndhuwur paling cilik; wates ngisor paling gedhe,provisional_descriptive_rendering,tracked,,,pending_next_accepted_reader_pagination,"For formal written Javanese, is “Sipat Kajangkepan; wates ndhuwur; wates ngisor; wates ndhuwur paling cilik; wates ngisor paling gedhe” clear and idiomatic for the constrained sense “Completeness Property; upper bound; lower bound; least upper bound; greatest lower bound”, or should one of these be preferred: sipat jangkep, sipat wates ndhuwur paling cilik?"
JV-T062,terminology_decision,4,OLP-0044,sets-functions-relations/arithmetization/reals,upstream/content/sets-functions-relations/arithmetization/reals.tex,74,translation/content/sets-functions-relations/arithmetization/reals.tex,81,81,,Latn,jv-Latn-ID,Sipat Kajangkepan; wates ndhuwur; wates ngisor; wates ndhuwur paling cilik; wates ngisor paling gedhe,provisional_descriptive_rendering,tracked,,,pending_next_accepted_reader_pagination,"For formal written Javanese, is “Sipat Kajangkepan; wates ndhuwur; wates ngisor; wates ndhuwur paling cilik; wates ngisor paling gedhe” clear and idiomatic for the constrained sense “Completeness Property; upper bound; lower bound; least upper bound; greatest lower bound”, or should one of these be preferred: sipat jangkep, sipat wates ndhuwur paling cilik?"
JV-T062,terminology_decision,5,OLP-0045,sets-functions-relations/arithmetization/cuts,upstream/content/sets-functions-relations/arithmetization/cuts.tex,15,translation/content/sets-functions-relations/arithmetization/cuts.tex,15,15,,Latn,jv-Latn-ID,Sipat Kajangkepan; wates ndhuwur; wates ngisor; wates ndhuwur paling cilik; wates ngisor paling gedhe,provisional_descriptive_rendering,tracked,,,pending_next_accepted_reader_pagination,"For formal written Javanese, is “Sipat Kajangkepan; wates ndhuwur; wates ngisor; wates ndhuwur paling cilik; wates ngisor paling gedhe” clear and idiomatic for the constrained sense “Completeness Property; upper bound; lower bound; least upper bound; greatest lower bound”, or should one of these be preferred: sipat jangkep, sipat wates ndhuwur paling cilik?"
JV-T063,terminology_decision,1,OLP-0007,sets-functions-relations/sets/important-sets,upstream/content/sets-functions-relations/sets/important-sets.tex,24,translation/content/sets-functions-relations/sets/important-sets.tex,24,24,,Latn,jv-Latn-ID,kontinuum; longkangan ing garis rasional,provisional_borrowing_and_metaphor,tracked,,,pending_next_accepted_reader_pagination,"For formal written Javanese, is “kontinuum; longkangan ing garis rasional” clear and idiomatic for the constrained sense “continuum; gap in the rational line”, or should one of these be preferred: garis tanpa longkangan, kontinum?"
JV-T064,terminology_decision,1,OLP-0045,sets-functions-relations/arithmetization/cuts,upstream/content/sets-functions-relations/arithmetization/cuts.tex,3,translation/content/sets-functions-relations/arithmetization/cuts.tex,17,17,,Latn,jv-Latn-ID,potongan; potongan-potongan (pambangunan Dedekind),general_lexeme_with_provisional_formal_specialization,tracked,,,pending_next_accepted_reader_pagination,"For formal written Javanese, is “potongan; potongan-potongan (pambangunan Dedekind)” clear and idiomatic for the constrained sense “cut; cuts (Dedekind construction)”, or should one of these be preferred: pedhotan Dedekind, irisan Dedekind?"
JV-T064,terminology_decision,2,OLP-0045,sets-functions-relations/arithmetization/cuts,upstream/content/sets-functions-relations/arithmetization/cuts.tex,3,translation/content/sets-functions-relations/arithmetization/cuts.tex,94,94,,Latn,jv-Latn-ID,potongan; potongan-potongan (pambangunan Dedekind),general_lexeme_with_provisional_formal_specialization,tracked,,,pending_next_accepted_reader_pagination,"For formal written Javanese, is “potongan; potongan-potongan (pambangunan Dedekind)” clear and idiomatic for the constrained sense “cut; cuts (Dedekind construction)”, or should one of these be preferred: pedhotan Dedekind, irisan Dedekind?"
JV-T065,terminology_decision,1,OLP-0045,sets-functions-relations/arithmetization/cuts,,,translation/content/sets-functions-relations/arithmetization/cuts.tex,99,99,,Latn,jv-Latn-ID,nyisipake wilangan rasional menyang wilangan real,provisional_descriptive_rendering,tracked,,,pending_next_accepted_reader_pagination,"For formal written Javanese, is “nyisipake wilangan rasional menyang wilangan real” clear and idiomatic for the constrained sense “embed the rationals into the reals”, or should one of these be preferred: nganggep rasional minangka real, embedding rasional?"
JV-T067,terminology_decision,1,OLP-0047,sets-functions-relations/arithmetization/checking-details,upstream/content/sets-functions-relations/arithmetization/checking-details.tex,21,translation/content/sets-functions-relations/arithmetization/checking-details.tex,20,20,,Latn,jv-Latn-ID,ring komutatif; ring katata,provisional_technical_borrowing_and_compound,tracked,,,pending_next_accepted_reader_pagination,"For formal written Javanese, is “ring komutatif; ring katata” clear and idiomatic for the constrained sense “commutative ring; ordered ring”, or should one of these be preferred: gelang komutatif; gelang katata, ring berurutan?"
JV-T067,terminology_decision,2,OLP-0047,sets-functions-relations/arithmetization/checking-details,upstream/content/sets-functions-relations/arithmetization/checking-details.tex,11,translation/content/sets-functions-relations/arithmetization/checking-details.tex,113,113,,Latn,jv-Latn-ID,ring komutatif; ring katata,provisional_technical_borrowing_and_compound,tracked,,,pending_next_accepted_reader_pagination,"For formal written Javanese, is “ring komutatif; ring katata” clear and idiomatic for the constrained sense “commutative ring; ordered ring”, or should one of these be preferred: gelang komutatif; gelang katata, ring berurutan?"
JV-T068,terminology_decision,1,OLP-0047,sets-functions-relations/arithmetization/checking-details,upstream/content/sets-functions-relations/arithmetization/checking-details.tex,26,translation/content/sets-functions-relations/arithmetization/checking-details.tex,27,27,,Latn,jv-Latn-ID,asosiativitas; komutativitas; identitas; invers aditif; distributivitas; invers multiplikatif,provisional_adapted_technical_labels,tracked,,,pending_next_accepted_reader_pagination,"For formal written Javanese, is “asosiativitas; komutativitas; identitas; invers aditif; distributivitas; invers multiplikatif” clear and idiomatic for the constrained sense “associativity; commutativity; identity; additive inverse; distributivity; multiplicative inverse”, or should one of these be preferred: sipat asosiatif; unsur netral, tetep nganggo label Inggris?"
JV-T068,terminology_decision,2,OLP-0047,sets-functions-relations/arithmetization/checking-details,upstream/content/sets-functions-relations/arithmetization/checking-details.tex,28,translation/content/sets-functions-relations/arithmetization/checking-details.tex,29,29,,Latn,jv-Latn-ID,asosiativitas; komutativitas; identitas; invers aditif; distributivitas; invers multiplikatif,provisional_adapted_technical_labels,tracked,,,pending_next_accepted_reader_pagination,"For formal written Javanese, is “asosiativitas; komutativitas; identitas; invers aditif; distributivitas; invers multiplikatif” clear and idiomatic for the constrained sense “associativity; commutativity; identity; additive inverse; distributivity; multiplicative inverse”, or should one of these be preferred: sipat asosiatif; unsur netral, tetep nganggo label Inggris?"
JV-T068,terminology_decision,3,OLP-0047,sets-functions-relations/arithmetization/checking-details,upstream/content/sets-functions-relations/arithmetization/checking-details.tex,32,translation/content/sets-functions-relations/arithmetization/checking-details.tex,31,31,,Latn,jv-Latn-ID,asosiativitas; komutativitas; identitas; invers aditif; distributivitas; invers multiplikatif,provisional_adapted_technical_labels,tracked,,,pending_next_accepted_reader_pagination,"For formal written Javanese, is “asosiativitas; komutativitas; identitas; invers aditif; distributivitas; invers multiplikatif” clear and idiomatic for the constrained sense “associativity; commutativity; identity; additive inverse; distributivity; multiplicative inverse”, or should one of these be preferred: sipat asosiatif; unsur netral, tetep nganggo label Inggris?"
JV-T068,terminology_decision,4,OLP-0047,sets-functions-relations/arithmetization/checking-details,upstream/content/sets-functions-relations/arithmetization/checking-details.tex,33,translation/content/sets-functions-relations/arithmetization/checking-details.tex,33,33,,Latn,jv-Latn-ID,asosiativitas; komutativitas; identitas; invers aditif; distributivitas; invers multiplikatif,provisional_adapted_technical_labels,tracked,,,pending_next_accepted_reader_pagination,"For formal written Javanese, is “asosiativitas; komutativitas; identitas; invers aditif; distributivitas; invers multiplikatif” clear and idiomatic for the constrained sense “associativity; commutativity; identity; additive inverse; distributivity; multiplicative inverse”, or should one of these be preferred: sipat asosiatif; unsur netral, tetep nganggo label Inggris?"
JV-T068,terminology_decision,5,OLP-0047,sets-functions-relations/arithmetization/checking-details,upstream/content/sets-functions-relations/arithmetization/checking-details.tex,134,translation/content/sets-functions-relations/arithmetization/checking-details.tex,34,34,,Latn,jv-Latn-ID,asosiativitas; komutativitas; identitas; invers aditif; distributivitas; invers multiplikatif,provisional_adapted_technical_labels,tracked,,,pending_next_accepted_reader_pagination,"For formal written Javanese, is “asosiativitas; komutativitas; identitas; invers aditif; distributivitas; invers multiplikatif” clear and idiomatic for the constrained sense “associativity; commutativity; identity; additive inverse; distributivity; multiplicative inverse”, or should one of these be preferred: sipat asosiatif; unsur netral, tetep nganggo label Inggris?"
JV-T068,terminology_decision,6,OLP-0047,sets-functions-relations/arithmetization/checking-details,upstream/content/sets-functions-relations/arithmetization/checking-details.tex,134,translation/content/sets-functions-relations/arithmetization/checking-details.tex,135,135,,Latn,jv-Latn-ID,asosiativitas; komutativitas; identitas; invers aditif; distributivitas; invers multiplikatif,provisional_adapted_technical_labels,tracked,,,pending_next_accepted_reader_pagination,"For formal written Javanese, is “asosiativitas; komutativitas; identitas; invers aditif; distributivitas; invers multiplikatif” clear and idiomatic for the constrained sense “associativity; commutativity; identity; additive inverse; distributivity; multiplicative inverse”, or should one of these be preferred: sipat asosiatif; unsur netral, tetep nganggo label Inggris?"
JV-T069,terminology_decision,1,OLP-0047,sets-functions-relations/arithmetization/checking-details,upstream/content/sets-functions-relations/arithmetization/checking-details.tex,108,translation/content/sets-functions-relations/arithmetization/checking-details.tex,109,109,,Latn,jv-Latn-ID,trikotomi (koneksitas tatanan total),provisional_borrowing_with_explicit_scope,tracked,,,pending_next_accepted_reader_pagination,"For formal written Javanese, is “trikotomi (koneksitas tatanan total)” clear and idiomatic for the constrained sense “trichotomy (connectedness of a total order)”, or should one of these be preferred: telung kemungkinan, trichotomy?"
JV-T070,terminology_decision,1,OLP-0048,sets-functions-relations/arithmetization/cauchy,upstream/content/sets-functions-relations/arithmetization/cauchy.tex,11,translation/content/sets-functions-relations/arithmetization/cauchy.tex,11,11,,Latn,jv-Latn-ID,rerangken Cauchy; nyedhaki nol; limit,provisional_technical_compound_and_borrowing,tracked,,,pending_next_accepted_reader_pagination,"For formal written Javanese, is “rerangken Cauchy; nyedhaki nol; limit” clear and idiomatic for the constrained sense “Cauchy sequence; tends to zero; limit”, or should one of these be preferred: barisan Cauchy; tumuju nol; wates, sekuens Cauchy?"
JV-T070,terminology_decision,2,OLP-0048,sets-functions-relations/arithmetization/cauchy,upstream/content/sets-functions-relations/arithmetization/cauchy.tex,73,translation/content/sets-functions-relations/arithmetization/cauchy.tex,69,69,,Latn,jv-Latn-ID,rerangken Cauchy; nyedhaki nol; limit,provisional_technical_compound_and_borrowing,tracked,,,pending_next_accepted_reader_pagination,"For formal written Javanese, is “rerangken Cauchy; nyedhaki nol; limit” clear and idiomatic for the constrained sense “Cauchy sequence; tends to zero; limit”, or should one of these be preferred: barisan Cauchy; tumuju nol; wates, sekuens Cauchy?"
JV-T071,terminology_decision,1,OLP-0048,sets-functions-relations/arithmetization/cauchy,upstream/content/sets-functions-relations/arithmetization/cauchy.tex,23,translation/content/sets-functions-relations/arithmetization/cauchy.tex,23,23,,Latn,jv-Latn-ID,ekspansi desimal; panyedhakan rasional,provisional_borrowing_and_descriptive_rendering,tracked,,,pending_next_accepted_reader_pagination,"For formal written Javanese, is “ekspansi desimal; panyedhakan rasional” clear and idiomatic for the constrained sense “decimal expansion; rational approximation”, or should one of these be preferred: pangembangan desimal; hampiran rasional, representasi angka desimal?"
JV-T071,terminology_decision,2,OLP-0048,sets-functions-relations/arithmetization/cauchy,upstream/content/sets-functions-relations/arithmetization/cauchy.tex,41,translation/content/sets-functions-relations/arithmetization/cauchy.tex,40,40,,Latn,jv-Latn-ID,ekspansi desimal; panyedhakan rasional,provisional_borrowing_and_descriptive_rendering,tracked,,,pending_next_accepted_reader_pagination,"For formal written Javanese, is “ekspansi desimal; panyedhakan rasional” clear and idiomatic for the constrained sense “decimal expansion; rational approximation”, or should one of these be preferred: pangembangan desimal; hampiran rasional, representasi angka desimal?"
JV-T072,terminology_decision,1,OLP-0048,sets-functions-relations/arithmetization/cauchy,upstream/content/sets-functions-relations/arithmetization/cauchy.tex,153,translation/content/sets-functions-relations/arithmetization/cauchy.tex,151,151,,Latn,jv-Latn-ID,ditetepake kanthi becik; fungsi wakil,provisional_descriptive_rendering,tracked,,,pending_next_accepted_reader_pagination,"For formal written Javanese, is “ditetepake kanthi becik; fungsi wakil” clear and idiomatic for the constrained sense “well-defined; representative function”, or should one of these be preferred: ora gumantung marang wakil; representatif, well-defined?"
JV-T073,terminology_decision,1,OLP-0048,sets-functions-relations/arithmetization/cauchy,upstream/content/sets-functions-relations/arithmetization/cauchy.tex,218,translation/content/sets-functions-relations/arithmetization/cauchy.tex,228,228,,Latn,jv-Latn-ID,mudhun kanthi monoton; munggah kanthi monoton,provisional_borrowing_with_directional_gloss,tracked,,,pending_next_accepted_reader_pagination,"For formal written Javanese, is “mudhun kanthi monoton; munggah kanthi monoton” clear and idiomatic for the constrained sense “monotonically decreasing; increasing”, or should one of these be preferred: saya cilik; saya gedhe, monotonik menurun; monotonik meningkat?"
JV-T075,terminology_decision,1,OLP-0050,sets-functions-relations/infinite/hilberts-hotel,upstream/content/sets-functions-relations/infinite/hilberts-hotel.tex,61,translation/content/sets-functions-relations/infinite/hilberts-hotel.tex,61,61,,Latn,jv-Latn-ID,tanpa wates miturut Dedekind; himpunan tanpa wates; tanpa wates cacahe,provisional_descriptive_rendering,tracked,,,pending_next_accepted_reader_pagination,"For formal written Javanese, is “tanpa wates miturut Dedekind; himpunan tanpa wates; tanpa wates cacahe” clear and idiomatic for the constrained sense “Dedekind infinite; infinite set; infinitely many”, or should one of these be preferred: infinit miturut Dedekind, ora winates miturut Dedekind?"
JV-T075,terminology_decision,2,OLP-0050,sets-functions-relations/infinite/hilberts-hotel,upstream/content/sets-functions-relations/infinite/hilberts-hotel.tex,14,translation/content/sets-functions-relations/infinite/hilberts-hotel.tex,14,14,,Latn,jv-Latn-ID,tanpa wates miturut Dedekind; himpunan tanpa wates; tanpa wates cacahe,provisional_descriptive_rendering,tracked,,,pending_next_accepted_reader_pagination,"For formal written Javanese, is “tanpa wates miturut Dedekind; himpunan tanpa wates; tanpa wates cacahe” clear and idiomatic for the constrained sense “Dedekind infinite; infinite set; infinitely many”, or should one of these be preferred: infinit miturut Dedekind, ora winates miturut Dedekind?"
JV-T075,terminology_decision,3,OLP-0050,sets-functions-relations/infinite/hilberts-hotel,upstream/content/sets-functions-relations/infinite/hilberts-hotel.tex,25,translation/content/sets-functions-relations/infinite/hilberts-hotel.tex,26,26,,Latn,jv-Latn-ID,tanpa wates miturut Dedekind; himpunan tanpa wates; tanpa wates cacahe,provisional_descriptive_rendering,tracked,,,pending_next_accepted_reader_pagination,"For formal written Javanese, is “tanpa wates miturut Dedekind; himpunan tanpa wates; tanpa wates cacahe” clear and idiomatic for the constrained sense “Dedekind infinite; infinite set; infinitely many”, or should one of these be preferred: infinit miturut Dedekind, ora winates miturut Dedekind?"
JV-T076,terminology_decision,1,OLP-0054,sets-functions-relations/infinite/card-sb,upstream/content/sets-functions-relations/infinite/dedekind-algebra.tex,41,translation/content/sets-functions-relations/infinite/card-sb.tex,16,16,,Latn,jv-Latn-ID,tutupan; katutup marang fungsi panerus,provisional_technical_specialization,tracked,,,pending_next_accepted_reader_pagination,"For formal written Javanese, is “tutupan; katutup marang fungsi panerus” clear and idiomatic for the constrained sense “closure; closed under the successor function”, or should one of these be preferred: panutupan marang f; ditutup marang f, closure f?"
JV-T076,terminology_decision,2,OLP-0051,sets-functions-relations/infinite/dedekind-algebra,upstream/content/sets-functions-relations/infinite/dedekind-algebra.tex,35,translation/content/sets-functions-relations/infinite/dedekind-algebra.tex,35,35,,Latn,jv-Latn-ID,tutupan; katutup marang fungsi panerus,provisional_technical_specialization,tracked,,,pending_next_accepted_reader_pagination,"For formal written Javanese, is “tutupan; katutup marang fungsi panerus” clear and idiomatic for the constrained sense “closure; closed under the successor function”, or should one of these be preferred: panutupan marang f; ditutup marang f, closure f?"
JV-T077,terminology_decision,1,OLP-0051,sets-functions-relations/infinite/dedekind-algebra,upstream/content/sets-functions-relations/infinite/dedekind-algebra.tex,10,translation/content/sets-functions-relations/infinite/dedekind-algebra.tex,10,10,,Latn,jv-Latn-ID,aljabar Dedekind; fungsi panerus; induksi aritmetis,provisional_borrowing_and_descriptive_compound,tracked,,,pending_next_accepted_reader_pagination,"For formal written Javanese, is “aljabar Dedekind; fungsi panerus; induksi aritmetis” clear and idiomatic for the constrained sense “Dedekind algebra; successor function; arithmetical induction”, or should one of these be preferred: algebra Dedekind; fungsi sabanjure; induksi aritmetika?"
JV-T077,terminology_decision,2,OLP-0051,sets-functions-relations/infinite/dedekind-algebra,upstream/content/sets-functions-relations/infinite/dedekind-algebra.tex,16,translation/content/sets-functions-relations/infinite/dedekind-algebra.tex,16,16,,Latn,jv-Latn-ID,aljabar Dedekind; fungsi panerus; induksi aritmetis,provisional_borrowing_and_descriptive_compound,tracked,,,pending_next_accepted_reader_pagination,"For formal written Javanese, is “aljabar Dedekind; fungsi panerus; induksi aritmetis” clear and idiomatic for the constrained sense “Dedekind algebra; successor function; arithmetical induction”, or should one of these be preferred: algebra Dedekind; fungsi sabanjure; induksi aritmetika?"
JV-T077,terminology_decision,3,OLP-0052,sets-functions-relations/infinite/dedekind-induction,upstream/content/sets-functions-relations/infinite/dedekind-induction.tex,10,translation/content/sets-functions-relations/infinite/dedekind-induction.tex,10,10,,Latn,jv-Latn-ID,aljabar Dedekind; fungsi panerus; induksi aritmetis,provisional_borrowing_and_descriptive_compound,tracked,,,pending_next_accepted_reader_pagination,"For formal written Javanese, is “aljabar Dedekind; fungsi panerus; induksi aritmetis” clear and idiomatic for the constrained sense “Dedekind algebra; successor function; arithmetical induction”, or should one of these be preferred: algebra Dedekind; fungsi sabanjure; induksi aritmetika?"
JV-T078,terminology_decision,1,OLP-0052,sets-functions-relations/infinite/dedekind-induction,upstream/content/sets-functions-relations/infinite/dedekind-induction.tex,69,translation/content/sets-functions-relations/infinite/dedekind-induction.tex,71,71,,Latn,jv-Latn-ID,definisi rekursif; eksponensiasi; isomorfis; strukturalis,provisional_adapted_academic_borrowing,tracked,,,pending_next_accepted_reader_pagination,"For formal written Javanese, is “definisi rekursif; eksponensiasi; isomorfis; strukturalis” clear and idiomatic for the constrained sense “recursive definition; exponentiation; isomorphic; structuralist”, or should one of these be preferred: teges rekursif; pamangkatan; isomorf; strukturalisme?"
JV-T078,terminology_decision,2,OLP-0052,sets-functions-relations/infinite/dedekind-induction,upstream/content/sets-functions-relations/infinite/dedekind-induction.tex,68,translation/content/sets-functions-relations/infinite/dedekind-induction.tex,70,70,,Latn,jv-Latn-ID,definisi rekursif; eksponensiasi; isomorfis; strukturalis,provisional_adapted_academic_borrowing,tracked,,,pending_next_accepted_reader_pagination,"For formal written Javanese, is “definisi rekursif; eksponensiasi; isomorfis; strukturalis” clear and idiomatic for the constrained sense “recursive definition; exponentiation; isomorphic; structuralist”, or should one of these be preferred: teges rekursif; pamangkatan; isomorf; strukturalisme?"
JV-T078,terminology_decision,3,OLP-0053,sets-functions-relations/infinite/dedekinds-proof,upstream/content/sets-functions-relations/infinite/dedekinds-proof.tex,38,translation/content/sets-functions-relations/infinite/dedekinds-proof.tex,37,37,,Latn,jv-Latn-ID,definisi rekursif; eksponensiasi; isomorfis; strukturalis,provisional_adapted_academic_borrowing,tracked,,,pending_next_accepted_reader_pagination,"For formal written Javanese, is “definisi rekursif; eksponensiasi; isomorfis; strukturalis” clear and idiomatic for the constrained sense “recursive definition; exponentiation; isomorphic; structuralist”, or should one of these be preferred: teges rekursif; pamangkatan; isomorf; strukturalisme?"
JV-T078,terminology_decision,4,OLP-0053,sets-functions-relations/infinite/dedekinds-proof,upstream/content/sets-functions-relations/infinite/dedekinds-proof.tex,40,translation/content/sets-functions-relations/infinite/dedekinds-proof.tex,38,38,,Latn,jv-Latn-ID,definisi rekursif; eksponensiasi; isomorfis; strukturalis,provisional_adapted_academic_borrowing,tracked,,,pending_next_accepted_reader_pagination,"For formal written Javanese, is “definisi rekursif; eksponensiasi; isomorfis; strukturalis” clear and idiomatic for the constrained sense “recursive definition; exponentiation; isomorphic; structuralist”, or should one of these be preferred: teges rekursif; pamangkatan; isomorf; strukturalisme?"
JV-T079,terminology_decision,1,OLP-0055,propositional-logic/propositional-logic,upstream/content/propositional-logic/propositional-logic.tex,7,translation/content/propositional-logic/propositional-logic.tex,7,7,,Latn,jv-Latn-ID,logika proposisional; variabel proposisional; konektif proposisional utawa logis,provisional_adapted_technical_borrowing,tracked,,,pending_next_accepted_reader_pagination,"For formal written Javanese, is “logika proposisional; variabel proposisional; konektif proposisional utawa logis” clear and idiomatic for the constrained sense “propositional logic; propositional variable; propositional or logical connective”, or should one of these be preferred: logika ukara; peubah proposisional; operator logis?"
JV-T080,terminology_decision,1,OLP-0058,propositional-logic/syntax-and-semantics/formulas,upstream/content/propositional-logic/syntax-and-semantics/formulas.tex,27,translation/content/propositional-logic/syntax-and-semantics/formulas.tex,27,27,,Latn,jv-Latn-ID,negasi; konjungsi; disjungsi; kondisional material; bikondisional,provisional_adapted_technical_borrowing,P2-specialized-language-review,,,pending_next_accepted_reader_pagination,"For formal written Javanese, is “negasi; konjungsi; disjungsi; kondisional material; bikondisional” clear and idiomatic for the constrained sense “negation; conjunction; disjunction; material conditional; biconditional”, or should one of these be preferred: panyelakan; panggandhengan; pamisahan; implikasi; ekuivalensi?"
JV-T080,terminology_decision,2,OLP-0058,propositional-logic/syntax-and-semantics/formulas,upstream/content/propositional-logic/syntax-and-semantics/formulas.tex,28,translation/content/propositional-logic/syntax-and-semantics/formulas.tex,28,28,,Latn,jv-Latn-ID,negasi; konjungsi; disjungsi; kondisional material; bikondisional,provisional_adapted_technical_borrowing,P2-specialized-language-review,,,pending_next_accepted_reader_pagination,"For formal written Javanese, is “negasi; konjungsi; disjungsi; kondisional material; bikondisional” clear and idiomatic for the constrained sense “negation; conjunction; disjunction; material conditional; biconditional”, or should one of these be preferred: panyelakan; panggandhengan; pamisahan; implikasi; ekuivalensi?"
JV-T080,terminology_decision,3,OLP-0058,propositional-logic/syntax-and-semantics/formulas,upstream/content/propositional-logic/syntax-and-semantics/formulas.tex,29,translation/content/propositional-logic/syntax-and-semantics/formulas.tex,29,29,,Latn,jv-Latn-ID,negasi; konjungsi; disjungsi; kondisional material; bikondisional,provisional_adapted_technical_borrowing,P2-specialized-language-review,,,pending_next_accepted_reader_pagination,"For formal written Javanese, is “negasi; konjungsi; disjungsi; kondisional material; bikondisional” clear and idiomatic for the constrained sense “negation; conjunction; disjunction; material conditional; biconditional”, or should one of these be preferred: panyelakan; panggandhengan; pamisahan; implikasi; ekuivalensi?"
JV-T080,terminology_decision,4,OLP-0057,propositional-logic/syntax-and-semantics/introduction,upstream/content/propositional-logic/syntax-and-semantics/introduction.tex,33,translation/content/propositional-logic/syntax-and-semantics/introduction.tex,35,35,,Latn,jv-Latn-ID,negasi; konjungsi; disjungsi; kondisional material; bikondisional,provisional_adapted_technical_borrowing,P2-specialized-language-review,,,pending_next_accepted_reader_pagination,"For formal written Javanese, is “negasi; konjungsi; disjungsi; kondisional material; bikondisional” clear and idiomatic for the constrained sense “negation; conjunction; disjunction; material conditional; biconditional”, or should one of these be preferred: panyelakan; panggandhengan; pamisahan; implikasi; ekuivalensi?"
JV-T080,terminology_decision,5,OLP-0058,propositional-logic/syntax-and-semantics/formulas,upstream/content/propositional-logic/syntax-and-semantics/formulas.tex,31,translation/content/propositional-logic/syntax-and-semantics/formulas.tex,70,70,,Latn,jv-Latn-ID,negasi; konjungsi; disjungsi; kondisional material; bikondisional,provisional_adapted_technical_borrowing,P2-specialized-language-review,,,pending_next_accepted_reader_pagination,"For formal written Javanese, is “negasi; konjungsi; disjungsi; kondisional material; bikondisional” clear and idiomatic for the constrained sense “negation; conjunction; disjunction; material conditional; biconditional”, or should one of these be preferred: panyelakan; panggandhengan; pamisahan; implikasi; ekuivalensi?"
JV-T081,terminology_decision,1,OLP-0056,propositional-logic/syntax-and-semantics/syntax-and-semantics,upstream/content/propositional-logic/syntax-and-semantics/syntax-and-semantics.tex,2,translation/content/propositional-logic/syntax-and-semantics/syntax-and-semantics.tex,8,8,,Latn,jv-Latn-ID,sintaksis; semantik; simbol primitif utawa kang ditetepake; formula atomik; identitas sintaktis,provisional_borrowing_and_descriptive_rendering,tracked,,,pending_next_accepted_reader_pagination,"For formal written Javanese, is “sintaksis; semantik; simbol primitif utawa kang ditetepake; formula atomik; identitas sintaktis” clear and idiomatic for the constrained sense “syntax; semantics; primitive or defined symbol; atomic formula; syntactic identity”, or should one of these be preferred: tata-wangun; teges; simbol dhasar; formula dhasar; pepadhan sintaktis?"
JV-T081,terminology_decision,2,OLP-0056,propositional-logic/syntax-and-semantics/syntax-and-semantics,upstream/content/propositional-logic/syntax-and-semantics/syntax-and-semantics.tex,2,translation/content/propositional-logic/syntax-and-semantics/syntax-and-semantics.tex,8,8,,Latn,jv-Latn-ID,sintaksis; semantik; simbol primitif utawa kang ditetepake; formula atomik; identitas sintaktis,provisional_borrowing_and_descriptive_rendering,tracked,,,pending_next_accepted_reader_pagination,"For formal written Javanese, is “sintaksis; semantik; simbol primitif utawa kang ditetepake; formula atomik; identitas sintaktis” clear and idiomatic for the constrained sense “syntax; semantics; primitive or defined symbol; atomic formula; syntactic identity”, or should one of these be preferred: tata-wangun; teges; simbol dhasar; formula dhasar; pepadhan sintaktis?"
JV-T081,terminology_decision,3,OLP-0058,propositional-logic/syntax-and-semantics/formulas,upstream/content/propositional-logic/syntax-and-semantics/formulas.tex,113,translation/content/propositional-logic/syntax-and-semantics/formulas.tex,113,113,,Latn,jv-Latn-ID,sintaksis; semantik; simbol primitif utawa kang ditetepake; formula atomik; identitas sintaktis,provisional_borrowing_and_descriptive_rendering,tracked,,,pending_next_accepted_reader_pagination,"For formal written Javanese, is “sintaksis; semantik; simbol primitif utawa kang ditetepake; formula atomik; identitas sintaktis” clear and idiomatic for the constrained sense “syntax; semantics; primitive or defined symbol; atomic formula; syntactic identity”, or should one of these be preferred: tata-wangun; teges; simbol dhasar; formula dhasar; pepadhan sintaktis?"
JV-T081,terminology_decision,4,OLP-0058,propositional-logic/syntax-and-semantics/formulas,upstream/content/propositional-logic/syntax-and-semantics/formulas.tex,167,translation/content/propositional-logic/syntax-and-semantics/formulas.tex,170,170,,Latn,jv-Latn-ID,sintaksis; semantik; simbol primitif utawa kang ditetepake; formula atomik; identitas sintaktis,provisional_borrowing_and_descriptive_rendering,tracked,,,pending_next_accepted_reader_pagination,"For formal written Javanese, is “sintaksis; semantik; simbol primitif utawa kang ditetepake; formula atomik; identitas sintaktis” clear and idiomatic for the constrained sense “syntax; semantics; primitive or defined symbol; atomic formula; syntactic identity”, or should one of these be preferred: tata-wangun; teges; simbol dhasar; formula dhasar; pepadhan sintaktis?"
JV-T082,terminology_decision,1,OLP-0057,propositional-logic/syntax-and-semantics/introduction,upstream/content/propositional-logic/propositional-logic.tex,22,translation/content/propositional-logic/syntax-and-semantics/introduction.tex,21,21,,Latn,jv-Latn-ID,fungsional tumrap kabeneran; nilai kabeneran; valuasi; fungsi evaluasi,provisional_specialization_and_borrowing,P2-specialized-language-review,,,pending_next_accepted_reader_pagination,"For formal written Javanese, is “fungsional tumrap kabeneran; nilai kabeneran; valuasi; fungsi evaluasi” clear and idiomatic for the constrained sense “truth-functional; truth value; valuation; evaluation function”, or should one of these be preferred: gumantung mung marang kabeneran; nilai bener-salah; pambiji; fungsi panilaian?"
JV-T082,terminology_decision,2,OLP-0057,propositional-logic/syntax-and-semantics/introduction,upstream/content/propositional-logic/syntax-and-semantics/introduction.tex,17,translation/content/propositional-logic/syntax-and-semantics/introduction.tex,17,17,,Latn,jv-Latn-ID,fungsional tumrap kabeneran; nilai kabeneran; valuasi; fungsi evaluasi,provisional_specialization_and_borrowing,P2-specialized-language-review,,,pending_next_accepted_reader_pagination,"For formal written Javanese, is “fungsional tumrap kabeneran; nilai kabeneran; valuasi; fungsi evaluasi” clear and idiomatic for the constrained sense “truth-functional; truth value; valuation; evaluation function”, or should one of these be preferred: gumantung mung marang kabeneran; nilai bener-salah; pambiji; fungsi panilaian?"
JV-T082,terminology_decision,3,OLP-0061,propositional-logic/syntax-and-semantics/valuations-sat,upstream/content/propositional-logic/propositional-logic.tex,18,translation/content/propositional-logic/syntax-and-semantics/valuations-sat.tex,22,22,,Latn,jv-Latn-ID,fungsional tumrap kabeneran; nilai kabeneran; valuasi; fungsi evaluasi,provisional_specialization_and_borrowing,P2-specialized-language-review,,,pending_next_accepted_reader_pagination,"For formal written Javanese, is “fungsional tumrap kabeneran; nilai kabeneran; valuasi; fungsi evaluasi” clear and idiomatic for the constrained sense “truth-functional; truth value; valuation; evaluation function”, or should one of these be preferred: gumantung mung marang kabeneran; nilai bener-salah; pambiji; fungsi panilaian?"
JV-T082,terminology_decision,4,OLP-0061,propositional-logic/syntax-and-semantics/valuations-sat,upstream/content/propositional-logic/syntax-and-semantics/valuations-sat.tex,22,translation/content/propositional-logic/syntax-and-semantics/valuations-sat.tex,22,22,,Latn,jv-Latn-ID,fungsional tumrap kabeneran; nilai kabeneran; valuasi; fungsi evaluasi,provisional_specialization_and_borrowing,P2-specialized-language-review,,,pending_next_accepted_reader_pagination,"For formal written Javanese, is “fungsional tumrap kabeneran; nilai kabeneran; valuasi; fungsi evaluasi” clear and idiomatic for the constrained sense “truth-functional; truth value; valuation; evaluation function”, or should one of these be preferred: gumantung mung marang kabeneran; nilai bener-salah; pambiji; fungsi panilaian?"
JV-T083,terminology_decision,1,OLP-0057,propositional-logic/syntax-and-semantics/introduction,upstream/content/propositional-logic/syntax-and-semantics/introduction.tex,54,translation/content/propositional-logic/syntax-and-semantics/introduction.tex,55,55,,Latn,jv-Latn-ID,panyukupan; bisa dicukupi; ora bisa dicukupi,provisional_descriptive_specialization,P2-specialized-language-review,,,pending_next_accepted_reader_pagination,"For formal written Javanese, is “panyukupan; bisa dicukupi; ora bisa dicukupi” clear and idiomatic for the constrained sense “satisfaction; satisfiable; unsatisfiable”, or should one of these be preferred: pemenuhan; bisa dipenuhi; mustahil dipenuhi?"
JV-T083,terminology_decision,2,OLP-0057,propositional-logic/syntax-and-semantics/introduction,upstream/content/propositional-logic/syntax-and-semantics/introduction.tex,71,translation/content/propositional-logic/syntax-and-semantics/introduction.tex,68,68,,Latn,jv-Latn-ID,panyukupan; bisa dicukupi; ora bisa dicukupi,provisional_descriptive_specialization,P2-specialized-language-review,,,pending_next_accepted_reader_pagination,"For formal written Javanese, is “panyukupan; bisa dicukupi; ora bisa dicukupi” clear and idiomatic for the constrained sense “satisfaction; satisfiable; unsatisfiable”, or should one of these be preferred: pemenuhan; bisa dipenuhi; mustahil dipenuhi?"
JV-T083,terminology_decision,3,OLP-0062,propositional-logic/syntax-and-semantics/semantic-notions,upstream/content/propositional-logic/syntax-and-semantics/semantic-notions.tex,19,translation/content/propositional-logic/syntax-and-semantics/semantic-notions.tex,18,18,,Latn,jv-Latn-ID,panyukupan; bisa dicukupi; ora bisa dicukupi,provisional_descriptive_specialization,P2-specialized-language-review,,,pending_next_accepted_reader_pagination,"For formal written Javanese, is “panyukupan; bisa dicukupi; ora bisa dicukupi” clear and idiomatic for the constrained sense “satisfaction; satisfiable; unsatisfiable”, or should one of these be preferred: pemenuhan; bisa dipenuhi; mustahil dipenuhi?"
JV-T084,terminology_decision,1,OLP-0057,propositional-logic/syntax-and-semantics/introduction,upstream/content/propositional-logic/syntax-and-semantics/introduction.tex,65,translation/content/propositional-logic/syntax-and-semantics/introduction.tex,67,67,,Latn,jv-Latn-ID,tautologi; akibat semantis; kontingen,provisional_borrowing_and_descriptive_rendering,tracked,,,pending_next_accepted_reader_pagination,"For formal written Javanese, is “tautologi; akibat semantis; kontingen” clear and idiomatic for the constrained sense “tautology; semantic entailment or consequence; contingent”, or should one of these be preferred: formula mesthi bener; konsekuensi semantis; gumantung kahanan?"
JV-T084,terminology_decision,2,OLP-0057,propositional-logic/syntax-and-semantics/introduction,upstream/content/propositional-logic/syntax-and-semantics/introduction.tex,24,translation/content/propositional-logic/syntax-and-semantics/introduction.tex,67,67,,Latn,jv-Latn-ID,tautologi; akibat semantis; kontingen,provisional_borrowing_and_descriptive_rendering,tracked,,,pending_next_accepted_reader_pagination,"For formal written Javanese, is “tautologi; akibat semantis; kontingen” clear and idiomatic for the constrained sense “tautology; semantic entailment or consequence; contingent”, or should one of these be preferred: formula mesthi bener; konsekuensi semantis; gumantung kahanan?"
JV-T084,terminology_decision,3,OLP-0057,propositional-logic/syntax-and-semantics/introduction,upstream/content/propositional-logic/syntax-and-semantics/introduction.tex,24,translation/content/propositional-logic/syntax-and-semantics/introduction.tex,25,25,,Latn,jv-Latn-ID,tautologi; akibat semantis; kontingen,provisional_borrowing_and_descriptive_rendering,tracked,,,pending_next_accepted_reader_pagination,"For formal written Javanese, is “tautologi; akibat semantis; kontingen” clear and idiomatic for the constrained sense “tautology; semantic entailment or consequence; contingent”, or should one of these be preferred: formula mesthi bener; konsekuensi semantis; gumantung kahanan?"
JV-T085,terminology_decision,1,OLP-0060,propositional-logic/syntax-and-semantics/formation-sequences,upstream/content/propositional-logic/syntax-and-semantics/formation-sequences.tex,11,translation/content/propositional-logic/syntax-and-semantics/formation-sequences.tex,11,11,,Latn,jv-Latn-ID,urutan pambentukan; bisa kawaca kanthi unik; uraian,provisional_descriptive_rendering,P2-specialized-language-review,,,pending_next_accepted_reader_pagination,"For formal written Javanese, is “urutan pambentukan; bisa kawaca kanthi unik; uraian” clear and idiomatic for the constrained sense “formation sequence; unique readability; parsing”, or should one of these be preferred: rerangken pambentukan; kawacanan tunggal; pamarsingan?"
JV-T085,terminology_decision,2,OLP-0057,propositional-logic/syntax-and-semantics/introduction,upstream/content/propositional-logic/syntax-and-semantics/preliminaries.tex,58,translation/content/propositional-logic/syntax-and-semantics/introduction.tex,50,50,,Latn,jv-Latn-ID,urutan pambentukan; bisa kawaca kanthi unik; uraian,provisional_descriptive_rendering,P2-specialized-language-review,,,pending_next_accepted_reader_pagination,"For formal written Javanese, is “urutan pambentukan; bisa kawaca kanthi unik; uraian” clear and idiomatic for the constrained sense “formation sequence; unique readability; parsing”, or should one of these be preferred: rerangken pambentukan; kawacanan tunggal; pamarsingan?"
JV-T085,terminology_decision,3,OLP-0059,propositional-logic/syntax-and-semantics/preliminaries,upstream/content/propositional-logic/syntax-and-semantics/preliminaries.tex,59,translation/content/propositional-logic/syntax-and-semantics/preliminaries.tex,60,60,,Latn,jv-Latn-ID,urutan pambentukan; bisa kawaca kanthi unik; uraian,provisional_descriptive_rendering,P2-specialized-language-review,,,pending_next_accepted_reader_pagination,"For formal written Javanese, is “urutan pambentukan; bisa kawaca kanthi unik; uraian” clear and idiomatic for the constrained sense “formation sequence; unique readability; parsing”, or should one of these be preferred: rerangken pambentukan; kawacanan tunggal; pamarsingan?"
JV-T086,terminology_decision,1,OLP-0059,propositional-logic/syntax-and-semantics/preliminaries,upstream/content/propositional-logic/syntax-and-semantics/preliminaries.tex,91,translation/content/propositional-logic/syntax-and-semantics/preliminaries.tex,92,92,,Latn,jv-Latn-ID,substitusi seragam; penentuan lokal; teorema deduksi semantis,provisional_adapted_technical_compounds,tracked,,,pending_next_accepted_reader_pagination,"For formal written Javanese, is “substitusi seragam; penentuan lokal; teorema deduksi semantis” clear and idiomatic for the constrained sense “uniform substitution; local determination; semantic deduction theorem”, or should one of these be preferred: substitusi ajeg; katemtuan lokal; teorema deduksi semantik?"
JV-T086,terminology_decision,2,OLP-0061,propositional-logic/syntax-and-semantics/valuations-sat,upstream/content/propositional-logic/syntax-and-semantics/valuations-sat.tex,133,translation/content/propositional-logic/syntax-and-semantics/valuations-sat.tex,133,133,,Latn,jv-Latn-ID,substitusi seragam; penentuan lokal; teorema deduksi semantis,provisional_adapted_technical_compounds,tracked,,,pending_next_accepted_reader_pagination,"For formal written Javanese, is “substitusi seragam; penentuan lokal; teorema deduksi semantis” clear and idiomatic for the constrained sense “uniform substitution; local determination; semantic deduction theorem”, or should one of these be preferred: substitusi ajeg; katemtuan lokal; teorema deduksi semantik?"
JV-T086,terminology_decision,3,OLP-0062,propositional-logic/syntax-and-semantics/semantic-notions,upstream/content/propositional-logic/syntax-and-semantics/semantic-notions.tex,83,translation/content/propositional-logic/syntax-and-semantics/semantic-notions.tex,84,84,,Latn,jv-Latn-ID,substitusi seragam; penentuan lokal; teorema deduksi semantis,provisional_adapted_technical_compounds,tracked,,,pending_next_accepted_reader_pagination,"For formal written Javanese, is “substitusi seragam; penentuan lokal; teorema deduksi semantis” clear and idiomatic for the constrained sense “uniform substitution; local determination; semantic deduction theorem”, or should one of these be preferred: substitusi ajeg; katemtuan lokal; teorema deduksi semantik?"
JV-T088,terminology_decision,1,OLP-0064,first-order-logic/proof-systems/introduction,upstream/content/first-order-logic/proof-systems/proof-systems.tex,27,translation/content/first-order-logic/proof-systems/introduction.tex,27,27,,Latn,jv-Latn-ID,sistem derivasi; aksioma; aturan inferensi; bisa diderivasi,provisional_adapted_proof_theory_vocabulary,tracked,,,pending_next_accepted_reader_pagination,"For formal written Javanese, is “sistem derivasi; aksioma; aturan inferensi; bisa diderivasi” clear and idiomatic for the constrained sense “derivation system; axiom; inference rule; derivable”, or should one of these be preferred: sistem pambuktian; postulat; paugeran inferensi; bisa kabuktekake?"
JV-T088,terminology_decision,2,OLP-0064,first-order-logic/proof-systems/introduction,upstream/content/first-order-logic/proof-systems/introduction.tex,31,translation/content/first-order-logic/proof-systems/introduction.tex,31,31,,Latn,jv-Latn-ID,sistem derivasi; aksioma; aturan inferensi; bisa diderivasi,provisional_adapted_proof_theory_vocabulary,tracked,,,pending_next_accepted_reader_pagination,"For formal written Javanese, is “sistem derivasi; aksioma; aturan inferensi; bisa diderivasi” clear and idiomatic for the constrained sense “derivation system; axiom; inference rule; derivable”, or should one of these be preferred: sistem pambuktian; postulat; paugeran inferensi; bisa kabuktekake?"
JV-T089,terminology_decision,1,OLP-0064,first-order-logic/proof-systems/introduction,upstream/content/first-order-logic/proof-systems/introduction.tex,66,translation/content/first-order-logic/proof-systems/introduction.tex,64,64,,Latn,jv-Latn-ID,kasahihan; kelengkapan; validitas,provisional_technical_specialization_and_borrowing,tracked,,,pending_next_accepted_reader_pagination,"For formal written Javanese, is “kasahihan; kelengkapan; validitas” clear and idiomatic for the constrained sense “soundness; completeness; validity”, or should one of these be preferred: keswaraan; kajangkepan; keabsahan?"
JV-T089,terminology_decision,2,OLP-0064,first-order-logic/proof-systems/introduction,upstream/content/first-order-logic/proof-systems/introduction.tex,74,translation/content/first-order-logic/proof-systems/introduction.tex,73,73,,Latn,jv-Latn-ID,kasahihan; kelengkapan; validitas,provisional_technical_specialization_and_borrowing,tracked,,,pending_next_accepted_reader_pagination,"For formal written Javanese, is “kasahihan; kelengkapan; validitas” clear and idiomatic for the constrained sense “soundness; completeness; validity”, or should one of these be preferred: keswaraan; kajangkepan; keabsahan?"
JV-T089,terminology_decision,3,OLP-0064,first-order-logic/proof-systems/introduction,upstream/content/first-order-logic/proof-systems/introduction.tex,17,translation/content/first-order-logic/proof-systems/introduction.tex,16,16,,Latn,jv-Latn-ID,kasahihan; kelengkapan; validitas,provisional_technical_specialization_and_borrowing,tracked,,,pending_next_accepted_reader_pagination,"For formal written Javanese, is “kasahihan; kelengkapan; validitas” clear and idiomatic for the constrained sense “soundness; completeness; validity”, or should one of these be preferred: keswaraan; kajangkepan; keabsahan?"
JV-T090,terminology_decision,1,OLP-0064,first-order-logic/proof-systems/introduction,upstream/content/first-order-logic/proof-systems/introduction.tex,83,translation/content/first-order-logic/proof-systems/introduction.tex,82,82,,Latn,jv-Latn-ID,konsistensi; ora konsisten; pasangan sintaktis,provisional_borrowing_and_descriptive_rendering,tracked,,,pending_next_accepted_reader_pagination,"For formal written Javanese, is “konsistensi; ora konsisten; pasangan sintaktis” clear and idiomatic for the constrained sense “consistency; inconsistent; syntactic counterpart”, or should one of these be preferred: ora mbantah; kontradiktif; imbangan sintaktis?"
JV-T090,terminology_decision,2,OLP-0064,first-order-logic/proof-systems/introduction,upstream/content/first-order-logic/proof-systems/introduction.tex,83,translation/content/first-order-logic/proof-systems/introduction.tex,82,82,,Latn,jv-Latn-ID,konsistensi; ora konsisten; pasangan sintaktis,provisional_borrowing_and_descriptive_rendering,tracked,,,pending_next_accepted_reader_pagination,"For formal written Javanese, is “konsistensi; ora konsisten; pasangan sintaktis” clear and idiomatic for the constrained sense “consistency; inconsistent; syntactic counterpart”, or should one of these be preferred: ora mbantah; kontradiktif; imbangan sintaktis?"
JV-T090,terminology_decision,3,OLP-0064,first-order-logic/proof-systems/introduction,upstream/content/first-order-logic/proof-systems/introduction.tex,85,translation/content/first-order-logic/proof-systems/introduction.tex,84,84,,Latn,jv-Latn-ID,konsistensi; ora konsisten; pasangan sintaktis,provisional_borrowing_and_descriptive_rendering,tracked,,,pending_next_accepted_reader_pagination,"For formal written Javanese, is “konsistensi; ora konsisten; pasangan sintaktis” clear and idiomatic for the constrained sense “consistency; inconsistent; syntactic counterpart”, or should one of these be preferred: ora mbantah; kontradiktif; imbangan sintaktis?"
JV-T091,terminology_decision,1,OLP-0065,first-order-logic/proof-systems/sequent-calculus,upstream/content/first-order-logic/proof-systems/sequent-calculus.tex,13,translation/content/first-order-logic/proof-systems/sequent-calculus.tex,13,13,,Latn,jv-Latn-ID,kalkulus sekuen; sekuen; sekuen wiwitan; oyod,provisional_borrowing_and_specialization,P2-specialized-language-review,,,pending_next_accepted_reader_pagination,"For formal written Javanese, is “kalkulus sekuen; sekuen; sekuen wiwitan; oyod” clear and idiomatic for the constrained sense “sequent calculus; sequent; initial sequent; root”, or should one of these be preferred: kalkulus runtutan; pratelan sekuen; sekuen aksioma; dhasar wit?"
JV-T091,terminology_decision,2,OLP-0065,first-order-logic/proof-systems/sequent-calculus,upstream/content/first-order-logic/proof-systems/sequent-calculus.tex,13,translation/content/first-order-logic/proof-systems/sequent-calculus.tex,13,13,,Latn,jv-Latn-ID,kalkulus sekuen; sekuen; sekuen wiwitan; oyod,provisional_borrowing_and_specialization,P2-specialized-language-review,,,pending_next_accepted_reader_pagination,"For formal written Javanese, is “kalkulus sekuen; sekuen; sekuen wiwitan; oyod” clear and idiomatic for the constrained sense “sequent calculus; sequent; initial sequent; root”, or should one of these be preferred: kalkulus runtutan; pratelan sekuen; sekuen aksioma; dhasar wit?"
JV-T091,terminology_decision,3,OLP-0065,first-order-logic/proof-systems/sequent-calculus,upstream/content/first-order-logic/proof-systems/sequent-calculus.tex,24,translation/content/first-order-logic/proof-systems/sequent-calculus.tex,24,24,,Latn,jv-Latn-ID,kalkulus sekuen; sekuen; sekuen wiwitan; oyod,provisional_borrowing_and_specialization,P2-specialized-language-review,,,pending_next_accepted_reader_pagination,"For formal written Javanese, is “kalkulus sekuen; sekuen; sekuen wiwitan; oyod” clear and idiomatic for the constrained sense “sequent calculus; sequent; initial sequent; root”, or should one of these be preferred: kalkulus runtutan; pratelan sekuen; sekuen aksioma; dhasar wit?"
JV-T091,terminology_decision,4,OLP-0065,first-order-logic/proof-systems/sequent-calculus,upstream/content/first-order-logic/proof-systems/sequent-calculus.tex,40,translation/content/first-order-logic/proof-systems/sequent-calculus.tex,39,39,,Latn,jv-Latn-ID,kalkulus sekuen; sekuen; sekuen wiwitan; oyod,provisional_borrowing_and_specialization,P2-specialized-language-review,,,pending_next_accepted_reader_pagination,"For formal written Javanese, is “kalkulus sekuen; sekuen; sekuen wiwitan; oyod” clear and idiomatic for the constrained sense “sequent calculus; sequent; initial sequent; root”, or should one of these be preferred: kalkulus runtutan; pratelan sekuen; sekuen aksioma; dhasar wit?"
JV-T092,terminology_decision,1,OLP-0066,first-order-logic/proof-systems/natural-deduction,upstream/content/first-order-logic/proof-systems/natural-deduction.tex,13,translation/content/first-order-logic/proof-systems/natural-deduction.tex,13,13,,Latn,jv-Latn-ID,deduksi natural; aturan introduksi lan eliminasi; bukti miturut kasus; bukti ora langsung; bukti kondisional,provisional_adapted_and_descriptive_proof_vocabulary,tracked,,,pending_next_accepted_reader_pagination,"For formal written Javanese, is “deduksi natural; aturan introduksi lan eliminasi; bukti miturut kasus; bukti ora langsung; bukti kondisional” clear and idiomatic for the constrained sense “natural deduction; introduction and elimination rules; proof by cases; indirect proof; conditional proof”, or should one of these be preferred: pambuktian alamiah; aturan mlebu-metu; bukti kanthi pamerangan?"
JV-T092,terminology_decision,2,OLP-0066,first-order-logic/proof-systems/natural-deduction,upstream/content/first-order-logic/proof-systems/natural-deduction.tex,18,translation/content/first-order-logic/proof-systems/natural-deduction.tex,25,25,,Latn,jv-Latn-ID,deduksi natural; aturan introduksi lan eliminasi; bukti miturut kasus; bukti ora langsung; bukti kondisional,provisional_adapted_and_descriptive_proof_vocabulary,tracked,,,pending_next_accepted_reader_pagination,"For formal written Javanese, is “deduksi natural; aturan introduksi lan eliminasi; bukti miturut kasus; bukti ora langsung; bukti kondisional” clear and idiomatic for the constrained sense “natural deduction; introduction and elimination rules; proof by cases; indirect proof; conditional proof”, or should one of these be preferred: pambuktian alamiah; aturan mlebu-metu; bukti kanthi pamerangan?"
JV-T092,terminology_decision,3,OLP-0066,first-order-logic/proof-systems/natural-deduction,upstream/content/first-order-logic/proof-systems/natural-deduction.tex,20,translation/content/first-order-logic/proof-systems/natural-deduction.tex,18,18,,Latn,jv-Latn-ID,deduksi natural; aturan introduksi lan eliminasi; bukti miturut kasus; bukti ora langsung; bukti kondisional,provisional_adapted_and_descriptive_proof_vocabulary,tracked,,,pending_next_accepted_reader_pagination,"For formal written Javanese, is “deduksi natural; aturan introduksi lan eliminasi; bukti miturut kasus; bukti ora langsung; bukti kondisional” clear and idiomatic for the constrained sense “natural deduction; introduction and elimination rules; proof by cases; indirect proof; conditional proof”, or should one of these be preferred: pambuktian alamiah; aturan mlebu-metu; bukti kanthi pamerangan?"
JV-T092,terminology_decision,4,OLP-0066,first-order-logic/proof-systems/natural-deduction,upstream/content/first-order-logic/proof-systems/natural-deduction.tex,22,translation/content/first-order-logic/proof-systems/natural-deduction.tex,20,20,,Latn,jv-Latn-ID,deduksi natural; aturan introduksi lan eliminasi; bukti miturut kasus; bukti ora langsung; bukti kondisional,provisional_adapted_and_descriptive_proof_vocabulary,tracked,,,pending_next_accepted_reader_pagination,"For formal written Javanese, is “deduksi natural; aturan introduksi lan eliminasi; bukti miturut kasus; bukti ora langsung; bukti kondisional” clear and idiomatic for the constrained sense “natural deduction; introduction and elimination rules; proof by cases; indirect proof; conditional proof”, or should one of these be preferred: pambuktian alamiah; aturan mlebu-metu; bukti kanthi pamerangan?"
JV-T092,terminology_decision,5,OLP-0066,first-order-logic/proof-systems/natural-deduction,upstream/content/first-order-logic/proof-systems/natural-deduction.tex,22,translation/content/first-order-logic/proof-systems/natural-deduction.tex,22,22,,Latn,jv-Latn-ID,deduksi natural; aturan introduksi lan eliminasi; bukti miturut kasus; bukti ora langsung; bukti kondisional,provisional_adapted_and_descriptive_proof_vocabulary,tracked,,,pending_next_accepted_reader_pagination,"For formal written Javanese, is “deduksi natural; aturan introduksi lan eliminasi; bukti miturut kasus; bukti ora langsung; bukti kondisional” clear and idiomatic for the constrained sense “natural deduction; introduction and elimination rules; proof by cases; indirect proof; conditional proof”, or should one of these be preferred: pambuktian alamiah; aturan mlebu-metu; bukti kanthi pamerangan?"
JV-T093,terminology_decision,1,OLP-0066,first-order-logic/proof-systems/natural-deduction,upstream/content/first-order-logic/proof-systems/natural-deduction.tex,34,translation/content/first-order-logic/proof-systems/natural-deduction.tex,33,33,,Latn,jv-Latn-ID,asumsi; mbubarake asumsi; asumsi kang durung dibubarake,provisional_borrowing_and_descriptive_rendering,P2-specialized-language-review,,,pending_next_accepted_reader_pagination,"For formal written Javanese, is “asumsi; mbubarake asumsi; asumsi kang durung dibubarake” clear and idiomatic for the constrained sense “assumption; discharge; undischarged assumption”, or should one of these be preferred: pangira; nutup asumsi; asumsi kang isih bukak?"
JV-T094,terminology_decision,1,OLP-0064,first-order-logic/proof-systems/introduction,upstream/content/first-order-logic/proof-systems/introduction.tex,41,translation/content/first-order-logic/proof-systems/introduction.tex,41,41,,Latn,jv-Latn-ID,tableau; formula mawa tandha; cabang katutup utawa bukak; wit kabeneran,provisional_borrowing_and_descriptive_rendering,P2-specialized-language-review,,,pending_next_accepted_reader_pagination,"For formal written Javanese, is “tableau; formula mawa tandha; cabang katutup utawa bukak; wit kabeneran” clear and idiomatic for the constrained sense “tableau; signed formula; closed or open branch; truth tree”, or should one of these be preferred: wit semantis; formula tandha; cabang rampung utawa mbukak?"
JV-T094,terminology_decision,2,OLP-0064,first-order-logic/proof-systems/introduction,upstream/content/first-order-logic/proof-systems/tableaux.tex,16,translation/content/first-order-logic/proof-systems/introduction.tex,40,40,,Latn,jv-Latn-ID,tableau; formula mawa tandha; cabang katutup utawa bukak; wit kabeneran,provisional_borrowing_and_descriptive_rendering,P2-specialized-language-review,,,pending_next_accepted_reader_pagination,"For formal written Javanese, is “tableau; formula mawa tandha; cabang katutup utawa bukak; wit kabeneran” clear and idiomatic for the constrained sense “tableau; signed formula; closed or open branch; truth tree”, or should one of these be preferred: wit semantis; formula tandha; cabang rampung utawa mbukak?"
JV-T095,terminology_decision,1,OLP-0068,first-order-logic/proof-systems/axiomatic-deduction,upstream/content/first-order-logic/proof-systems/axiomatic-deduction.tex,26,translation/content/first-order-logic/proof-systems/axiomatic-deduction.tex,27,27,,Latn,jv-Latn-ID,skema aksioma; modus ponens; metodhe resolusi; refutasi,provisional_adapted_proof_vocabulary,tracked,,,pending_next_accepted_reader_pagination,"For formal written Javanese, is “skema aksioma; modus ponens; metodhe resolusi; refutasi” clear and idiomatic for the constrained sense “axiom schema; modus ponens; resolution method; refutation”, or should one of these be preferred: pola aksioma; aturan pisah; cara resolusi; panulakan?"
JV-T095,terminology_decision,2,OLP-0068,first-order-logic/proof-systems/axiomatic-deduction,upstream/content/first-order-logic/proof-systems/axiomatic-deduction.tex,39,translation/content/first-order-logic/proof-systems/axiomatic-deduction.tex,40,40,,Latn,jv-Latn-ID,skema aksioma; modus ponens; metodhe resolusi; refutasi,provisional_adapted_proof_vocabulary,tracked,,,pending_next_accepted_reader_pagination,"For formal written Javanese, is “skema aksioma; modus ponens; metodhe resolusi; refutasi” clear and idiomatic for the constrained sense “axiom schema; modus ponens; resolution method; refutation”, or should one of these be preferred: pola aksioma; aturan pisah; cara resolusi; panulakan?"
JV-T095,terminology_decision,3,OLP-0064,first-order-logic/proof-systems/introduction,upstream/content/first-order-logic/proof-systems/introduction.tex,43,translation/content/first-order-logic/proof-systems/introduction.tex,43,43,,Latn,jv-Latn-ID,skema aksioma; modus ponens; metodhe resolusi; refutasi,provisional_adapted_proof_vocabulary,tracked,,,pending_next_accepted_reader_pagination,"For formal written Javanese, is “skema aksioma; modus ponens; metodhe resolusi; refutasi” clear and idiomatic for the constrained sense “axiom schema; modus ponens; resolution method; refutation”, or should one of these be preferred: pola aksioma; aturan pisah; cara resolusi; panulakan?"
JV-T095,terminology_decision,4,OLP-0064,first-order-logic/proof-systems/introduction,upstream/content/first-order-logic/proof-systems/introduction.tex,55,translation/content/first-order-logic/proof-systems/introduction.tex,54,54,,Latn,jv-Latn-ID,skema aksioma; modus ponens; metodhe resolusi; refutasi,provisional_adapted_proof_vocabulary,tracked,,,pending_next_accepted_reader_pagination,"For formal written Javanese, is “skema aksioma; modus ponens; metodhe resolusi; refutasi” clear and idiomatic for the constrained sense “axiom schema; modus ponens; resolution method; refutation”, or should one of these be preferred: pola aksioma; aturan pisah; cara resolusi; panulakan?"
JV-T097,terminology_decision,1,OLP-0070,first-order-logic/sequent-calculus/rules-and-proofs,upstream/content/first-order-logic/sequent-calculus/rules-and-proofs.tex,25,translation/content/first-order-logic/sequent-calculus/rules-and-proofs.tex,25,25,,Latn,jv-Latn-ID,anteseden; sukseden,provisional_adapted_proof_theory_vocabulary,tracked,,,pending_next_accepted_reader_pagination,"For formal written Javanese, is “anteseden; sukseden” clear and idiomatic for the constrained sense “antecedent; succedent”, or should one of these be preferred: pratelan ngarep lan mburi; sisih kiwa lan tengen?"
JV-T097,terminology_decision,2,OLP-0070,first-order-logic/sequent-calculus/rules-and-proofs,upstream/content/first-order-logic/sequent-calculus/rules-and-proofs.tex,25,translation/content/first-order-logic/sequent-calculus/rules-and-proofs.tex,25,25,,Latn,jv-Latn-ID,anteseden; sukseden,provisional_adapted_proof_theory_vocabulary,tracked,,,pending_next_accepted_reader_pagination,"For formal written Javanese, is “anteseden; sukseden” clear and idiomatic for the constrained sense “antecedent; succedent”, or should one of these be preferred: pratelan ngarep lan mburi; sisih kiwa lan tengen?"
JV-T098,terminology_decision,1,OLP-0072,first-order-logic/sequent-calculus/quantifier-rules,upstream/content/first-order-logic/sequent-calculus/quantifier-rules.tex,30,translation/content/first-order-logic/sequent-calculus/quantifier-rules.tex,30,30,,Latn,jv-Latn-ID,eigenvariabel; syarat eigenvariabel; term tertutup,provisional_borrowing_and_descriptive_rendering,tracked,,,pending_next_accepted_reader_pagination,"For formal written Javanese, is “eigenvariabel; syarat eigenvariabel; term tertutup” clear and idiomatic for the constrained sense “eigenvariable; eigenvariable condition; closed term”, or should one of these be preferred: variabel seger; katemtuan variabel anyar; term tanpa variabel?"
JV-T098,terminology_decision,2,OLP-0072,first-order-logic/sequent-calculus/quantifier-rules,upstream/content/first-order-logic/sequent-calculus/quantifier-rules.tex,54,translation/content/first-order-logic/sequent-calculus/quantifier-rules.tex,55,55,,Latn,jv-Latn-ID,eigenvariabel; syarat eigenvariabel; term tertutup,provisional_borrowing_and_descriptive_rendering,tracked,,,pending_next_accepted_reader_pagination,"For formal written Javanese, is “eigenvariabel; syarat eigenvariabel; term tertutup” clear and idiomatic for the constrained sense “eigenvariable; eigenvariable condition; closed term”, or should one of these be preferred: variabel seger; katemtuan variabel anyar; term tanpa variabel?"
JV-T098,terminology_decision,3,OLP-0072,first-order-logic/sequent-calculus/quantifier-rules,upstream/content/first-order-logic/sequent-calculus/quantifier-rules.tex,27,translation/content/first-order-logic/sequent-calculus/quantifier-rules.tex,27,27,,Latn,jv-Latn-ID,eigenvariabel; syarat eigenvariabel; term tertutup,provisional_borrowing_and_descriptive_rendering,tracked,,,pending_next_accepted_reader_pagination,"For formal written Javanese, is “eigenvariabel; syarat eigenvariabel; term tertutup” clear and idiomatic for the constrained sense “eigenvariable; eigenvariable condition; closed term”, or should one of these be preferred: variabel seger; katemtuan variabel anyar; term tanpa variabel?"
JV-T099,terminology_decision,1,OLP-0073,first-order-logic/sequent-calculus/structural-rules,upstream/content/first-order-logic/sequent-calculus/structural-rules.tex,13,translation/content/first-order-logic/sequent-calculus/structural-rules.tex,13,13,,Latn,jv-Latn-ID,aturan struktural; pelemahan; kontraksi; pertukaran; potong,provisional_adapted_and_descriptive_proof_vocabulary,tracked,,,pending_next_accepted_reader_pagination,"For formal written Javanese, is “aturan struktural; pelemahan; kontraksi; pertukaran; potong” clear and idiomatic for the constrained sense “structural rule; weakening; contraction; exchange; cut”, or should one of these be preferred: aturan wujud; pengenduran; panyawijan; ijol; pangilangan tengah?"
JV-T099,terminology_decision,2,OLP-0073,first-order-logic/sequent-calculus/structural-rules,upstream/content/first-order-logic/sequent-calculus/structural-rules.tex,23,translation/content/first-order-logic/sequent-calculus/structural-rules.tex,23,23,,Latn,jv-Latn-ID,aturan struktural; pelemahan; kontraksi; pertukaran; potong,provisional_adapted_and_descriptive_proof_vocabulary,tracked,,,pending_next_accepted_reader_pagination,"For formal written Javanese, is “aturan struktural; pelemahan; kontraksi; pertukaran; potong” clear and idiomatic for the constrained sense “structural rule; weakening; contraction; exchange; cut”, or should one of these be preferred: aturan wujud; pengenduran; panyawijan; ijol; pangilangan tengah?"
JV-T099,terminology_decision,3,OLP-0073,first-order-logic/sequent-calculus/structural-rules,upstream/content/first-order-logic/sequent-calculus/structural-rules.tex,37,translation/content/first-order-logic/sequent-calculus/structural-rules.tex,37,37,,Latn,jv-Latn-ID,aturan struktural; pelemahan; kontraksi; pertukaran; potong,provisional_adapted_and_descriptive_proof_vocabulary,tracked,,,pending_next_accepted_reader_pagination,"For formal written Javanese, is “aturan struktural; pelemahan; kontraksi; pertukaran; potong” clear and idiomatic for the constrained sense “structural rule; weakening; contraction; exchange; cut”, or should one of these be preferred: aturan wujud; pengenduran; panyawijan; ijol; pangilangan tengah?"
JV-T099,terminology_decision,4,OLP-0073,first-order-logic/sequent-calculus/structural-rules,upstream/content/first-order-logic/sequent-calculus/structural-rules.tex,18,translation/content/first-order-logic/sequent-calculus/structural-rules.tex,18,18,,Latn,jv-Latn-ID,aturan struktural; pelemahan; kontraksi; pertukaran; potong,provisional_adapted_and_descriptive_proof_vocabulary,tracked,,,pending_next_accepted_reader_pagination,"For formal written Javanese, is “aturan struktural; pelemahan; kontraksi; pertukaran; potong” clear and idiomatic for the constrained sense “structural rule; weakening; contraction; exchange; cut”, or should one of these be preferred: aturan wujud; pengenduran; panyawijan; ijol; pangilangan tengah?"
JV-T099,terminology_decision,5,OLP-0073,first-order-logic/sequent-calculus/structural-rules,upstream/content/first-order-logic/sequent-calculus/structural-rules.tex,68,translation/content/first-order-logic/sequent-calculus/structural-rules.tex,68,68,,Latn,jv-Latn-ID,aturan struktural; pelemahan; kontraksi; pertukaran; potong,provisional_adapted_and_descriptive_proof_vocabulary,tracked,,,pending_next_accepted_reader_pagination,"For formal written Javanese, is “aturan struktural; pelemahan; kontraksi; pertukaran; potong” clear and idiomatic for the constrained sense “structural rule; weakening; contraction; exchange; cut”, or should one of these be preferred: aturan wujud; pengenduran; panyawijan; ijol; pangilangan tengah?"
JV-T100,terminology_decision,1,OLP-0074,first-order-logic/sequent-calculus/derivations,upstream/content/first-order-logic/sequent-calculus/derivations.tex,33,translation/content/first-order-logic/sequent-calculus/derivations.tex,33,33,,Latn,jv-Latn-ID,sekuen-pungkasan; premis; kesimpulan,provisional_compound_and_borrowing,tracked,,,pending_next_accepted_reader_pagination,"For formal written Javanese, is “sekuen-pungkasan; premis; kesimpulan” clear and idiomatic for the constrained sense “end-sequent; premise; conclusion”, or should one of these be preferred: sekuen dhasar; pangira; asil inferensi?"
JV-T100,terminology_decision,2,OLP-0074,first-order-logic/sequent-calculus/derivations,upstream/content/first-order-logic/sequent-calculus/derivations.tex,29,translation/content/first-order-logic/sequent-calculus/derivations.tex,29,29,,Latn,jv-Latn-ID,sekuen-pungkasan; premis; kesimpulan,provisional_compound_and_borrowing,tracked,,,pending_next_accepted_reader_pagination,"For formal written Javanese, is “sekuen-pungkasan; premis; kesimpulan” clear and idiomatic for the constrained sense “end-sequent; premise; conclusion”, or should one of these be preferred: sekuen dhasar; pangira; asil inferensi?"
JV-T100,terminology_decision,3,OLP-0074,first-order-logic/sequent-calculus/derivations,upstream/content/first-order-logic/sequent-calculus/derivations.tex,30,translation/content/first-order-logic/sequent-calculus/derivations.tex,30,30,,Latn,jv-Latn-ID,sekuen-pungkasan; premis; kesimpulan,provisional_compound_and_borrowing,tracked,,,pending_next_accepted_reader_pagination,"For formal written Javanese, is “sekuen-pungkasan; premis; kesimpulan” clear and idiomatic for the constrained sense “end-sequent; premise; conclusion”, or should one of these be preferred: sekuen dhasar; pangira; asil inferensi?"
JV-T101,terminology_decision,1,OLP-0077,first-order-logic/sequent-calculus/proof-theoretic-notions,upstream/content/first-order-logic/sequent-calculus/proof-theoretic-notions.tex,18,translation/content/first-order-logic/sequent-calculus/proof-theoretic-notions.tex,20,20,,Latn,jv-Latn-ID,gagasan teoretis-bukti; provabilitas; ora bisa diderivasi; kekompakan,provisional_adapted_and_descriptive_metatheory_vocabulary,tracked,,,pending_next_accepted_reader_pagination,"For formal written Javanese, is “gagasan teoretis-bukti; provabilitas; ora bisa diderivasi; kekompakan” clear and idiomatic for the constrained sense “proof-theoretic notion; provability; nonderivability; compactness”, or should one of these be preferred: konsep teori bukti; kabuktenan; ora ana derivasi; sipat winates?"
JV-T101,terminology_decision,2,OLP-0077,first-order-logic/sequent-calculus/proof-theoretic-notions,upstream/content/first-order-logic/sequent-calculus/proof-theoretic-notions.tex,10,translation/content/first-order-logic/sequent-calculus/proof-theoretic-notions.tex,10,10,,Latn,jv-Latn-ID,gagasan teoretis-bukti; provabilitas; ora bisa diderivasi; kekompakan,provisional_adapted_and_descriptive_metatheory_vocabulary,tracked,,,pending_next_accepted_reader_pagination,"For formal written Javanese, is “gagasan teoretis-bukti; provabilitas; ora bisa diderivasi; kekompakan” clear and idiomatic for the constrained sense “proof-theoretic notion; provability; nonderivability; compactness”, or should one of these be preferred: konsep teori bukti; kabuktenan; ora ana derivasi; sipat winates?"
JV-T101,terminology_decision,3,OLP-0077,first-order-logic/sequent-calculus/proof-theoretic-notions,upstream/content/first-order-logic/sequent-calculus/proof-theoretic-notions.tex,25,translation/content/first-order-logic/sequent-calculus/proof-theoretic-notions.tex,151,151,,Latn,jv-Latn-ID,gagasan teoretis-bukti; provabilitas; ora bisa diderivasi; kekompakan,provisional_adapted_and_descriptive_metatheory_vocabulary,tracked,,,pending_next_accepted_reader_pagination,"For formal written Javanese, is “gagasan teoretis-bukti; provabilitas; ora bisa diderivasi; kekompakan” clear and idiomatic for the constrained sense “proof-theoretic notion; provability; nonderivability; compactness”, or should one of these be preferred: konsep teori bukti; kabuktenan; ora ana derivasi; sipat winates?"
JV-T104,terminology_decision,1,OLP-0081,first-order-logic/sequent-calculus/soundness,upstream/content/first-order-logic/sequent-calculus/soundness.tex,3,translation/content/first-order-logic/sequent-calculus/soundness.tex,13,13,,Latn,jv-Latn-ID,sah; kasahihan; nyukupi sekuen; kontraposisi,provisional_technical_specialization_and_borrowing,tracked,,,pending_next_accepted_reader_pagination,"For formal written Javanese, is “sah; kasahihan; nyukupi sekuen; kontraposisi” clear and idiomatic for the constrained sense “sound; soundness; satisfies a sequent; contrapositive”, or should one of these be preferred: keswaraan; sipat aman; nepaki sekuen; bukti kanthi kosok balen?"
JV-T104,terminology_decision,2,OLP-0081,first-order-logic/sequent-calculus/soundness,upstream/content/first-order-logic/sequent-calculus/soundness.tex,3,translation/content/first-order-logic/sequent-calculus/soundness.tex,13,13,,Latn,jv-Latn-ID,sah; kasahihan; nyukupi sekuen; kontraposisi,provisional_technical_specialization_and_borrowing,tracked,,,pending_next_accepted_reader_pagination,"For formal written Javanese, is “sah; kasahihan; nyukupi sekuen; kontraposisi” clear and idiomatic for the constrained sense “sound; soundness; satisfies a sequent; contrapositive”, or should one of these be preferred: keswaraan; sipat aman; nepaki sekuen; bukti kanthi kosok balen?"
JV-T104,terminology_decision,3,OLP-0081,first-order-logic/sequent-calculus/soundness,upstream/content/first-order-logic/sequent-calculus/soundness.tex,372,translation/content/first-order-logic/sequent-calculus/soundness.tex,52,52,,Latn,jv-Latn-ID,sah; kasahihan; nyukupi sekuen; kontraposisi,provisional_technical_specialization_and_borrowing,tracked,,,pending_next_accepted_reader_pagination,"For formal written Javanese, is “sah; kasahihan; nyukupi sekuen; kontraposisi” clear and idiomatic for the constrained sense “sound; soundness; satisfies a sequent; contrapositive”, or should one of these be preferred: keswaraan; sipat aman; nepaki sekuen; bukti kanthi kosok balen?"
JV-T104,terminology_decision,4,OLP-0081,first-order-logic/sequent-calculus/soundness,upstream/content/first-order-logic/sequent-calculus/soundness.tex,372,translation/content/first-order-logic/sequent-calculus/soundness.tex,404,404,,Latn,jv-Latn-ID,sah; kasahihan; nyukupi sekuen; kontraposisi,provisional_technical_specialization_and_borrowing,tracked,,,pending_next_accepted_reader_pagination,"For formal written Javanese, is “sah; kasahihan; nyukupi sekuen; kontraposisi” clear and idiomatic for the constrained sense “sound; soundness; satisfies a sequent; contrapositive”, or should one of these be preferred: keswaraan; sipat aman; nepaki sekuen; bukti kanthi kosok balen?"
JV-T105,terminology_decision,1,OLP-0083,first-order-logic/sequent-calculus/soundness-identity,upstream/content/first-order-logic/sequent-calculus/identity.tex,11,translation/content/first-order-logic/sequent-calculus/soundness-identity.tex,14,14,,Latn,jv-Latn-ID,identitas; substitutabilitas barang kang identik; Hukum Leibniz,provisional_adapted_and_descriptive_identity_vocabulary,tracked,,,pending_next_accepted_reader_pagination,"For formal written Javanese, is “identitas; substitutabilitas barang kang identik; Hukum Leibniz” clear and idiomatic for the constrained sense “identity; substitutability of identicals; Leibniz's Law”, or should one of these be preferred: kesamaan; prinsip panggantian; hukum Leibniz?"
JV-T105,terminology_decision,2,OLP-0082,first-order-logic/sequent-calculus/identity,upstream/content/first-order-logic/sequent-calculus/identity.tex,44,translation/content/first-order-logic/sequent-calculus/identity.tex,45,45,,Latn,jv-Latn-ID,identitas; substitutabilitas barang kang identik; Hukum Leibniz,provisional_adapted_and_descriptive_identity_vocabulary,tracked,,,pending_next_accepted_reader_pagination,"For formal written Javanese, is “identitas; substitutabilitas barang kang identik; Hukum Leibniz” clear and idiomatic for the constrained sense “identity; substitutability of identicals; Leibniz's Law”, or should one of these be preferred: kesamaan; prinsip panggantian; hukum Leibniz?"
JV-T105,terminology_decision,3,OLP-0082,first-order-logic/sequent-calculus/identity,upstream/content/first-order-logic/sequent-calculus/identity.tex,44,translation/content/first-order-logic/sequent-calculus/identity.tex,46,46,,Latn,jv-Latn-ID,identitas; substitutabilitas barang kang identik; Hukum Leibniz,provisional_adapted_and_descriptive_identity_vocabulary,tracked,,,pending_next_accepted_reader_pagination,"For formal written Javanese, is “identitas; substitutabilitas barang kang identik; Hukum Leibniz” clear and idiomatic for the constrained sense “identity; substitutability of identicals; Leibniz's Law”, or should one of these be preferred: kesamaan; prinsip panggantian; hukum Leibniz?"
JV-T107,terminology_decision,1,OLP-0089,first-order-logic/natural-deduction/proving-things,upstream/content/first-order-logic/natural-deduction/proving-things.tex,183,translation/content/first-order-logic/natural-deduction/proving-things.tex,153,153,,Latn,jv-Latn-ID,falsum; introduksi falsum; aturan falsum klasik; logika intuisionistik,provisional_adapted_proof_vocabulary,tracked,,,pending_next_accepted_reader_pagination,"For formal written Javanese, is “falsum; introduksi falsum; aturan falsum klasik; logika intuisionistik” clear and idiomatic for the constrained sense “falsum; falsehood introduction; classical falsehood rule; intuitionistic logic”, or should one of these be preferred: salah mutlak; aturan saka kontradiksi; logika intuisi?"
JV-T107,terminology_decision,2,OLP-0089,first-order-logic/natural-deduction/proving-things,upstream/content/first-order-logic/natural-deduction/proving-things.tex,183,translation/content/first-order-logic/natural-deduction/proving-things.tex,152,152,,Latn,jv-Latn-ID,falsum; introduksi falsum; aturan falsum klasik; logika intuisionistik,provisional_adapted_proof_vocabulary,tracked,,,pending_next_accepted_reader_pagination,"For formal written Javanese, is “falsum; introduksi falsum; aturan falsum klasik; logika intuisionistik” clear and idiomatic for the constrained sense “falsum; falsehood introduction; classical falsehood rule; intuitionistic logic”, or should one of these be preferred: salah mutlak; aturan saka kontradiksi; logika intuisi?"
JV-T107,terminology_decision,3,OLP-0089,first-order-logic/natural-deduction/proving-things,upstream/content/first-order-logic/natural-deduction/proving-things.tex,183,translation/content/first-order-logic/natural-deduction/proving-things.tex,192,192,,Latn,jv-Latn-ID,falsum; introduksi falsum; aturan falsum klasik; logika intuisionistik,provisional_adapted_proof_vocabulary,tracked,,,pending_next_accepted_reader_pagination,"For formal written Javanese, is “falsum; introduksi falsum; aturan falsum klasik; logika intuisionistik” clear and idiomatic for the constrained sense “falsum; falsehood introduction; classical falsehood rule; intuitionistic logic”, or should one of these be preferred: salah mutlak; aturan saka kontradiksi; logika intuisi?"
JV-T108,terminology_decision,1,OLP-0089,first-order-logic/natural-deduction/proving-things,upstream/content/first-order-logic/natural-deduction/proving-things.tex,79,translation/content/first-order-logic/natural-deduction/proving-things.tex,76,76,,Latn,jv-Latn-ID,makarya saka ngisor menyang ndhuwur; makarya saka ndhuwur menyang ngisor; cabang,provisional_descriptive_pedagogical_vocabulary,P2-specialized-language-review,,,pending_next_accepted_reader_pagination,"For formal written Javanese, is “makarya saka ngisor menyang ndhuwur; makarya saka ndhuwur menyang ngisor; cabang” clear and idiomatic for the constrained sense “work from the bottom up; work from the top down; branch”, or should one of these be preferred: panelusuran saka ancas; pambangunan saka asumsi; pang?"
JV-T108,terminology_decision,2,OLP-0089,first-order-logic/natural-deduction/proving-things,upstream/content/first-order-logic/natural-deduction/proving-things.tex,98,translation/content/first-order-logic/natural-deduction/proving-things.tex,78,78,,Latn,jv-Latn-ID,makarya saka ngisor menyang ndhuwur; makarya saka ndhuwur menyang ngisor; cabang,provisional_descriptive_pedagogical_vocabulary,P2-specialized-language-review,,,pending_next_accepted_reader_pagination,"For formal written Javanese, is “makarya saka ngisor menyang ndhuwur; makarya saka ndhuwur menyang ngisor; cabang” clear and idiomatic for the constrained sense “work from the bottom up; work from the top down; branch”, or should one of these be preferred: panelusuran saka ancas; pambangunan saka asumsi; pang?"
JV-T108,terminology_decision,3,OLP-0089,first-order-logic/natural-deduction/proving-things,upstream/content/first-order-logic/natural-deduction/proving-things.tex,98,translation/content/first-order-logic/natural-deduction/proving-things.tex,98,98,,Latn,jv-Latn-ID,makarya saka ngisor menyang ndhuwur; makarya saka ndhuwur menyang ngisor; cabang,provisional_descriptive_pedagogical_vocabulary,P2-specialized-language-review,,,pending_next_accepted_reader_pagination,"For formal written Javanese, is “makarya saka ngisor menyang ndhuwur; makarya saka ndhuwur menyang ngisor; cabang” clear and idiomatic for the constrained sense “work from the bottom up; work from the top down; branch”, or should one of these be preferred: panelusuran saka ancas; pambangunan saka asumsi; pang?"
JV-T110,terminology_decision,1,OLP-0103,first-order-logic/tableaux/proving-things,upstream/content/first-order-logic/tableaux/proving-things.tex,40,translation/content/first-order-logic/tableaux/proving-things.tex,40,40,,Latn,jv-Latn-ID,tandha centhang; durung diwenehi tandha centhang; saben cabang bukak,provisional_descriptive_tableau_construction_vocabulary,P2-specialized-language-review,,,pending_next_accepted_reader_pagination,"For formal written Javanese, is “tandha centhang; durung diwenehi tandha centhang; saben cabang bukak” clear and idiomatic for the constrained sense “checkmark; remains unchecked; every open branch”, or should one of these be preferred: tandha priksa; wis diproses; saben pang bukak?"
JV-T110,terminology_decision,2,OLP-0103,first-order-logic/tableaux/proving-things,upstream/content/first-order-logic/tableaux/proving-things.tex,302,translation/content/first-order-logic/tableaux/proving-things.tex,303,303,,Latn,jv-Latn-ID,tandha centhang; durung diwenehi tandha centhang; saben cabang bukak,provisional_descriptive_tableau_construction_vocabulary,P2-specialized-language-review,,,pending_next_accepted_reader_pagination,"For formal written Javanese, is “tandha centhang; durung diwenehi tandha centhang; saben cabang bukak” clear and idiomatic for the constrained sense “checkmark; remains unchecked; every open branch”, or should one of these be preferred: tandha priksa; wis diproses; saben pang bukak?"
JV-T110,terminology_decision,3,OLP-0103,first-order-logic/tableaux/proving-things,upstream/content/first-order-logic/tableaux/proving-things.tex,43,translation/content/first-order-logic/tableaux/proving-things.tex,43,43,,Latn,jv-Latn-ID,tandha centhang; durung diwenehi tandha centhang; saben cabang bukak,provisional_descriptive_tableau_construction_vocabulary,P2-specialized-language-review,,,pending_next_accepted_reader_pagination,"For formal written Javanese, is “tandha centhang; durung diwenehi tandha centhang; saben cabang bukak” clear and idiomatic for the constrained sense “checkmark; remains unchecked; every open branch”, or should one of these be preferred: tandha priksa; wis diproses; saben pang bukak?"
JV-T112,terminology_decision,1,OLP-0110,first-order-logic/tableaux/identity,,,translation/content/first-order-logic/tableaux/identity.tex,74,74,,Latn,jv-Latn-ID,cabang utawa tableau kang bisa dicukupi; formula prasyarat; asil aturan,provisional_descriptive_tableau_metatheory_vocabulary,P2-specialized-language-review,,,pending_next_accepted_reader_pagination,"For formal written Javanese, is “cabang utawa tableau kang bisa dicukupi; formula prasyarat; asil aturan” clear and idiomatic for the constrained sense “satisfiable branch or tableau; prerequisite formula; result of a rule”, or should one of these be preferred: pang utawa tableau kang nyukupi; formula sarat; kesimpulan aturan?"
JV-T112,terminology_decision,2,OLP-0109,first-order-logic/tableaux/soundness,,,translation/content/first-order-logic/tableaux/soundness.tex,152,152,,Latn,jv-Latn-ID,cabang utawa tableau kang bisa dicukupi; formula prasyarat; asil aturan,provisional_descriptive_tableau_metatheory_vocabulary,P2-specialized-language-review,,,pending_next_accepted_reader_pagination,"For formal written Javanese, is “cabang utawa tableau kang bisa dicukupi; formula prasyarat; asil aturan” clear and idiomatic for the constrained sense “satisfiable branch or tableau; prerequisite formula; result of a rule”, or should one of these be preferred: pang utawa tableau kang nyukupi; formula sarat; kesimpulan aturan?"
JV-T114,terminology_decision,1,OLP-0116,first-order-logic/axiomatic-deduction/proving-things,,,translation/content/first-order-logic/axiomatic-deduction/proving-things.tex,44,44,,Latn,jv-Latn-ID,derivasi aksiomatik; rerangken derivasi; conto aksioma; label hipotesis; aturan kuantor,provisional_adapted_and_descriptive_axiomatic_vocabulary,tracked,,,pending_next_accepted_reader_pagination,"For formal written Javanese, is “derivasi aksiomatik; rerangken derivasi; conto aksioma; label hipotesis; aturan kuantor” clear and idiomatic for the constrained sense “axiomatic derivation; derivation sequence; axiom instance; hypothesis label; quantifier rule”, or should one of these be preferred: pambuktian aksiomatik; urutan deduksi; tuladha aksioma; pangira; aturan kuantifikasi?"
JV-T114,terminology_decision,2,OLP-0118,first-order-logic/axiomatic-deduction/proof-theoretic-notions,,,translation/content/first-order-logic/axiomatic-deduction/proof-theoretic-notions.tex,138,138,,Latn,jv-Latn-ID,derivasi aksiomatik; rerangken derivasi; conto aksioma; label hipotesis; aturan kuantor,provisional_adapted_and_descriptive_axiomatic_vocabulary,tracked,,,pending_next_accepted_reader_pagination,"For formal written Javanese, is “derivasi aksiomatik; rerangken derivasi; conto aksioma; label hipotesis; aturan kuantor” clear and idiomatic for the constrained sense “axiomatic derivation; derivation sequence; axiom instance; hypothesis label; quantifier rule”, or should one of these be preferred: pambuktian aksiomatik; urutan deduksi; tuladha aksioma; pangira; aturan kuantifikasi?"
JV-D001,difficult_translation_or_source_decision,1,OLP-0005,sets-functions-relations/sets/basics,upstream/content/sets-functions-relations/sets/basics.tex,87,translation/content/sets-functions-relations/sets/basics.tex,73,94,OLP-0005-P012,Latn,jv-Latn-ID,Existence is qualified: extensionality gives uniqueness when a set exists.,retrospective_backfill,P1-source-or-semantic-review,,,pending_next_accepted_reader_pagination,Does the Javanese qualification clearly separate uniqueness from existence?
JV-D001,difficult_translation_or_source_decision,2,OLP-0005,editorial/ERRATA.md,upstream/content/sets-functions-relations/sets/basics.tex,87,editorial/ERRATA.md,8,8,,Latn,jv-Latn-ID,Existence is qualified: extensionality gives uniqueness when a set exists.,retrospective_backfill,P1-source-or-semantic-review,,,not_a_reader_body_occurrence,Does the Javanese qualification clearly separate uniqueness from existence?
JV-D002,difficult_translation_or_source_decision,1,OLP-0012,sets-functions-relations/relations/relations-as-sets,upstream/content/sets-functions-relations/relations/relations-as-sets.tex,98,translation/content/sets-functions-relations/relations/relations-as-sets.tex,68,116,OLP-0012-P010,Latn,jv-Latn-ID,Read I as the diagonal identity relation on natural numbers and state that in reader notes.,retrospective_backfill,P1-source-or-semantic-review,,,pending_next_accepted_reader_pagination,Is the identity-relation clarification unambiguous to a first-time reader?
JV-D002,difficult_translation_or_source_decision,2,OLP-0012,editorial/ERRATA.md,upstream/content/sets-functions-relations/relations/relations-as-sets.tex,98,editorial/ERRATA.md,5,5,,Latn,jv-Latn-ID,Read I as the diagonal identity relation on natural numbers and state that in reader notes.,retrospective_backfill,P1-source-or-semantic-review,,,not_a_reader_body_occurrence,Is the identity-relation clarification unambiguous to a first-time reader?
JV-D003,difficult_translation_or_source_decision,1,OLP-0018,sets-functions-relations/relations/trees,upstream/content/sets-functions-relations/relations/trees.tex,94,translation/content/sets-functions-relations/relations/trees.tex,109,120,OLP-0018-P016,Latn,jv-Latn-ID,Read X as the tree carrier A and disclose the source correction.,retrospective_backfill,P1-source-or-semantic-review,,,pending_next_accepted_reader_pagination,Does the correction preserve the intended maximal-chain condition?
JV-D003,difficult_translation_or_source_decision,2,OLP-0018,editorial/ERRATA.md,upstream/content/sets-functions-relations/relations/trees.tex,94,editorial/ERRATA.md,6,6,,Latn,jv-Latn-ID,Read X as the tree carrier A and disclose the source correction.,retrospective_backfill,P1-source-or-semantic-review,,,not_a_reader_body_occurrence,Does the correction preserve the intended maximal-chain condition?
JV-D004,difficult_translation_or_source_decision,1,OLP-0016,sets-functions-relations/relations/orders,upstream/content/sets-functions-relations/relations/orders.tex,105,translation/content/sets-functions-relations/relations/orders.tex,121,126,OLP-0016-P018,Latn,jv-Latn-ID,Retain reflexive closure in orders and transitive closure in relation operations; add a reader warning.,retrospective_backfill,P1-source-or-semantic-review,,,pending_next_accepted_reader_pagination,Are the two local meanings sufficiently signposted?
JV-D004,difficult_translation_or_source_decision,2,OLP-0016,editorial/ERRATA.md,upstream/content/sets-functions-relations/relations/orders.tex,105,editorial/ERRATA.md,7,7,,Latn,jv-Latn-ID,Retain reflexive closure in orders and transitive closure in relation operations; add a reader warning.,retrospective_backfill,P1-source-or-semantic-review,,,not_a_reader_body_occurrence,Are the two local meanings sufficiently signposted?
JV-D005,difficult_translation_or_source_decision,1,OLP-0021,sets-functions-relations/functions/function-basics,upstream/content/sets-functions-relations/functions/function-basics.tex,70,translation/content/sets-functions-relations/functions/function-basics.tex,78,92,OLP-0021-P014,Latn,jv-Latn-ID,Use oyod kuadrat utama kang ora negatif in the body and identify the correction.,contemporaneous_audit_adoption,P1-source-or-semantic-review,,,pending_next_accepted_reader_pagination,Is utama kang ora negatif the clearest Javanese description of the principal square root?
JV-D005,difficult_translation_or_source_decision,2,OLP-0021,editorial/ERRATA.md,upstream/content/sets-functions-relations/functions/function-basics.tex,70,editorial/ERRATA.md,10,10,,Latn,jv-Latn-ID,Use oyod kuadrat utama kang ora negatif in the body and identify the correction.,contemporaneous_audit_adoption,P1-source-or-semantic-review,,,not_a_reader_body_occurrence,Is utama kang ora negatif the clearest Javanese description of the principal square root?
JV-D006,difficult_translation_or_source_decision,1,OLP-0021,sets-functions-relations/functions/function-basics,upstream/content/sets-functions-relations/functions/function-basics.tex,95,translation/content/sets-functions-relations/functions/function-basics.tex,118,131,OLP-0021-P017,Latn,jv-Latn-ID,Use x consistently in prose and retain the mathematical function.,contemporaneous_audit_adoption,P1-source-or-semantic-review,,,pending_next_accepted_reader_pagination,Does the repaired prose clearly bind x throughout the example?
JV-D006,difficult_translation_or_source_decision,2,OLP-0021,editorial/ERRATA.md,upstream/content/sets-functions-relations/functions/function-basics.tex,95,editorial/ERRATA.md,10,10,,Latn,jv-Latn-ID,Use x consistently in prose and retain the mathematical function.,contemporaneous_audit_adoption,P1-source-or-semantic-review,,,not_a_reader_body_occurrence,Does the repaired prose clearly bind x throughout the example?
JV-D007,difficult_translation_or_source_decision,1,OLP-0024,sets-functions-relations/functions/inverses,upstream/content/sets-functions-relations/functions/inverses.tex,63,translation/content/sets-functions-relations/functions/inverses.tex,62,70,OLP-0024-P012,Latn,jv-Latn-ID,Require A nonempty in the proposition; state exact condition A nonempty or B empty adjacent.,contemporaneous_audit_adoption,P1-source-or-semantic-review,,,pending_next_accepted_reader_pagination,Is the simple theorem plus exact-condition note mathematically and pedagogically clear?
JV-D007,difficult_translation_or_source_decision,2,OLP-0024,editorial/ERRATA.md,upstream/content/sets-functions-relations/functions/inverses.tex,63,editorial/ERRATA.md,11,11,,Latn,jv-Latn-ID,Require A nonempty in the proposition; state exact condition A nonempty or B empty adjacent.,contemporaneous_audit_adoption,P1-source-or-semantic-review,,,not_a_reader_body_occurrence,Is the simple theorem plus exact-condition note mathematically and pedagogically clear?
JV-D008,difficult_translation_or_source_decision,1,OLP-0023,sets-functions-relations/functions/functions-relations,upstream/content/sets-functions-relations/functions/functions-relations.tex,61,translation/content/sets-functions-relations/functions/functions-relations.tex,60,78,OLP-0023-P012,Latn,jv-Latn-ID,Call it a relation between A and B contained in A times B.,contemporaneous_audit_adoption,P1-source-or-semantic-review,,,pending_next_accepted_reader_pagination,Does the repaired phrase align with the earlier binary-relation definition?
JV-D008,difficult_translation_or_source_decision,2,OLP-0023,editorial/ERRATA.md,upstream/content/sets-functions-relations/functions/functions-relations.tex,61,editorial/ERRATA.md,,,,Latn,jv-Latn-ID,Call it a relation between A and B contained in A times B.,contemporaneous_audit_adoption,P1-source-or-semantic-review,,,not_a_reader_body_occurrence,Does the repaired phrase align with the earlier binary-relation definition?
JV-D009,difficult_translation_or_source_decision,1,OLP-0023,sets-functions-relations/functions/functions-relations,upstream/content/sets-functions-relations/functions/functions-relations.tex,95,translation/content/sets-functions-relations/functions/functions-relations.tex,94,106,OLP-0023-P016,Latn,jv-Latn-ID,Keep the domain-only function restriction and explicitly contrast it with R intersect C squared.,contemporaneous_audit_adoption,P1-source-or-semantic-review,,,pending_next_accepted_reader_pagination,Is the domain-only versus two-coordinate distinction sufficiently explicit?
JV-D009,difficult_translation_or_source_decision,2,OLP-0023,editorial/ERRATA.md,upstream/content/sets-functions-relations/functions/functions-relations.tex,95,editorial/ERRATA.md,,,,Latn,jv-Latn-ID,Keep the domain-only function restriction and explicitly contrast it with R intersect C squared.,contemporaneous_audit_adoption,P1-source-or-semantic-review,,,not_a_reader_body_occurrence,Is the domain-only versus two-coordinate distinction sufficiently explicit?
JV-D010,difficult_translation_or_source_decision,1,OLP-0031,sets-functions-relations/size-of-sets/pairing,upstream/content/sets-functions-relations/size-of-sets/pairing.tex,34,translation/content/sets-functions-relations/size-of-sets/pairing.tex,29,45,OLP-0031-P006,Latn,jv-Latn-ID,Keep the correct displayed pairing formula and explain that the sum is through k inclusive.,retrospective_backfill,P1-source-or-semantic-review,,,pending_next_accepted_reader_pagination,Is the source correction clear without disrupting the derivation?
JV-D010,difficult_translation_or_source_decision,2,OLP-0031,editorial/ERRATA.md,upstream/content/sets-functions-relations/size-of-sets/pairing.tex,34,editorial/ERRATA.md,19,19,,Latn,jv-Latn-ID,Keep the correct displayed pairing formula and explain that the sum is through k inclusive.,retrospective_backfill,P1-source-or-semantic-review,,,not_a_reader_body_occurrence,Is the source correction clear without disrupting the derivation?
JV-D011,difficult_translation_or_source_decision,1,OLP-0031,sets-functions-relations/size-of-sets/pairing,upstream/content/sets-functions-relations/size-of-sets/pairing.tex,93,translation/content/sets-functions-relations/size-of-sets/pairing.tex,91,98,OLP-0031-P015,Latn,jv-Latn-ID,"State the complement in Nat of a finite subset there, following the explicit Nat-minus-A definition.",retrospective_detection_then_contemporaneous_audit_adoption,P1-source-or-semantic-review,,,pending_next_accepted_reader_pagination,Does kowinates remain clear as finite complement within Nat?
JV-D011,difficult_translation_or_source_decision,2,OLP-0031,editorial/ERRATA.md,upstream/content/sets-functions-relations/size-of-sets/pairing.tex,93,editorial/ERRATA.md,19,19,,Latn,jv-Latn-ID,"State the complement in Nat of a finite subset there, following the explicit Nat-minus-A definition.",retrospective_detection_then_contemporaneous_audit_adoption,P1-source-or-semantic-review,,,not_a_reader_body_occurrence,Does kowinates remain clear as finite complement within Nat?
JV-D012,difficult_translation_or_source_decision,1,OLP-0031,sets-functions-relations/size-of-sets/pairing,upstream/content/sets-functions-relations/size-of-sets/pairing.tex,108,translation/content/sets-functions-relations/size-of-sets/pairing.tex,107,110,OLP-0031-P017,Latn,jv-Latn-ID,Qualify by surjectivity or re-enumerate the range; retain empty-product exception.,retrospective_backfill,P1-source-or-semantic-review,,,pending_next_accepted_reader_pagination,Is the distinction between a code inverse on its range and enumeration explicit enough?
JV-D012,difficult_translation_or_source_decision,2,OLP-0031,editorial/ERRATA.md,upstream/content/sets-functions-relations/size-of-sets/pairing.tex,108,editorial/ERRATA.md,19,19,,Latn,jv-Latn-ID,Qualify by surjectivity or re-enumerate the range; retain empty-product exception.,retrospective_backfill,P1-source-or-semantic-review,,,not_a_reader_body_occurrence,Is the distinction between a code inverse on its range and enumeration explicit enough?
JV-D013,difficult_translation_or_source_decision,1,OLP-0031,sets-functions-relations/size-of-sets/pairing,upstream/content/sets-functions-relations/size-of-sets/pairing.tex,100,translation/content/sets-functions-relations/size-of-sets/pairing.tex,100,105,OLP-0031-P016,Latn,jv-Latn-ID,State the choice dependence for arbitrary families; do not present it as bare-ZF consequence.,retrospective_backfill,P1-source-or-semantic-review,,,pending_next_accepted_reader_pagination,Is the scope of the choice qualification appropriately concise?
JV-D013,difficult_translation_or_source_decision,2,OLP-0031,editorial/ERRATA.md,upstream/content/sets-functions-relations/size-of-sets/pairing.tex,100,editorial/ERRATA.md,19,19,,Latn,jv-Latn-ID,State the choice dependence for arbitrary families; do not present it as bare-ZF consequence.,retrospective_backfill,P1-source-or-semantic-review,,,not_a_reader_body_occurrence,Is the scope of the choice qualification appropriately concise?
JV-D014,difficult_translation_or_source_decision,1,OLP-0032,sets-functions-relations/size-of-sets/pairing-alt,upstream/content/sets-functions-relations/size-of-sets/pairing-alt.tex,21,translation/content/sets-functions-relations/size-of-sets/pairing-alt.tex,13,86,OLP-0032-P006,Latn,jv-Latn-ID,"Use the tables and general formula as authoritative; repair (0,1) and the successive row family (3,m).",retrospective_detection_then_contemporaneous_audit_adoption,P1-source-or-semantic-review,,,pending_next_accepted_reader_pagination,Do the notes let a reader reconcile prose and tables quickly?
JV-D014,difficult_translation_or_source_decision,2,OLP-0032,editorial/ERRATA.md,upstream/content/sets-functions-relations/size-of-sets/pairing-alt.tex,21,editorial/ERRATA.md,20,20,,Latn,jv-Latn-ID,"Use the tables and general formula as authoritative; repair (0,1) and the successive row family (3,m).",retrospective_detection_then_contemporaneous_audit_adoption,P1-source-or-semantic-review,,,not_a_reader_body_occurrence,Do the notes let a reader reconcile prose and tables quickly?
JV-D015,difficult_translation_or_source_decision,1,OLP-0033,sets-functions-relations/size-of-sets/non-enumerability,upstream/content/sets-functions-relations/size-of-sets/non-enumerability.tex,26,translation/content/sets-functions-relations/size-of-sets/non-enumerability.tex,25,31,OLP-0033-P008,Latn,jv-Latn-ID,Add the nonempty qualification because the definition separately admits empty set.,retrospective_backfill,P1-source-or-semantic-review,,,pending_next_accepted_reader_pagination,Is the empty enumerable-set exception stated where readers need it?
JV-D015,difficult_translation_or_source_decision,2,OLP-0033,editorial/ERRATA.md,upstream/content/sets-functions-relations/size-of-sets/non-enumerability.tex,26,editorial/ERRATA.md,22,22,,Latn,jv-Latn-ID,Add the nonempty qualification because the definition separately admits empty set.,retrospective_backfill,P1-source-or-semantic-review,,,not_a_reader_body_occurrence,Is the empty enumerable-set exception stated where readers need it?
JV-D016,difficult_translation_or_source_decision,1,OLP-0034,sets-functions-relations/size-of-sets/reduction,upstream/content/sets-functions-relations/size-of-sets/reduction.tex,97,translation/content/sets-functions-relations/size-of-sets/reduction.tex,85,103,OLP-0034-P015,Latn,jv-Latn-ID,"Use n leading zeros followed by an infinite tail of ones, a valid infinite binary output.",retrospective_detection_then_contemporaneous_audit_adoption,P1-source-or-semantic-review,,,pending_next_accepted_reader_pagination,Is the corrected counterexample visibly a member of the codomain?
JV-D016,difficult_translation_or_source_decision,2,OLP-0034,editorial/ERRATA.md,upstream/content/sets-functions-relations/size-of-sets/reduction.tex,97,editorial/ERRATA.md,23,23,,Latn,jv-Latn-ID,"Use n leading zeros followed by an infinite tail of ones, a valid infinite binary output.",retrospective_detection_then_contemporaneous_audit_adoption,P1-source-or-semantic-review,,,not_a_reader_body_occurrence,Is the corrected counterexample visibly a member of the codomain?
JV-D017,difficult_translation_or_source_decision,1,OLP-0034,sets-functions-relations/size-of-sets/reduction,upstream/content/sets-functions-relations/size-of-sets/reduction.tex,52,translation/content/sets-functions-relations/size-of-sets/reduction.tex,51,59,OLP-0034-P011,Latn,jv-Latn-ID,Use one bound output name s consistently in the body.,retrospective_detection_then_contemporaneous_audit_adoption,P1-source-or-semantic-review,,,pending_next_accepted_reader_pagination,Does the repaired characteristic-sequence definition bind every symbol clearly?
JV-D017,difficult_translation_or_source_decision,2,OLP-0034,editorial/ERRATA.md,upstream/content/sets-functions-relations/size-of-sets/reduction.tex,52,editorial/ERRATA.md,23,23,,Latn,jv-Latn-ID,Use one bound output name s consistently in the body.,retrospective_detection_then_contemporaneous_audit_adoption,P1-source-or-semantic-review,,,not_a_reader_body_occurrence,Does the repaired characteristic-sequence definition bind every symbol clearly?
JV-D018,difficult_translation_or_source_decision,1,OLP-0035,sets-functions-relations/size-of-sets/equinumerous-sets,upstream/content/sets-functions-relations/size-of-sets/equinumerous-sets.tex,75,translation/content/sets-functions-relations/size-of-sets/equinumerous-sets.tex,67,95,OLP-0035-P015,Latn,jv-Latn-ID,Use f in both occurrences and disclose the typographical repair.,retrospective_detection_then_contemporaneous_audit_adoption,P1-source-or-semantic-review,,,pending_next_accepted_reader_pagination,Is the corrected empty-set argument now syntactically and mathematically clear?
JV-D018,difficult_translation_or_source_decision,2,OLP-0035,editorial/ERRATA.md,upstream/content/sets-functions-relations/size-of-sets/equinumerous-sets.tex,75,editorial/ERRATA.md,24,24,,Latn,jv-Latn-ID,Use f in both occurrences and disclose the typographical repair.,retrospective_detection_then_contemporaneous_audit_adoption,P1-source-or-semantic-review,,,not_a_reader_body_occurrence,Is the corrected empty-set argument now syntactically and mathematically clear?
JV-D019,difficult_translation_or_source_decision,1,OLP-0036,sets-functions-relations/size-of-sets/comparing-size,upstream/content/sets-functions-relations/size-of-sets/comparing-size.tex,88,translation/content/sets-functions-relations/size-of-sets/comparing-size.tex,71,109,OLP-0036-P014,Latn,jv-Latn-ID,Use every x in A; the defining iff supplies both cases.,retrospective_detection_then_contemporaneous_audit_adoption,P1-source-or-semantic-review,,,pending_next_accepted_reader_pagination,Does the note make the required whole-domain quantifier clear?
JV-D019,difficult_translation_or_source_decision,2,OLP-0036,editorial/ERRATA.md,upstream/content/sets-functions-relations/size-of-sets/comparing-size.tex,88,editorial/ERRATA.md,25,25,,Latn,jv-Latn-ID,Use every x in A; the defining iff supplies both cases.,retrospective_detection_then_contemporaneous_audit_adoption,P1-source-or-semantic-review,,,not_a_reader_body_occurrence,Does the note make the required whole-domain quantifier clear?
JV-D020,difficult_translation_or_source_decision,1,OLP-0036,sets-functions-relations/size-of-sets/comparing-size,upstream/content/sets-functions-relations/size-of-sets/comparing-size.tex,45,translation/content/sets-functions-relations/size-of-sets/comparing-size.tex,43,55,OLP-0036-P010,Latn,jv-Latn-ID,Limit the bare-ZF claim or state the background Choice assumption.,retrospective_backfill,P1-source-or-semantic-review,,,pending_next_accepted_reader_pagination,Which foundational qualification best matches the intended course context?
JV-D020,difficult_translation_or_source_decision,2,OLP-0036,editorial/ERRATA.md,upstream/content/sets-functions-relations/size-of-sets/comparing-size.tex,45,editorial/ERRATA.md,25,25,,Latn,jv-Latn-ID,Limit the bare-ZF claim or state the background Choice assumption.,retrospective_backfill,P1-source-or-semantic-review,,,not_a_reader_body_occurrence,Which foundational qualification best matches the intended course context?
JV-D021,difficult_translation_or_source_decision,1,OLP-0038,sets-functions-relations/size-of-sets/enumerability-alt,upstream/content/sets-functions-relations/size-of-sets/enumerability-alt.tex,21,translation/content/sets-functions-relations/size-of-sets/enumerability-alt.tex,21,33,OLP-0038-P007,Latn,jv-Latn-ID,"Read the opening as finite sets can be specified by enumeration; distinguish {0,...,n-1} from {0,...,n}.",contemporaneous,P1-source-or-semantic-review,,,pending_next_accepted_reader_pagination,Is the shift in finite-bound parameter sufficiently transparent?
JV-D021,difficult_translation_or_source_decision,2,OLP-0038,editorial/ERRATA.md,upstream/content/sets-functions-relations/size-of-sets/enumerability-alt.tex,21,editorial/ERRATA.md,26,26,,Latn,jv-Latn-ID,"Read the opening as finite sets can be specified by enumeration; distinguish {0,...,n-1} from {0,...,n}.",contemporaneous,P1-source-or-semantic-review,,,not_a_reader_body_occurrence,Is the shift in finite-bound parameter sufficiently transparent?
JV-D022,difficult_translation_or_source_decision,1,OLP-0039,sets-functions-relations/size-of-sets/non-enumerability-alt,upstream/content/sets-functions-relations/size-of-sets/non-enumerability-alt.tex,64,translation/content/sets-functions-relations/size-of-sets/non-enumerability-alt.tex,62,103,OLP-0039-P012,Latn,jv-Latn-ID,"Use mth digit of nth string and change 0 to 1, following the array and case formula.",contemporaneous_source_review_then_audit_adoption,P1-source-or-semantic-review,,,pending_next_accepted_reader_pagination,Do the adjacent repairs make the notation s_n(m) immediately clear?
JV-D022,difficult_translation_or_source_decision,2,OLP-0039,editorial/ERRATA.md,upstream/content/sets-functions-relations/size-of-sets/non-enumerability-alt.tex,64,editorial/ERRATA.md,27,27,,Latn,jv-Latn-ID,"Use mth digit of nth string and change 0 to 1, following the array and case formula.",contemporaneous_source_review_then_audit_adoption,P1-source-or-semantic-review,,,not_a_reader_body_occurrence,Do the adjacent repairs make the notation s_n(m) immediately clear?
JV-D023,difficult_translation_or_source_decision,1,OLP-0040,sets-functions-relations/size-of-sets/reduction-alt,upstream/content/sets-functions-relations/size-of-sets/reduction-alt.tex,50,translation/content/sets-functions-relations/size-of-sets/reduction-alt.tex,48,50,OLP-0040-P011,Latn,jv-Latn-ID,Retain the harmless N_1 list shift but use the single bound output name s in the body.,contemporaneous_source_review_then_audit_adoption,P1-source-or-semantic-review,,,pending_next_accepted_reader_pagination,Does the body now bind the output sequence clearly while the index-shift note remains explicit?
JV-D023,difficult_translation_or_source_decision,2,OLP-0040,editorial/ERRATA.md,upstream/content/sets-functions-relations/size-of-sets/reduction-alt.tex,50,editorial/ERRATA.md,28,28,,Latn,jv-Latn-ID,Retain the harmless N_1 list shift but use the single bound output name s in the body.,contemporaneous_source_review_then_audit_adoption,P1-source-or-semantic-review,,,not_a_reader_body_occurrence,Does the body now bind the output sequence clearly while the index-shift note remains explicit?
JV-D024,difficult_translation_or_source_decision,1,OLP-0043,sets-functions-relations/arithmetization/rationals,upstream/content/sets-functions-relations/arithmetization/rationals.tex,54,translation/content/sets-functions-relations/arithmetization/rationals.tex,47,63,OLP-0043-P006,Latn,jv-Latn-ID,"Use s-r throughout, following the preceding condition and displayed definition, and disclose the repair adjacent to the formula.",contemporaneous,P1-source-or-semantic-review,,,pending_next_accepted_reader_pagination,Does the adjacent Javanese correction make the controlling nonnegative-difference convention immediately clear?
JV-D024,difficult_translation_or_source_decision,2,OLP-0043,editorial/ERRATA.md,upstream/content/sets-functions-relations/arithmetization/rationals.tex,54,editorial/ERRATA.md,29,29,,Latn,jv-Latn-ID,"Use s-r throughout, following the preceding condition and displayed definition, and disclose the repair adjacent to the formula.",contemporaneous,P1-source-or-semantic-review,,,not_a_reader_body_occurrence,Does the adjacent Javanese correction make the controlling nonnegative-difference convention immediately clear?
JV-D025,difficult_translation_or_source_decision,1,OLP-0044,sets-functions-relations/arithmetization/reals,upstream/content/sets-functions-relations/arithmetization/reals.tex,80,translation/content/sets-functions-relations/arithmetization/reals.tex,83,97,OLP-0044-P012,Latn,jv-Latn-ID,Omit the syntactically and mathematically inert character and disclose the omission adjacent to the sentence.,contemporaneous,P1-source-or-semantic-review,,,pending_next_accepted_reader_pagination,Is the brief adjacent note sufficient without distracting from the least-upper-bound example?
JV-D025,difficult_translation_or_source_decision,2,OLP-0044,editorial/ERRATA.md,upstream/content/sets-functions-relations/arithmetization/reals.tex,80,editorial/ERRATA.md,30,30,,Latn,jv-Latn-ID,Omit the syntactically and mathematically inert character and disclose the omission adjacent to the sentence.,contemporaneous,P1-source-or-semantic-review,,,not_a_reader_body_occurrence,Is the brief adjacent note sufficient without distracting from the least-upper-bound example?
JV-D026,difficult_translation_or_source_decision,1,OLP-0044,sets-functions-relations/arithmetization/reals,upstream/content/sets-functions-relations/arithmetization/reals.tex,24,translation/content/sets-functions-relations/arithmetization/reals.tex,16,27,OLP-0044-P006,Latn,jv-Latn-ID,"Keep the comment inactive and aligned, while the errata identifies the standard nonnegative-principal-root convention used by the theorem.",contemporaneous,P1-source-or-semantic-review,,,pending_next_accepted_reader_pagination,Does the erratum clearly separate inactive source commentary from the theorem's operative notation?
JV-D026,difficult_translation_or_source_decision,2,OLP-0044,editorial/ERRATA.md,upstream/content/sets-functions-relations/arithmetization/reals.tex,24,editorial/ERRATA.md,30,30,,Latn,jv-Latn-ID,"Keep the comment inactive and aligned, while the errata identifies the standard nonnegative-principal-root convention used by the theorem.",contemporaneous,P1-source-or-semantic-review,,,not_a_reader_body_occurrence,Does the erratum clearly separate inactive source commentary from the theorem's operative notation?
JV-D027,difficult_translation_or_source_decision,1,OLP-0045,sets-functions-relations/arithmetization/cuts,upstream/content/sets-functions-relations/arithmetization/cuts.tex,64,translation/content/sets-functions-relations/arithmetization/cuts.tex,62,90,OLP-0045-P010,Latn,jv-Latn-ID,"Derive the existence of a member cut from the stated nonemptiness of the family; use the upper bound later for properness, and disclose the correction adjacent to the bullet.",contemporaneous,P1-source-or-semantic-review,,,pending_next_accepted_reader_pagination,Does the repaired bullet make the two hypotheses and their separate proof roles clear?
JV-D027,difficult_translation_or_source_decision,2,OLP-0045,editorial/ERRATA.md,upstream/content/sets-functions-relations/arithmetization/cuts.tex,64,editorial/ERRATA.md,31,31,,Latn,jv-Latn-ID,"Derive the existence of a member cut from the stated nonemptiness of the family; use the upper bound later for properness, and disclose the correction adjacent to the bullet.",contemporaneous,P1-source-or-semantic-review,,,not_a_reader_body_occurrence,Does the repaired bullet make the two hypotheses and their separate proof roles clear?
JV-D028,difficult_translation_or_source_decision,1,OLP-0046,sets-functions-relations/arithmetization/reflections,upstream/content/sets-functions-relations/arithmetization/reflections.tex,81,translation/content/sets-functions-relations/arithmetization/reflections.tex,79,87,OLP-0046-P011,Latn,jv-Latn-ID,"Translate it as aneh because the emphasized word evaluates the constructions as philosophically counterintuitive, not as odd-numbered.",contemporaneous,P1-source-or-semantic-review,,,pending_next_accepted_reader_pagination,Does aneh preserve the evaluative force without creating an unintended parity reading?
JV-D028,difficult_translation_or_source_decision,2,OLP-0046,editorial/ERRATA.md,upstream/content/sets-functions-relations/arithmetization/reflections.tex,81,editorial/ERRATA.md,,,,Latn,jv-Latn-ID,"Translate it as aneh because the emphasized word evaluates the constructions as philosophically counterintuitive, not as odd-numbered.",contemporaneous,P1-source-or-semantic-review,,,not_a_reader_body_occurrence,Does aneh preserve the evaluative force without creating an unintended parity reading?
JV-D029,difficult_translation_or_source_decision,1,OLP-0047,sets-functions-relations/arithmetization/checking-details,upstream/content/sets-functions-relations/arithmetization/checking-details.tex,150,translation/content/sets-functions-relations/arithmetization/checking-details.tex,146,153,OLP-0047-P022,Latn,jv-Latn-ID,Restore the intended task of checking that the reals form an ordered field and disclose the repair adjacent to the sentence.,contemporaneous,P1-source-or-semantic-review,,,pending_next_accepted_reader_pagination,Is the restored checking-task wording the narrowest clear repair?
JV-D029,difficult_translation_or_source_decision,2,OLP-0047,editorial/ERRATA.md,upstream/content/sets-functions-relations/arithmetization/checking-details.tex,150,editorial/ERRATA.md,32,32,,Latn,jv-Latn-ID,Restore the intended task of checking that the reals form an ordered field and disclose the repair adjacent to the sentence.,contemporaneous,P1-source-or-semantic-review,,,not_a_reader_body_occurrence,Is the restored checking-task wording the narrowest clear repair?
JV-D030,difficult_translation_or_source_decision,1,OLP-0047,sets-functions-relations/arithmetization/checking-details,upstream/content/sets-functions-relations/arithmetization/checking-details.tex,170,translation/content/sets-functions-relations/arithmetization/checking-details.tex,172,177,OLP-0047-P025,Latn,jv-Latn-ID,Retain the requested checks but state that they presuppose the intended commented-out definitions.,contemporaneous,P1-source-or-semantic-review,,,pending_next_accepted_reader_pagination,Does the note clearly disclose the missing active definitions while preserving the exercise sequence?
JV-D030,difficult_translation_or_source_decision,2,OLP-0047,editorial/ERRATA.md,upstream/content/sets-functions-relations/arithmetization/checking-details.tex,170,editorial/ERRATA.md,32,32,,Latn,jv-Latn-ID,Retain the requested checks but state that they presuppose the intended commented-out definitions.,contemporaneous,P1-source-or-semantic-review,,,not_a_reader_body_occurrence,Does the note clearly disclose the missing active definitions while preserving the exercise sequence?
JV-D031,difficult_translation_or_source_decision,1,OLP-0048,sets-functions-relations/arithmetization/cauchy,upstream/content/sets-functions-relations/arithmetization/cauchy.tex,56,translation/content/sets-functions-relations/arithmetization/cauchy.tex,37,69,OLP-0048-P008,Latn,jv-Latn-ID,"Supply the minimal grammatical readings for can be equally be encoded, way to see this as follows, define we a notion, and hone on in.",contemporaneous,P1-source-or-semantic-review,,,pending_next_accepted_reader_pagination,Do the repaired Javanese sentences preserve the narrow intended claims without adding content?
JV-D031,difficult_translation_or_source_decision,2,OLP-0048,editorial/ERRATA.md,upstream/content/sets-functions-relations/arithmetization/cauchy.tex,56,editorial/ERRATA.md,34,34,,Latn,jv-Latn-ID,"Supply the minimal grammatical readings for can be equally be encoded, way to see this as follows, define we a notion, and hone on in.",contemporaneous,P1-source-or-semantic-review,,,not_a_reader_body_occurrence,Do the repaired Javanese sentences preserve the narrow intended claims without adding content?
JV-D032,difficult_translation_or_source_decision,1,OLP-0048,sets-functions-relations/arithmetization/cauchy,upstream/content/sets-functions-relations/arithmetization/cauchy.tex,110,translation/content/sets-functions-relations/arithmetization/cauchy.tex,105,122,OLP-0048-P012,Latn,jv-Latn-ID,"Use equivalence classes, following the immediately ensuing quotient definition, and disclose the correction adjacent to it.",contemporaneous,P1-source-or-semantic-review,,,pending_next_accepted_reader_pagination,Does the correction make the quotient object unambiguous?
JV-D032,difficult_translation_or_source_decision,2,OLP-0048,editorial/ERRATA.md,upstream/content/sets-functions-relations/arithmetization/cauchy.tex,110,editorial/ERRATA.md,34,34,,Latn,jv-Latn-ID,"Use equivalence classes, following the immediately ensuing quotient definition, and disclose the correction adjacent to it.",contemporaneous,P1-source-or-semantic-review,,,not_a_reader_body_occurrence,Does the correction make the quotient object unambiguous?
JV-D033,difficult_translation_or_source_decision,1,OLP-0048,sets-functions-relations/arithmetization/cauchy,upstream/content/sets-functions-relations/arithmetization/cauchy.tex,150,translation/content/sets-functions-relations/arithmetization/cauchy.tex,146,165,OLP-0048-P015,Latn,jv-Latn-ID,"Use real zero, as required by the object type and by the next order sentence, with exact QA normalization and an adjacent note.",contemporaneous,P1-source-or-semantic-review,,,pending_next_accepted_reader_pagination,Is real zero plainly the unique type-correct reading?
JV-D033,difficult_translation_or_source_decision,2,OLP-0048,editorial/ERRATA.md,upstream/content/sets-functions-relations/arithmetization/cauchy.tex,150,editorial/ERRATA.md,34,34,,Latn,jv-Latn-ID,"Use real zero, as required by the object type and by the next order sentence, with exact QA normalization and an adjacent note.",contemporaneous,P1-source-or-semantic-review,,,not_a_reader_body_occurrence,Is real zero plainly the unique type-correct reading?
JV-D034,difficult_translation_or_source_decision,1,OLP-0048,sets-functions-relations/arithmetization/cauchy,upstream/content/sets-functions-relations/arithmetization/cauchy.tex,162,translation/content/sets-functions-relations/arithmetization/cauchy.tex,146,165,OLP-0048-P015,Latn,jv-Latn-ID,Retain the source shorthand while stating beside each theorem that the field and order act on equivalence classes and sequences serve as representatives.,contemporaneous,P1-source-or-semantic-review,,,pending_next_accepted_reader_pagination,Do the theorem notes consistently distinguish sequences from their quotient classes?
JV-D034,difficult_translation_or_source_decision,2,OLP-0048,editorial/ERRATA.md,upstream/content/sets-functions-relations/arithmetization/cauchy.tex,162,editorial/ERRATA.md,34,34,,Latn,jv-Latn-ID,Retain the source shorthand while stating beside each theorem that the field and order act on equivalence classes and sequences serve as representatives.,contemporaneous,P1-source-or-semantic-review,,,not_a_reader_body_occurrence,Do the theorem notes consistently distinguish sequences from their quotient classes?
JV-D035,difficult_translation_or_source_decision,1,OLP-0048,sets-functions-relations/arithmetization/cauchy,upstream/content/sets-functions-relations/arithmetization/cauchy.tex,182,translation/content/sets-functions-relations/arithmetization/cauchy.tex,185,193,OLP-0048-P020,Latn,jv-Latn-ID,Identify the unproved Archimedean dependency adjacent to the step and preserve the subsequent bisection argument.,contemporaneous,P1-source-or-semantic-review,,,pending_next_accepted_reader_pagination,Is the missing dependency stated precisely enough to assess the proof sketch?
JV-D035,difficult_translation_or_source_decision,2,OLP-0048,editorial/ERRATA.md,upstream/content/sets-functions-relations/arithmetization/cauchy.tex,182,editorial/ERRATA.md,34,34,,Latn,jv-Latn-ID,Identify the unproved Archimedean dependency adjacent to the step and preserve the subsequent bisection argument.,contemporaneous,P1-source-or-semantic-review,,,not_a_reader_body_occurrence,Is the missing dependency stated precisely enough to assess the proof sketch?
JV-D036,difficult_translation_or_source_decision,1,OLP-0029,sets-functions-relations/size-of-sets/enumerability,upstream/content/sets-functions-relations/size-of-sets/enumerability.tex,151,translation/content/sets-functions-relations/size-of-sets/enumerability.tex,139,164,OLP-0029-P020,Latn,jv-Latn-ID,"Add -3 in the aligned value row, following the unchanged formula and piecewise definition.",contemporaneous_audit_adoption,P1-source-or-semantic-review,,,pending_next_accepted_reader_pagination,Is the repaired table alignment immediately clear beside the adjacent note?
JV-D036,difficult_translation_or_source_decision,2,OLP-0029,editorial/ERRATA.md,upstream/content/sets-functions-relations/size-of-sets/enumerability.tex,151,editorial/ERRATA.md,18,18,,Latn,jv-Latn-ID,"Add -3 in the aligned value row, following the unchanged formula and piecewise definition.",contemporaneous_audit_adoption,P1-source-or-semantic-review,,,not_a_reader_body_occurrence,Is the repaired table alignment immediately clear beside the adjacent note?
JV-D037,difficult_translation_or_source_decision,1,OLP-0058,propositional-logic/syntax-and-semantics/formulas,upstream/content/propositional-logic/syntax-and-semantics/formulas.tex,159,translation/content/propositional-logic/syntax-and-semantics/formulas.tex,159,162,OLP-0058-P032,Latn,jv-Latn-ID,"Restore the missing opening parenthesis in the localized formula, retain the frozen English bytes, and identify the repair in the same list item.",contemporaneous_source_audit,P1-source-or-semantic-review,,,pending_next_accepted_reader_pagination,Does the matched parenthesis repair present the standard not-A-or-B abbreviation clearly while keeping the source defect auditable?
JV-D037,difficult_translation_or_source_decision,2,OLP-0058,editorial/ERRATA.md,upstream/content/propositional-logic/syntax-and-semantics/formulas.tex,159,editorial/ERRATA.md,38,38,,Latn,jv-Latn-ID,"Restore the missing opening parenthesis in the localized formula, retain the frozen English bytes, and identify the repair in the same list item.",contemporaneous_source_audit,P1-source-or-semantic-review,,,not_a_reader_body_occurrence,Does the matched parenthesis repair present the standard not-A-or-B abbreviation clearly while keeping the source defect auditable?
JV-D038,difficult_translation_or_source_decision,1,OLP-0067,first-order-logic/proof-systems/tableaux,upstream/content/first-order-logic/proof-systems/tableaux.tex,38,translation/content/first-order-logic/proof-systems/tableaux.tex,32,46,OLP-0067-P007,Latn,jv-Latn-ID,Use the connective-only false-conjunction rule name and record the repair adjacent to the prose example.,contemporaneous_source_audit,P1-source-or-semantic-review,,,pending_next_accepted_reader_pagination,Does the repaired rule name clearly match the preceding true-conjunction rule and its branch expansion?
JV-D038,difficult_translation_or_source_decision,2,OLP-0067,editorial/ERRATA.md,upstream/content/first-order-logic/proof-systems/tableaux.tex,38,editorial/ERRATA.md,39,39,,Latn,jv-Latn-ID,Use the connective-only false-conjunction rule name and record the repair adjacent to the prose example.,contemporaneous_source_audit,P1-source-or-semantic-review,,,not_a_reader_body_occurrence,Does the repaired rule name clearly match the preceding true-conjunction rule and its branch expansion?
JV-D039,difficult_translation_or_source_decision,1,OLP-0067,first-order-logic/proof-systems/tableaux,upstream/content/first-order-logic/proof-systems/tableaux.tex,57,translation/content/first-order-logic/proof-systems/tableaux.tex,48,71,OLP-0067-P008,Latn,jv-Latn-ID,Use the true-conjunction rule label for both children and record the repair immediately after the displayed tableau.,contemporaneous_source_audit,P1-source-or-semantic-review,,,pending_next_accepted_reader_pagination,Do the repaired labels visibly match the true-conjunction parent and true A/true B children?
JV-D039,difficult_translation_or_source_decision,2,OLP-0067,editorial/ERRATA.md,upstream/content/first-order-logic/proof-systems/tableaux.tex,57,editorial/ERRATA.md,39,39,,Latn,jv-Latn-ID,Use the true-conjunction rule label for both children and record the repair immediately after the displayed tableau.,contemporaneous_source_audit,P1-source-or-semantic-review,,,not_a_reader_body_occurrence,Do the repaired labels visibly match the true-conjunction parent and true A/true B children?
JV-D040,difficult_translation_or_source_decision,1,OLP-0075,first-order-logic/sequent-calculus/proving-things,upstream/content/first-order-logic/sequent-calculus/proving-things.tex,177,translation/content/first-order-logic/sequent-calculus/proving-things.tex,158,216,OLP-0075-P013,Latn,jv-Latn-ID,"Restore both second-disjunct negations, following the requested end-sequent and every adjacent proof tree, and record the repair in the same paragraph.",contemporaneous_source_audit,P1-source-or-semantic-review,,,pending_next_accepted_reader_pagination,Do the two repaired prose candidates now match the De Morgan end-sequent and the proof trees without obscuring the intentionally failed branch?
JV-D040,difficult_translation_or_source_decision,2,OLP-0075,editorial/ERRATA.md,upstream/content/first-order-logic/sequent-calculus/proving-things.tex,177,editorial/ERRATA.md,40,40,,Latn,jv-Latn-ID,"Restore both second-disjunct negations, following the requested end-sequent and every adjacent proof tree, and record the repair in the same paragraph.",contemporaneous_source_audit,P1-source-or-semantic-review,,,not_a_reader_body_occurrence,Do the two repaired prose candidates now match the De Morgan end-sequent and the proof trees without obscuring the intentionally failed branch?
JV-D041,difficult_translation_or_source_decision,1,OLP-0077,first-order-logic/sequent-calculus/proof-theoretic-notions,upstream/content/first-order-logic/sequent-calculus/proof-theoretic-notions.tex,11,translation/content/first-order-logic/sequent-calculus/proof-theoretic-notions.tex,9,14,OLP-0077-P004,Latn,jv-Latn-ID,"Name the sequent calculus, following the path, file identifiers, LK definitions and Cut proof, and record the correction inside the editorial note.",contemporaneous_source_audit,P1-source-or-semantic-review,,,pending_next_accepted_reader_pagination,Does the repaired editorial scope clearly identify this as the sequent-calculus proof-theoretic section?
JV-D041,difficult_translation_or_source_decision,2,OLP-0077,editorial/ERRATA.md,upstream/content/first-order-logic/sequent-calculus/proof-theoretic-notions.tex,11,editorial/ERRATA.md,41,41,,Latn,jv-Latn-ID,"Name the sequent calculus, following the path, file identifiers, LK definitions and Cut proof, and record the correction inside the editorial note.",contemporaneous_source_audit,P1-source-or-semantic-review,,,not_a_reader_body_occurrence,Does the repaired editorial scope clearly identify this as the sequent-calculus proof-theoretic section?
JV-D042,difficult_translation_or_source_decision,1,OLP-0081,first-order-logic/sequent-calculus/soundness,upstream/content/first-order-logic/sequent-calculus/soundness.tex,156,translation/content/first-order-logic/sequent-calculus/soundness.tex,121,264,OLP-0081-P016,Latn,jv-Latn-ID,"Name the left-conjunction conclusion, following the case assignment and the immediately preceding satisfaction statement, and record the repair in the same paragraph.",contemporaneous_source_audit,P1-source-or-semantic-review,,,pending_next_accepted_reader_pagination,Does the repaired final sentence now close the induction case with exactly the displayed conclusion?
JV-D042,difficult_translation_or_source_decision,2,OLP-0081,editorial/ERRATA.md,upstream/content/first-order-logic/sequent-calculus/soundness.tex,156,editorial/ERRATA.md,42,42,,Latn,jv-Latn-ID,"Name the left-conjunction conclusion, following the case assignment and the immediately preceding satisfaction statement, and record the repair in the same paragraph.",contemporaneous_source_audit,P1-source-or-semantic-review,,,not_a_reader_body_occurrence,Does the repaired final sentence now close the induction case with exactly the displayed conclusion?
JV-D043,difficult_translation_or_source_decision,1,OLP-0081,first-order-logic/sequent-calculus/soundness,upstream/content/first-order-logic/sequent-calculus/soundness.tex,288,translation/content/first-order-logic/sequent-calculus/soundness.tex,266,364,OLP-0081-P017,Latn,jv-Latn-ID,"Use the right-premise sequent Pi sequent Lambda, following the displayed Cut tree and the two-case semantic argument, and record the repair in the same paragraph.",contemporaneous_source_audit,P1-source-or-semantic-review,,,pending_next_accepted_reader_pagination,Does the repaired formula express exactly the condition needed to satisfy the displayed right premise when A is true?
JV-D043,difficult_translation_or_source_decision,2,OLP-0081,editorial/ERRATA.md,upstream/content/first-order-logic/sequent-calculus/soundness.tex,288,editorial/ERRATA.md,42,42,,Latn,jv-Latn-ID,"Use the right-premise sequent Pi sequent Lambda, following the displayed Cut tree and the two-case semantic argument, and record the repair in the same paragraph.",contemporaneous_source_audit,P1-source-or-semantic-review,,,not_a_reader_body_occurrence,Does the repaired formula express exactly the condition needed to satisfy the displayed right premise when A is true?
JV-D044,difficult_translation_or_source_decision,1,OLP-0085,first-order-logic/natural-deduction/rules-and-proofs,upstream/content/first-order-logic/natural-deduction/rules-and-proofs.tex,33,translation/content/first-order-logic/natural-deduction/rules-and-proofs.tex,30,45,OLP-0085-P008,Latn,jv-Latn-ID,"Use sentence for the upper nodes, following both surrounding node-type statements, and record the repair in the same paragraph.",contemporaneous_source_audit,P1-source-or-semantic-review,,,pending_next_accepted_reader_pagination,Does the repaired node noun make the sentence-tree definition internally consistent without changing the rule condition?
JV-D044,difficult_translation_or_source_decision,2,OLP-0085,editorial/ERRATA.md,upstream/content/first-order-logic/natural-deduction/rules-and-proofs.tex,33,editorial/ERRATA.md,43,43,,Latn,jv-Latn-ID,"Use sentence for the upper nodes, following both surrounding node-type statements, and record the repair in the same paragraph.",contemporaneous_source_audit,P1-source-or-semantic-review,,,not_a_reader_body_occurrence,Does the repaired node noun make the sentence-tree definition internally consistent without changing the rule condition?
JV-D045,difficult_translation_or_source_decision,1,OLP-0087,first-order-logic/natural-deduction/quantifier-rules,upstream/content/first-order-logic/natural-deduction/quantifier-rules.tex,58,translation/content/first-order-logic/natural-deduction/quantifier-rules.tex,58,65,OLP-0087-P012,Latn,jv-Latn-ID,"State the rule-specific conclusion, existential-premise and open-assumption exclusions already given in the detailed clauses, and record the repair beside the summary.",contemporaneous_source_audit,P1-source-or-semantic-review,,,pending_next_accepted_reader_pagination,Does the revised summary distinguish the two eigenvariable conditions while retaining every required freshness restriction?
JV-D045,difficult_translation_or_source_decision,2,OLP-0087,editorial/ERRATA.md,upstream/content/first-order-logic/natural-deduction/quantifier-rules.tex,58,editorial/ERRATA.md,44,44,,Latn,jv-Latn-ID,"State the rule-specific conclusion, existential-premise and open-assumption exclusions already given in the detailed clauses, and record the repair beside the summary.",contemporaneous_source_audit,P1-source-or-semantic-review,,,not_a_reader_body_occurrence,Does the revised summary distinguish the two eigenvariable conditions while retaining every required freshness restriction?
JV-D046,difficult_translation_or_source_decision,1,OLP-0089,first-order-logic/natural-deduction/proving-things,upstream/content/first-order-logic/natural-deduction/proving-things.tex,133,translation/content/first-order-logic/natural-deduction/proving-things.tex,116,154,OLP-0089-P013,Latn,jv-Latn-ID,"Use negation elimination, following the identical partial tree and the rule definition, and record the repair immediately after the completed tree.",contemporaneous_source_audit,P1-source-or-semantic-review,,,pending_next_accepted_reader_pagination,"Does the corrected label now agree with the two premises, falsum conclusion and preceding partial derivation?"
JV-D046,difficult_translation_or_source_decision,2,OLP-0089,editorial/ERRATA.md,upstream/content/first-order-logic/natural-deduction/proving-things.tex,133,editorial/ERRATA.md,45,45,,Latn,jv-Latn-ID,"Use negation elimination, following the identical partial tree and the rule definition, and record the repair immediately after the completed tree.",contemporaneous_source_audit,P1-source-or-semantic-review,,,not_a_reader_body_occurrence,"Does the corrected label now agree with the two premises, falsum conclusion and preceding partial derivation?"
JV-D047,difficult_translation_or_source_decision,1,OLP-0089,first-order-logic/natural-deduction/proving-things,upstream/content/first-order-logic/natural-deduction/proving-things.tex,118,translation/content/first-order-logic/natural-deduction/proving-things.tex,116,154,OLP-0089-P013,Latn,jv-Latn-ID,Use right for that branch and record the directional repair in the same paragraph.,contemporaneous_source_audit,P1-source-or-semantic-review,,,pending_next_accepted_reader_pagination,Does the repaired direction identify the branch containing the B assumption unambiguously?
JV-D047,difficult_translation_or_source_decision,2,OLP-0089,editorial/ERRATA.md,upstream/content/first-order-logic/natural-deduction/proving-things.tex,118,editorial/ERRATA.md,45,45,,Latn,jv-Latn-ID,Use right for that branch and record the directional repair in the same paragraph.,contemporaneous_source_audit,P1-source-or-semantic-review,,,not_a_reader_body_occurrence,Does the repaired direction identify the branch containing the B assumption unambiguously?
JV-D048,difficult_translation_or_source_decision,1,OLP-0090,first-order-logic/natural-deduction/proving-things-quant,upstream/content/first-order-logic/natural-deduction/proving-things-quant.tex,39,translation/content/first-order-logic/natural-deduction/proving-things-quant.tex,20,90,OLP-0090-P007,Latn,jv-Latn-ID,"Restore the negated existential premise, following the requested implication and every proof tree, and note that its constant set is unchanged.",contemporaneous_source_audit,P1-source-or-semantic-review,,,pending_next_accepted_reader_pagination,Does the restored negation make the eigenvariable discussion agree with the proof while preserving the same freshness result?
JV-D048,difficult_translation_or_source_decision,2,OLP-0090,editorial/ERRATA.md,upstream/content/first-order-logic/natural-deduction/proving-things-quant.tex,39,editorial/ERRATA.md,46,46,,Latn,jv-Latn-ID,"Restore the negated existential premise, following the requested implication and every proof tree, and note that its constant set is unchanged.",contemporaneous_source_audit,P1-source-or-semantic-review,,,not_a_reader_body_occurrence,Does the restored negation make the eigenvariable discussion agree with the proof while preserving the same freshness result?
JV-D049,difficult_translation_or_source_decision,1,OLP-0098,first-order-logic/tableaux/tableaux,upstream/content/first-order-logic/tableaux/tableaux.tex,15,translation/content/first-order-logic/tableaux/tableaux.tex,15,19,OLP-0098-P006,Latn,jv-Latn-ID,"Name tableaux as the proof system, following the chapter path, tag name and thirteen imported tableau sections.",contemporaneous_source_audit,P1-source-or-semantic-review,,,pending_next_accepted_reader_pagination,Does the repaired guidance now identify the tag-controlled proof system without changing its scope?
JV-D049,difficult_translation_or_source_decision,2,OLP-0098,editorial/ERRATA.md,upstream/content/first-order-logic/tableaux/tableaux.tex,15,editorial/ERRATA.md,47,47,,Latn,jv-Latn-ID,"Name tableaux as the proof system, following the chapter path, tag name and thirteen imported tableau sections.",contemporaneous_source_audit,P1-source-or-semantic-review,,,not_a_reader_body_occurrence,Does the repaired guidance now identify the tag-controlled proof system without changing its scope?
JV-D050,difficult_translation_or_source_decision,1,OLP-0101,first-order-logic/tableaux/quantifier-rules,upstream/content/first-order-logic/tableaux/quantifier-rules.tex,80,translation/content/first-order-logic/tableaux/quantifier-rules.tex,82,114,OLP-0101-P014,Latn,jv-Latn-ID,"State that there is no eigenvariable restriction on the choice of a closed term, retaining both the closure requirement and the intended contrast with fresh-constant rules.",contemporaneous_source_audit,P1-source-or-semantic-review,,,pending_next_accepted_reader_pagination,Does the qualification clearly preserve arbitrary choice among closed terms while distinguishing the eigenvariable rules?
JV-D050,difficult_translation_or_source_decision,2,OLP-0101,editorial/ERRATA.md,upstream/content/first-order-logic/tableaux/quantifier-rules.tex,80,editorial/ERRATA.md,48,48,,Latn,jv-Latn-ID,"State that there is no eigenvariable restriction on the choice of a closed term, retaining both the closure requirement and the intended contrast with fresh-constant rules.",contemporaneous_source_audit,P1-source-or-semantic-review,,,not_a_reader_body_occurrence,Does the qualification clearly preserve arbitrary choice among closed terms while distinguishing the eigenvariable rules?
JV-D051,difficult_translation_or_source_decision,1,OLP-0103,first-order-logic/tableaux/proving-things,upstream/content/first-order-logic/tableaux/proving-things.tex,439,translation/content/first-order-logic/tableaux/proving-things.tex,431,451,OLP-0103-P016,Latn,jv-Latn-ID,"Split the two sentences into separate true signed formulas, following the definition, parallel exercises and intended closure.",contemporaneous_source_audit,P1-source-or-semantic-review,,,pending_next_accepted_reader_pagination,Does the repaired exercise now present three well-formed signed assumptions with the intended signs?
JV-D051,difficult_translation_or_source_decision,2,OLP-0103,editorial/ERRATA.md,upstream/content/first-order-logic/tableaux/proving-things.tex,439,editorial/ERRATA.md,49,49,,Latn,jv-Latn-ID,"Split the two sentences into separate true signed formulas, following the definition, parallel exercises and intended closure.",contemporaneous_source_audit,P1-source-or-semantic-review,,,not_a_reader_body_occurrence,Does the repaired exercise now present three well-formed signed assumptions with the intended signs?
JV-D052,difficult_translation_or_source_decision,1,OLP-0105,first-order-logic/tableaux/proof-theoretic-notions,upstream/content/first-order-logic/tableaux/proof-theoretic-notions.tex,105,translation/content/first-order-logic/tableaux/proof-theoretic-notions.tex,102,116,OLP-0105-P016,Latn,jv-Latn-ID,"State that each D_i belongs to Gamma, following the finite-premise definition and the assumptions used in the combined tableau.",contemporaneous_source_audit,P1-source-or-semantic-review,,,pending_next_accepted_reader_pagination,Does the membership repair make the premise type clear while preserving the exact finite list used by the proof?
JV-D052,difficult_translation_or_source_decision,2,OLP-0105,editorial/ERRATA.md,upstream/content/first-order-logic/tableaux/proof-theoretic-notions.tex,105,editorial/ERRATA.md,50,50,,Latn,jv-Latn-ID,"State that each D_i belongs to Gamma, following the finite-premise definition and the assumptions used in the combined tableau.",contemporaneous_source_audit,P1-source-or-semantic-review,,,not_a_reader_body_occurrence,Does the membership repair make the premise type clear while preserving the exact finite list used by the proof?
JV-D053,difficult_translation_or_source_decision,1,OLP-0106,first-order-logic/tableaux/provability-consistency,upstream/content/first-order-logic/tableaux/provability-consistency.tex,26,translation/content/first-order-logic/tableaux/provability-consistency.tex,24,43,OLP-0106-P008,Latn,jv-Latn-ID,"Use C_m as the second terminal index, leaving the first B_n list independent.",contemporaneous_source_audit,P1-source-or-semantic-review,,,pending_next_accepted_reader_pagination,Does the repaired index clearly preserve two independently sized finite premise sets?
JV-D053,difficult_translation_or_source_decision,2,OLP-0106,editorial/ERRATA.md,upstream/content/first-order-logic/tableaux/provability-consistency.tex,26,editorial/ERRATA.md,51,51,,Latn,jv-Latn-ID,"Use C_m as the second terminal index, leaving the first B_n list independent.",contemporaneous_source_audit,P1-source-or-semantic-review,,,not_a_reader_body_occurrence,Does the repaired index clearly preserve two independently sized finite premise sets?
JV-D054,difficult_translation_or_source_decision,1,OLP-0106,first-order-logic/tableaux/provability-consistency,upstream/content/first-order-logic/tableaux/provability-consistency.tex,92,translation/content/first-order-logic/tableaux/provability-consistency.tex,92,112,OLP-0106-P014,Latn,jv-Latn-ID,"Apply true-negation to the replacement true-not-A assumption, insert false A after all n+1 assumptions, and cite it as line n+2; omit the stray control-space.",contemporaneous_source_audit,P1-source-or-semantic-review,,,pending_next_accepted_reader_pagination,Does the repaired description uniquely identify the true-negation step and the inserted result line without changing the proof strategy?
JV-D054,difficult_translation_or_source_decision,2,OLP-0106,editorial/ERRATA.md,upstream/content/first-order-logic/tableaux/provability-consistency.tex,92,editorial/ERRATA.md,51,51,,Latn,jv-Latn-ID,"Apply true-negation to the replacement true-not-A assumption, insert false A after all n+1 assumptions, and cite it as line n+2; omit the stray control-space.",contemporaneous_source_audit,P1-source-or-semantic-review,,,not_a_reader_body_occurrence,Does the repaired description uniquely identify the true-negation step and the inserted result line without changing the proof strategy?
JV-D055,difficult_translation_or_source_decision,1,OLP-0107,first-order-logic/tableaux/provability-propositional,upstream/content/first-order-logic/tableaux/provability-propositional.tex,43,translation/content/first-order-logic/tableaux/provability-propositional.tex,35,78,OLP-0107-P009,Latn,jv-Latn-ID,"Give each node the standard two arguments: the true or false sign, followed by A or B as the formula.",contemporaneous_source_audit,P1-source-or-semantic-review,,,pending_next_accepted_reader_pagination,Do the eight repaired nodes now instantiate exactly the conjunction and disjunction tableau rules shown by their parents?
JV-D055,difficult_translation_or_source_decision,2,OLP-0107,editorial/ERRATA.md,upstream/content/first-order-logic/tableaux/provability-propositional.tex,43,editorial/ERRATA.md,52,52,,Latn,jv-Latn-ID,"Give each node the standard two arguments: the true or false sign, followed by A or B as the formula.",contemporaneous_source_audit,P1-source-or-semantic-review,,,not_a_reader_body_occurrence,Do the eight repaired nodes now instantiate exactly the conjunction and disjunction tableau rules shown by their parents?
JV-D056,difficult_translation_or_source_decision,1,OLP-0109,first-order-logic/tableaux/soundness,upstream/content/first-order-logic/tableaux/soundness.tex,128,translation/content/first-order-logic/tableaux/soundness.tex,129,139,OLP-0109-P015,Latn,jv-Latn-ID,"Use A consistently in the quantified premises and satisfaction statements, following each rule result and all subsequent extensionality steps.",contemporaneous_source_audit,P1-source-or-semantic-review,,,pending_next_accepted_reader_pagination,Does the uniform A schema make both universal soundness cases bind the same formula from premise through result?
JV-D056,difficult_translation_or_source_decision,2,OLP-0109,editorial/ERRATA.md,upstream/content/first-order-logic/tableaux/soundness.tex,128,editorial/ERRATA.md,53,53,,Latn,jv-Latn-ID,"Use A consistently in the quantified premises and satisfaction statements, following each rule result and all subsequent extensionality steps.",contemporaneous_source_audit,P1-source-or-semantic-review,,,not_a_reader_body_occurrence,Does the uniform A schema make both universal soundness cases bind the same formula from premise through result?
JV-D057,difficult_translation_or_source_decision,1,OLP-0110,first-order-logic/tableaux/identity,upstream/content/first-order-logic/tableaux/identity.tex,69,translation/content/first-order-logic/tableaux/identity.tex,57,77,OLP-0110-P009,Latn,jv-Latn-ID,"Use A(s_1) for line 3, following A(x)=x=s_1; retain A(s_2) for the derived symmetric conclusion.",contemporaneous_source_audit,P1-source-or-semantic-review,,,pending_next_accepted_reader_pagination,Does the repaired instance track the substitution variable and distinguish line 3 from the conclusion?
JV-D057,difficult_translation_or_source_decision,2,OLP-0110,editorial/ERRATA.md,upstream/content/first-order-logic/tableaux/identity.tex,69,editorial/ERRATA.md,54,54,,Latn,jv-Latn-ID,"Use A(s_1) for line 3, following A(x)=x=s_1; retain A(s_2) for the derived symmetric conclusion.",contemporaneous_source_audit,P1-source-or-semantic-review,,,not_a_reader_body_occurrence,Does the repaired instance track the substitution variable and distinguish line 3 from the conclusion?
JV-D058,difficult_translation_or_source_decision,1,OLP-0110,first-order-logic/tableaux/identity,upstream/content/first-order-logic/tableaux/identity.tex,89,translation/content/first-order-logic/tableaux/identity.tex,79,102,OLP-0110-P010,Latn,jv-Latn-ID,"Name line 2 as s_1=s_2, following A(x)=s_1=x and the displayed tableau; keep t_1=s_2 and t_2=s_3 for line 3.",contemporaneous_source_audit,P1-source-or-semantic-review,,,pending_next_accepted_reader_pagination,Does the repaired formula preserve both the rule metavariable assignment and the distinct substitution instance on line 2?
JV-D058,difficult_translation_or_source_decision,2,OLP-0110,editorial/ERRATA.md,upstream/content/first-order-logic/tableaux/identity.tex,89,editorial/ERRATA.md,54,54,,Latn,jv-Latn-ID,"Name line 2 as s_1=s_2, following A(x)=s_1=x and the displayed tableau; keep t_1=s_2 and t_2=s_3 for line 3.",contemporaneous_source_audit,P1-source-or-semantic-review,,,not_a_reader_body_occurrence,Does the repaired formula preserve both the rule metavariable assignment and the distinct substitution instance on line 2?
JV-D059,difficult_translation_or_source_decision,1,OLP-0111,first-order-logic/tableaux/soundness-identity,upstream/content/first-order-logic/tableaux/soundness-identity.tex,31,translation/content/first-order-logic/tableaux/soundness-identity.tex,30,49,OLP-0111-P009,Latn,jv-Latn-ID,"Use the true sign fixed by the named rule, its two true premises and the satisfaction proof; leave the false case separate.",contemporaneous_source_audit,P1-source-or-semantic-review,,,pending_next_accepted_reader_pagination,Does the repaired sign make the result match the exact identity rule whose satisfiability is established?
JV-D059,difficult_translation_or_source_decision,2,OLP-0111,editorial/ERRATA.md,upstream/content/first-order-logic/tableaux/soundness-identity.tex,31,editorial/ERRATA.md,55,55,,Latn,jv-Latn-ID,"Use the true sign fixed by the named rule, its two true premises and the satisfaction proof; leave the false case separate.",contemporaneous_source_audit,P1-source-or-semantic-review,,,not_a_reader_body_occurrence,Does the repaired sign make the result match the exact identity rule whose satisfiability is established?
JV-D060,difficult_translation_or_source_decision,1,OLP-0113,first-order-logic/axiomatic-deduction/rules-and-proofs,upstream/content/first-order-logic/axiomatic-deduction/rules-and-proofs.tex,40,translation/content/first-order-logic/axiomatic-deduction/rules-and-proofs.tex,38,45,OLP-0113-P008,Latn,jv-Latn-ID,"Restore !A_i, following the finite-sequence definition immediately above and every indexed formula in the later expansion.",contemporaneous_source_audit,P1-source-or-semantic-review,,,pending_next_accepted_reader_pagination,Does the restored marker make the explanatory step agree with the exact formula-metavariable notation used throughout the section?
JV-D060,difficult_translation_or_source_decision,2,OLP-0113,editorial/ERRATA.md,upstream/content/first-order-logic/axiomatic-deduction/rules-and-proofs.tex,40,editorial/ERRATA.md,56,56,,Latn,jv-Latn-ID,"Restore !A_i, following the finite-sequence definition immediately above and every indexed formula in the later expansion.",contemporaneous_source_audit,P1-source-or-semantic-review,,,not_a_reader_body_occurrence,Does the restored marker make the explanatory step agree with the exact formula-metavariable notation used throughout the section?
JV-D061,difficult_translation_or_source_decision,1,OLP-0118,first-order-logic/axiomatic-deduction/proof-theoretic-notions,upstream/content/first-order-logic/axiomatic-deduction/proof-theoretic-notions.tex,82,translation/content/first-order-logic/axiomatic-deduction/proof-theoretic-notions.tex,69,88,OLP-0118-P015,Latn,jv-Latn-ID,"Restore !B_i and say it inherits the same justification basis, which may be axiomhood, premise membership or an inference rule.",contemporaneous_source_audit,P1-source-or-semantic-review,,,pending_next_accepted_reader_pagination,Does the repaired sentence cover exactly the three justification cases enumerated immediately before the concatenated derivation?
JV-D061,difficult_translation_or_source_decision,2,OLP-0118,editorial/ERRATA.md,upstream/content/first-order-logic/axiomatic-deduction/proof-theoretic-notions.tex,82,editorial/ERRATA.md,57,57,,Latn,jv-Latn-ID,"Restore !B_i and say it inherits the same justification basis, which may be axiomhood, premise membership or an inference rule.",contemporaneous_source_audit,P1-source-or-semantic-review,,,not_a_reader_body_occurrence,Does the repaired sentence cover exactly the three justification cases enumerated immediately before the concatenated derivation?
JV-D062,difficult_translation_or_source_decision,1,OLP-0118,first-order-logic/axiomatic-deduction/proof-theoretic-notions,upstream/content/first-order-logic/axiomatic-deduction/proof-theoretic-notions.tex,127,translation/content/first-order-logic/axiomatic-deduction/proof-theoretic-notions.tex,127,143,OLP-0118-P022,Latn,jv-Latn-ID,"Refer to any allowed inference rule, since shrinking Gamma preserves the quantified rules freshness restrictions as well as modus ponens.",contemporaneous_source_audit,P1-source-or-semantic-review,,,pending_next_accepted_reader_pagination,Does the broader rule phrase make the proof valid for both chapter tags without changing its finite-premise argument?
JV-D062,difficult_translation_or_source_decision,2,OLP-0118,editorial/ERRATA.md,upstream/content/first-order-logic/axiomatic-deduction/proof-theoretic-notions.tex,127,editorial/ERRATA.md,57,57,,Latn,jv-Latn-ID,"Refer to any allowed inference rule, since shrinking Gamma preserves the quantified rules freshness restrictions as well as modus ponens.",contemporaneous_source_audit,P1-source-or-semantic-review,,,not_a_reader_body_occurrence,Does the broader rule phrase make the proof valid for both chapter tags without changing its finite-premise argument?
